<?xml version = '1.0' encoding = 'UTF-8'?>
<FRFolder isInternal="false" isBrowsable="false">
   <identifier>ROOTfr</identifier>
   <Author>demoadmin</Author>
   <CreationDate>Tue Jul 17 22:25:37 UTC 2018</CreationDate>
   <Description>Hyperion Root Folder</Description>
   <LastModifiedBy/>
   <LastModifiedDate/>
   <ParentUUID/>
   <Path>/</Path>
   <Name>Root</Name>
   <Type>FOLDER</Type>
   <ACL ACLUUID="WORLD" ACLTYPE="GR" ACLPERMISSION="{http://www.jcp.org/jcr/1.0}read"/>
   <Properties/>
   <Properties size="10">
      <BINARY NAME="Value">ZmFsc2U=</BINARY>
      <Property Name="AUTO_DELETE"/>
      <Property Name="DESCRIPTION" Value="Hyperion Root Folder"/>
      <Property Name="NAME" Value="Root"/>
      <BINARY NAME="Value">ZmFsc2U=</BINARY>
      <Property Name="Value"/>
      <BINARY NAME="Value">MTE=</BINARY>
      <Property Name="fileSize"/>
      <BINARY NAME="Value">TmFtZT1ST09UZnI=</BINARY>
      <Property Name="jcr:data"/>
      <Property Name="fileSize" Value="11"/>
      <Property Name="lastModified" Value="Tue Jul 17 22:25:37 UTC 2018"/>
      <BINARY NAME="Value">AAABi9xo38k=</BINARY>
      <Property Name="jcr:lastModifiedby"/>
      <BINARY NAME="Value">VHVlIEp1bCAxNyAxNToyNTozNyBQRFQgMjAxOA==</BINARY>
      <Property Name="lastModified"/>
   </Properties>
</FRFolder>