<?xml version="1.0" encoding="UTF-8" ?>
 <form xmlns:xsi="http://www.w3.org/2001/XMLSchema-instance" options2="0" suppressMissingRowsNative="false" enableOffline="false" smartForm="true" hide="false" disableSpreading="false" suppressZero="false" calcOnAutoSubmit="false" enableCubeView="false" repeatMemberLabels="false" suppressInvalidScenarioTPs="false" disableSheetProtection="false" planType="1" dir="Forms/Smart Forms" autoSubmit="false" readOnly="false" enableFlexForm="false" nativeSuppressMissingRowsOfSmartPush="false" runSmartPushAsynchronously="false" globalAssumptions="false" disableFormatting="false" name="New Smart Form" >
 <query>
 <columns width="100" >
 <segment>
 <dimension displayMemberFormulaDesc="false" name="Year" allowFlexibleDefinition="false" displayAlias="true" applyToAllDim="false" displayMemberFormula="false" dimWidth="0" hide="false" showQualifiedName="never" drillOnSharedMbrs="false" displayName="false" expand="true" displayConsolidationOperators="false" showCurrency="false" >
 <member name="FY17" selectionType="Auto" />
 <member name="FY18" selectionType="Auto" />
</dimension>
</segment>
 <segment>
 <dimension displayMemberFormulaDesc="false" name="Year" allowFlexibleDefinition="false" displayAlias="true" applyToAllDim="false" displayMemberFormula="false" dimWidth="0" hide="false" showQualifiedName="never" drillOnSharedMbrs="false" displayName="false" expand="true" displayConsolidationOperators="false" showCurrency="false" >
 <function name="VirtualMemberFormula" offset="0" >
 <member location="2.0" name="Year" label="YOY" selectionType="Auto" />
 <formulaSegments>
 <formulaSegment>
 <frmMbrTuple>
 <mbr name="Capital Expenditures" segment="1.0" dim="Account" />
</frmMbrTuple>
 <formula><![CDATA[=C2-B2]]></formula>
 <type>double</type>
</formulaSegment>
 <formulaSegment>
 <frmMbrTuple>
 <mbr name="CapEx: Land" segment="1.0" dim="Account" />
</frmMbrTuple>
 <formula><![CDATA[=C3-B3]]></formula>
 <type>double</type>
</formulaSegment>
 <formulaSegment>
 <frmMbrTuple>
 <mbr name="CapEx: Building and Improvements" segment="1.0" dim="Account" />
</frmMbrTuple>
 <formula><![CDATA[=C4-B4]]></formula>
 <type>double</type>
</formulaSegment>
 <formulaSegment>
 <frmMbrTuple>
 <mbr name="CapEx: Machinery and Equipment" segment="1.0" dim="Account" />
</frmMbrTuple>
 <formula><![CDATA[=C5-B5]]></formula>
 <type>double</type>
</formulaSegment>
 <formulaSegment>
 <frmMbrTuple>
 <mbr name="CapEx: Furniture" segment="1.0" dim="Account" />
</frmMbrTuple>
 <formula><![CDATA[=C6-B6]]></formula>
 <type>double</type>
</formulaSegment>
 <formulaSegment>
 <frmMbrTuple>
 <mbr name="CapEx: Vehicles" segment="1.0" dim="Account" />
</frmMbrTuple>
 <formula><![CDATA[=C7-B7]]></formula>
 <type>double</type>
</formulaSegment>
 <formulaSegment>
 <frmMbrTuple>
 <mbr name="CapEx: Computers and Software" segment="1.0" dim="Account" />
</frmMbrTuple>
 <formula><![CDATA[=C8-B8]]></formula>
 <type>double</type>
</formulaSegment>
 <formulaSegment>
 <frmMbrTuple>
 <mbr name="CapEx: Intangible Assets" segment="1.0" dim="Account" />
</frmMbrTuple>
 <formula><![CDATA[=C9-B9]]></formula>
 <type>double</type>
</formulaSegment>
</formulaSegments>
</function>
</dimension>
</segment>
 <segment>
 <dimension displayMemberFormulaDesc="false" name="Year" allowFlexibleDefinition="false" displayAlias="true" applyToAllDim="false" displayMemberFormula="false" dimWidth="0" hide="false" showQualifiedName="never" drillOnSharedMbrs="false" displayName="false" expand="true" displayConsolidationOperators="false" showCurrency="false" >
 <function name="VirtualMemberFormula" offset="0" >
 <member location="3.0" name="Year" label="YOY %" selectionType="Auto" />
 <formulaSegments>
 <formulaSegment>
 <frmMbrTuple>
 <mbr name="Capital Expenditures" segment="1.0" dim="Account" />
</frmMbrTuple>
 <formula><![CDATA[=D2/B2]]></formula>
 <type>42</type>
</formulaSegment>
 <formulaSegment>
 <frmMbrTuple>
 <mbr name="CapEx: Land" segment="1.0" dim="Account" />
</frmMbrTuple>
 <formula><![CDATA[=D3/B3]]></formula>
 <type>42</type>
</formulaSegment>
 <formulaSegment>
 <frmMbrTuple>
 <mbr name="CapEx: Building and Improvements" segment="1.0" dim="Account" />
</frmMbrTuple>
 <formula><![CDATA[=D4/B4]]></formula>
 <type>42</type>
</formulaSegment>
 <formulaSegment>
 <frmMbrTuple>
 <mbr name="CapEx: Machinery and Equipment" segment="1.0" dim="Account" />
</frmMbrTuple>
 <formula><![CDATA[=D5/B5]]></formula>
 <type>42</type>
</formulaSegment>
 <formulaSegment>
 <frmMbrTuple>
 <mbr name="CapEx: Furniture" segment="1.0" dim="Account" />
</frmMbrTuple>
 <formula><![CDATA[=D6/B6]]></formula>
 <type>42</type>
</formulaSegment>
 <formulaSegment>
 <frmMbrTuple>
 <mbr name="CapEx: Vehicles" segment="1.0" dim="Account" />
</frmMbrTuple>
 <formula><![CDATA[=D7/B7]]></formula>
 <type>42</type>
</formulaSegment>
 <formulaSegment>
 <frmMbrTuple>
 <mbr name="CapEx: Computers and Software" segment="1.0" dim="Account" />
</frmMbrTuple>
 <formula><![CDATA[=D8/B8]]></formula>
 <type>42</type>
</formulaSegment>
 <formulaSegment>
 <frmMbrTuple>
 <mbr name="CapEx: Intangible Assets" segment="1.0" dim="Account" />
</frmMbrTuple>
 <formula><![CDATA[=D9/B9]]></formula>
 <type>42</type>
</formulaSegment>
</formulaSegments>
</function>
</dimension>
</segment>
</columns>
 <rows height="22" >
 <segment>
 <dimension displayMemberFormulaDesc="false" name="Account" allowFlexibleDefinition="false" displayAlias="true" applyToAllDim="false" displayMemberFormula="false" dimWidth="0" hide="false" enableDropdown="false" showQualifiedName="never" drillOnSharedMbrs="false" displayName="false" expand="true" displayConsolidationOperators="false" showCurrency="false" >
 <member name="Capital Expenditures" selectionType="Auto" />
 <member name="CapEx: Land" selectionType="Auto" />
 <member name="CapEx: Building and Improvements" selectionType="Auto" />
 <member name="CapEx: Machinery and Equipment" selectionType="Auto" />
 <member name="CapEx: Furniture" selectionType="Auto" />
 <member name="CapEx: Vehicles" selectionType="Auto" />
 <member name="CapEx: Computers and Software" selectionType="Auto" />
 <member name="CapEx: Intangible Assets" selectionType="Auto" />
</dimension>
</segment>
 <segment>
 <dimension displayMemberFormulaDesc="false" name="Account" allowFlexibleDefinition="false" displayAlias="true" applyToAllDim="false" displayMemberFormula="false" dimWidth="0" hide="false" enableDropdown="false" showQualifiedName="never" drillOnSharedMbrs="false" displayName="false" expand="true" displayConsolidationOperators="false" showCurrency="false" >
 <function name="VirtualMemberFormula" offset="0" >
 <member location="4.0" name="Account" label="% Land to Capital" selectionType="Auto" />
 <formulaSegments>
 <formulaSegment>
 <frmMbrTuple>
 <mbr name="FY17" segment="1.0" dim="Year" />
</frmMbrTuple>
 <formula><![CDATA[=B3/B2]]></formula>
 <type>42</type>
</formulaSegment>
 <formulaSegment>
 <frmMbrTuple>
 <mbr name="FY18" segment="1.0" dim="Year" />
</frmMbrTuple>
 <formula><![CDATA[=C3/C2]]></formula>
 <type>42</type>
</formulaSegment>
 <formulaSegment>
 <frmMbrTuple>
 <mbr name="Year" segment="2.0" dim="Year" />
</frmMbrTuple>
 <formula><![CDATA[=D3/D2]]></formula>
 <type>42</type>
</formulaSegment>
 <formulaSegment>
 <frmMbrTuple>
 <mbr name="Year" segment="3.0" dim="Year" />
</frmMbrTuple>
 <formula><![CDATA[=E3/E2]]></formula>
 <type>42</type>
</formulaSegment>
</formulaSegments>
</function>
</dimension>
</segment>
</rows>
 <pov dynamicUVs="Period,HSP_View,Scenario,Version,Entity,Product" >
 <dynamicUV>Period</dynamicUV>
 <dynamicUV>HSP_View</dynamicUV>
 <dynamicUV>Scenario</dynamicUV>
 <dynamicUV>Version</dynamicUV>
 <dynamicUV>Entity</dynamicUV>
 <dynamicUV>Product</dynamicUV>
 <dimension displayMemberFormulaDesc="false" name="Period" allowFlexibleDefinition="false" displayAlias="true" applyToAllDim="false" displayMemberFormula="false" dimWidth="0" hide="true" showQualifiedName="never" drillOnSharedMbrs="false" displayName="false" displayConsolidationOperators="false" showCurrency="false" >
 <member name="&amp;Period" selectionType="Auto" visible="true" />
</dimension>
 <dimension displayMemberFormulaDesc="false" name="HSP_View" allowFlexibleDefinition="false" displayAlias="true" applyToAllDim="false" displayMemberFormula="false" dimWidth="0" hide="true" showQualifiedName="never" drillOnSharedMbrs="false" displayName="false" displayConsolidationOperators="false" showCurrency="false" >
 <member name="&amp;HSP_View" selectionType="Auto" visible="true" />
</dimension>
 <dimension displayMemberFormulaDesc="false" name="Scenario" allowFlexibleDefinition="false" displayAlias="true" applyToAllDim="false" displayMemberFormula="false" dimWidth="0" hide="true" showQualifiedName="never" drillOnSharedMbrs="false" displayName="false" displayConsolidationOperators="false" showCurrency="false" >
 <member name="&amp;Scenario" selectionType="Auto" visible="true" />
</dimension>
 <dimension displayMemberFormulaDesc="false" name="Version" allowFlexibleDefinition="false" displayAlias="true" applyToAllDim="false" displayMemberFormula="false" dimWidth="0" hide="true" showQualifiedName="never" drillOnSharedMbrs="false" displayName="false" displayConsolidationOperators="false" showCurrency="false" >
 <member name="&amp;Version" selectionType="Auto" visible="true" />
</dimension>
 <dimension displayMemberFormulaDesc="false" name="Entity" allowFlexibleDefinition="false" displayAlias="true" applyToAllDim="false" displayMemberFormula="false" dimWidth="0" hide="true" showQualifiedName="never" drillOnSharedMbrs="false" displayName="false" displayConsolidationOperators="false" showCurrency="false" >
 <member name="&amp;Entity" selectionType="Auto" visible="true" />
</dimension>
 <dimension displayMemberFormulaDesc="false" name="Product" allowFlexibleDefinition="false" displayAlias="true" applyToAllDim="false" displayMemberFormula="false" dimWidth="0" hide="true" showQualifiedName="never" drillOnSharedMbrs="false" displayName="false" displayConsolidationOperators="false" showCurrency="false" >
 <member name="&amp;Product" selectionType="Auto" visible="true" />
</dimension>
</pov>
</query>
 <businessRules>
 <businessRule calcType="3" name="CURRENCY" planType="1" />
 <businessRule calcType="3" name="DEFAULT" planType="1" />
</businessRules>
 <displayOptions>
 <precision useCurrencyPrecision="false" nonCurrencyMax="0" nonCurrencyMin="0" currencyMax="0" percentageMax="2" currencyMin="0" percentageMin="0" />
 <display multiCurrency="false" enableMassAllocation="false" enableGridSpread="true" hideSaveConfirmMessage="false" accountAnnotation="false" enableAdHoc="false" poundMissing="true" enableAttributeDisplay="false" enableCellAttach="true" />
 <printOptions>
 <pageSettings pageSize="A4" orientation="0" font="" fontSize="8" rowHeaderPercentage="35" numDataCols="10" />
 <format supportingDetails="false" applyPrecision="false" repeatHeaders="true" reverseSupport="false" formatData="true" />
 <printDisplay currency="true" shading="true" cellNotes="false" attribute="true" accountAnnotation="true" />
</printOptions>
 <smartViewOptions enableForSmartSlice="false" enableOfflineUsage="false" />
</displayOptions>
 <dataValidationRules>
 <dataValidationRulesOptions>
 <RunValidationsAsLoggedInUser>true</RunValidationsAsLoggedInUser>
 <ValidateOnlyForPagesWithBlocks>true</ValidateOnlyForPagesWithBlocks>
 <ValidateOnlyForUsersWithAccessToForm>true</ValidateOnlyForUsersWithAccessToForm>
 <ReplaceUserVarWithPuMember>false</ReplaceUserVarWithPuMember>
 <LoopOverEveryPossiblePuUserVarValue>false</LoopOverEveryPossiblePuUserVarValue>
</dataValidationRulesOptions>
</dataValidationRules>
 <formFormattings>
 <formFormatting userName="[CURRENT_USER]" displayOptions="-2147483646" >
 <dataCellMbrTuples>
 <dataCellMbrTuple>
 <cellStyleId>0</cellStyleId>
 <frmMbrTuple>
 <gridLocation>rows</gridLocation>
 <mbr name="FY17" segment="1.0" dim="Year" />
</frmMbrTuple>
 <frmMbrTuple>
 <gridLocation>columns</gridLocation>
 <mbr name="Capital Expenditures" segment="1.0" dim="Account" />
</frmMbrTuple>
</dataCellMbrTuple>
 <dataCellMbrTuple>
 <cellStyleId>0</cellStyleId>
 <frmMbrTuple>
 <gridLocation>rows</gridLocation>
 <mbr name="Capital Expenditures" segment="1.0" dim="Account" />
</frmMbrTuple>
 <frmMbrTuple>
 <gridLocation>columns</gridLocation>
 <mbr name="Capital Expenditures" segment="1.0" dim="Account" />
</frmMbrTuple>
</dataCellMbrTuple>
 <dataCellMbrTuple>
 <cellStyleId>1</cellStyleId>
 <frmMbrTuple>
 <gridLocation>rows</gridLocation>
 <mbr name="FY17" segment="1.0" dim="Year" />
</frmMbrTuple>
 <frmMbrTuple>
 <gridLocation>columns</gridLocation>
 <mbr name="FY17" segment="1.0" dim="Year" />
</frmMbrTuple>
</dataCellMbrTuple>
 <dataCellMbrTuple>
 <cellStyleId>1</cellStyleId>
 <frmMbrTuple>
 <gridLocation>rows</gridLocation>
 <mbr name="FY18" segment="1.0" dim="Year" />
</frmMbrTuple>
 <frmMbrTuple>
 <gridLocation>columns</gridLocation>
 <mbr name="FY18" segment="1.0" dim="Year" />
</frmMbrTuple>
</dataCellMbrTuple>
 <dataCellMbrTuple>
 <cellStyleId>2</cellStyleId>
 <frmMbrTuple>
 <gridLocation>rows</gridLocation>
 <mbr name="Year" segment="2.0" dim="Year" />
</frmMbrTuple>
 <frmMbrTuple>
 <gridLocation>columns</gridLocation>
 <mbr name="Year" segment="2.0" dim="Year" />
</frmMbrTuple>
</dataCellMbrTuple>
 <dataCellMbrTuple>
 <cellStyleId>2</cellStyleId>
 <frmMbrTuple>
 <gridLocation>rows</gridLocation>
 <mbr name="Year" segment="3.0" dim="Year" />
</frmMbrTuple>
 <frmMbrTuple>
 <gridLocation>columns</gridLocation>
 <mbr name="Year" segment="3.0" dim="Year" />
</frmMbrTuple>
</dataCellMbrTuple>
 <dataCellMbrTuple>
 <cellStyleId>2</cellStyleId>
 <frmMbrTuple>
 <gridLocation>rows</gridLocation>
 <mbr name="Account" segment="4.0" dim="Account" />
</frmMbrTuple>
 <frmMbrTuple>
 <gridLocation>columns</gridLocation>
 <mbr name="Account" segment="4.0" dim="Account" />
</frmMbrTuple>
</dataCellMbrTuple>
 <dataCellMbrTuple>
 <cellStyleId>3</cellStyleId>
 <frmMbrTuple>
 <gridLocation>rows</gridLocation>
 <mbr name="Capital Expenditures" segment="1.0" dim="Account" />
</frmMbrTuple>
 <frmMbrTuple>
 <gridLocation>columns</gridLocation>
 <mbr name="FY17" segment="1.0" dim="Year" />
</frmMbrTuple>
</dataCellMbrTuple>
 <dataCellMbrTuple>
 <cellStyleId>3</cellStyleId>
 <frmMbrTuple>
 <gridLocation>rows</gridLocation>
 <mbr name="Capital Expenditures" segment="1.0" dim="Account" />
</frmMbrTuple>
 <frmMbrTuple>
 <gridLocation>columns</gridLocation>
 <mbr name="FY18" segment="1.0" dim="Year" />
</frmMbrTuple>
</dataCellMbrTuple>
 <dataCellMbrTuple>
 <cellStyleId>4</cellStyleId>
 <frmMbrTuple>
 <gridLocation>rows</gridLocation>
 <mbr name="Capital Expenditures" segment="1.0" dim="Account" />
</frmMbrTuple>
 <frmMbrTuple>
 <gridLocation>columns</gridLocation>
 <mbr name="Year" segment="2.0" dim="Year" />
</frmMbrTuple>
</dataCellMbrTuple>
 <dataCellMbrTuple>
 <cellStyleId>4</cellStyleId>
 <frmMbrTuple>
 <gridLocation>rows</gridLocation>
 <mbr name="CapEx: Land" segment="1.0" dim="Account" />
</frmMbrTuple>
 <frmMbrTuple>
 <gridLocation>columns</gridLocation>
 <mbr name="Year" segment="2.0" dim="Year" />
</frmMbrTuple>
</dataCellMbrTuple>
 <dataCellMbrTuple>
 <cellStyleId>4</cellStyleId>
 <frmMbrTuple>
 <gridLocation>rows</gridLocation>
 <mbr name="CapEx: Building and Improvements" segment="1.0" dim="Account" />
</frmMbrTuple>
 <frmMbrTuple>
 <gridLocation>columns</gridLocation>
 <mbr name="Year" segment="2.0" dim="Year" />
</frmMbrTuple>
</dataCellMbrTuple>
 <dataCellMbrTuple>
 <cellStyleId>4</cellStyleId>
 <frmMbrTuple>
 <gridLocation>rows</gridLocation>
 <mbr name="CapEx: Machinery and Equipment" segment="1.0" dim="Account" />
</frmMbrTuple>
 <frmMbrTuple>
 <gridLocation>columns</gridLocation>
 <mbr name="Year" segment="2.0" dim="Year" />
</frmMbrTuple>
</dataCellMbrTuple>
 <dataCellMbrTuple>
 <cellStyleId>4</cellStyleId>
 <frmMbrTuple>
 <gridLocation>rows</gridLocation>
 <mbr name="CapEx: Furniture" segment="1.0" dim="Account" />
</frmMbrTuple>
 <frmMbrTuple>
 <gridLocation>columns</gridLocation>
 <mbr name="Year" segment="2.0" dim="Year" />
</frmMbrTuple>
</dataCellMbrTuple>
 <dataCellMbrTuple>
 <cellStyleId>4</cellStyleId>
 <frmMbrTuple>
 <gridLocation>rows</gridLocation>
 <mbr name="CapEx: Vehicles" segment="1.0" dim="Account" />
</frmMbrTuple>
 <frmMbrTuple>
 <gridLocation>columns</gridLocation>
 <mbr name="Year" segment="2.0" dim="Year" />
</frmMbrTuple>
</dataCellMbrTuple>
 <dataCellMbrTuple>
 <cellStyleId>4</cellStyleId>
 <frmMbrTuple>
 <gridLocation>rows</gridLocation>
 <mbr name="CapEx: Computers and Software" segment="1.0" dim="Account" />
</frmMbrTuple>
 <frmMbrTuple>
 <gridLocation>columns</gridLocation>
 <mbr name="Year" segment="2.0" dim="Year" />
</frmMbrTuple>
</dataCellMbrTuple>
 <dataCellMbrTuple>
 <cellStyleId>4</cellStyleId>
 <frmMbrTuple>
 <gridLocation>rows</gridLocation>
 <mbr name="CapEx: Intangible Assets" segment="1.0" dim="Account" />
</frmMbrTuple>
 <frmMbrTuple>
 <gridLocation>columns</gridLocation>
 <mbr name="Year" segment="2.0" dim="Year" />
</frmMbrTuple>
</dataCellMbrTuple>
 <dataCellMbrTuple>
 <cellStyleId>5</cellStyleId>
 <frmMbrTuple>
 <gridLocation>rows</gridLocation>
 <mbr name="Capital Expenditures" segment="1.0" dim="Account" />
</frmMbrTuple>
 <frmMbrTuple>
 <gridLocation>columns</gridLocation>
 <mbr name="Year" segment="3.0" dim="Year" />
</frmMbrTuple>
</dataCellMbrTuple>
 <dataCellMbrTuple>
 <cellStyleId>5</cellStyleId>
 <frmMbrTuple>
 <gridLocation>rows</gridLocation>
 <mbr name="CapEx: Land" segment="1.0" dim="Account" />
</frmMbrTuple>
 <frmMbrTuple>
 <gridLocation>columns</gridLocation>
 <mbr name="Year" segment="3.0" dim="Year" />
</frmMbrTuple>
</dataCellMbrTuple>
 <dataCellMbrTuple>
 <cellStyleId>5</cellStyleId>
 <frmMbrTuple>
 <gridLocation>rows</gridLocation>
 <mbr name="CapEx: Building and Improvements" segment="1.0" dim="Account" />
</frmMbrTuple>
 <frmMbrTuple>
 <gridLocation>columns</gridLocation>
 <mbr name="Year" segment="3.0" dim="Year" />
</frmMbrTuple>
</dataCellMbrTuple>
 <dataCellMbrTuple>
 <cellStyleId>5</cellStyleId>
 <frmMbrTuple>
 <gridLocation>rows</gridLocation>
 <mbr name="CapEx: Machinery and Equipment" segment="1.0" dim="Account" />
</frmMbrTuple>
 <frmMbrTuple>
 <gridLocation>columns</gridLocation>
 <mbr name="Year" segment="3.0" dim="Year" />
</frmMbrTuple>
</dataCellMbrTuple>
 <dataCellMbrTuple>
 <cellStyleId>5</cellStyleId>
 <frmMbrTuple>
 <gridLocation>rows</gridLocation>
 <mbr name="CapEx: Furniture" segment="1.0" dim="Account" />
</frmMbrTuple>
 <frmMbrTuple>
 <gridLocation>columns</gridLocation>
 <mbr name="Year" segment="3.0" dim="Year" />
</frmMbrTuple>
</dataCellMbrTuple>
 <dataCellMbrTuple>
 <cellStyleId>5</cellStyleId>
 <frmMbrTuple>
 <gridLocation>rows</gridLocation>
 <mbr name="CapEx: Vehicles" segment="1.0" dim="Account" />
</frmMbrTuple>
 <frmMbrTuple>
 <gridLocation>columns</gridLocation>
 <mbr name="Year" segment="3.0" dim="Year" />
</frmMbrTuple>
</dataCellMbrTuple>
 <dataCellMbrTuple>
 <cellStyleId>5</cellStyleId>
 <frmMbrTuple>
 <gridLocation>rows</gridLocation>
 <mbr name="CapEx: Computers and Software" segment="1.0" dim="Account" />
</frmMbrTuple>
 <frmMbrTuple>
 <gridLocation>columns</gridLocation>
 <mbr name="Year" segment="3.0" dim="Year" />
</frmMbrTuple>
</dataCellMbrTuple>
 <dataCellMbrTuple>
 <cellStyleId>5</cellStyleId>
 <frmMbrTuple>
 <gridLocation>rows</gridLocation>
 <mbr name="CapEx: Intangible Assets" segment="1.0" dim="Account" />
</frmMbrTuple>
 <frmMbrTuple>
 <gridLocation>columns</gridLocation>
 <mbr name="Year" segment="3.0" dim="Year" />
</frmMbrTuple>
</dataCellMbrTuple>
 <dataCellMbrTuple>
 <cellStyleId>5</cellStyleId>
 <frmMbrTuple>
 <gridLocation>rows</gridLocation>
 <mbr name="Account" segment="4.0" dim="Account" />
</frmMbrTuple>
 <frmMbrTuple>
 <gridLocation>columns</gridLocation>
 <mbr name="FY17" segment="1.0" dim="Year" />
</frmMbrTuple>
</dataCellMbrTuple>
 <dataCellMbrTuple>
 <cellStyleId>5</cellStyleId>
 <frmMbrTuple>
 <gridLocation>rows</gridLocation>
 <mbr name="Account" segment="4.0" dim="Account" />
</frmMbrTuple>
 <frmMbrTuple>
 <gridLocation>columns</gridLocation>
 <mbr name="FY18" segment="1.0" dim="Year" />
</frmMbrTuple>
</dataCellMbrTuple>
 <dataCellMbrTuple>
 <cellStyleId>5</cellStyleId>
 <frmMbrTuple>
 <gridLocation>rows</gridLocation>
 <mbr name="Account" segment="4.0" dim="Account" />
</frmMbrTuple>
 <frmMbrTuple>
 <gridLocation>columns</gridLocation>
 <mbr name="Year" segment="2.0" dim="Year" />
</frmMbrTuple>
</dataCellMbrTuple>
 <dataCellMbrTuple>
 <cellStyleId>5</cellStyleId>
 <frmMbrTuple>
 <gridLocation>rows</gridLocation>
 <mbr name="Account" segment="4.0" dim="Account" />
</frmMbrTuple>
 <frmMbrTuple>
 <gridLocation>columns</gridLocation>
 <mbr name="Year" segment="3.0" dim="Year" />
</frmMbrTuple>
</dataCellMbrTuple>
 <dataCellMbrTuple>
 <cellStyleId>6</cellStyleId>
 <frmMbrTuple>
 <gridLocation>rows</gridLocation>
 <mbr name="CapEx: Land" segment="1.0" dim="Account" />
</frmMbrTuple>
 <frmMbrTuple>
 <gridLocation>columns</gridLocation>
 <mbr name="CapEx: Land" segment="1.0" dim="Account" />
</frmMbrTuple>
</dataCellMbrTuple>
 <dataCellMbrTuple>
 <cellStyleId>6</cellStyleId>
 <frmMbrTuple>
 <gridLocation>rows</gridLocation>
 <mbr name="CapEx: Building and Improvements" segment="1.0" dim="Account" />
</frmMbrTuple>
 <frmMbrTuple>
 <gridLocation>columns</gridLocation>
 <mbr name="CapEx: Building and Improvements" segment="1.0" dim="Account" />
</frmMbrTuple>
</dataCellMbrTuple>
 <dataCellMbrTuple>
 <cellStyleId>6</cellStyleId>
 <frmMbrTuple>
 <gridLocation>rows</gridLocation>
 <mbr name="CapEx: Machinery and Equipment" segment="1.0" dim="Account" />
</frmMbrTuple>
 <frmMbrTuple>
 <gridLocation>columns</gridLocation>
 <mbr name="CapEx: Machinery and Equipment" segment="1.0" dim="Account" />
</frmMbrTuple>
</dataCellMbrTuple>
 <dataCellMbrTuple>
 <cellStyleId>6</cellStyleId>
 <frmMbrTuple>
 <gridLocation>rows</gridLocation>
 <mbr name="CapEx: Furniture" segment="1.0" dim="Account" />
</frmMbrTuple>
 <frmMbrTuple>
 <gridLocation>columns</gridLocation>
 <mbr name="CapEx: Furniture" segment="1.0" dim="Account" />
</frmMbrTuple>
</dataCellMbrTuple>
 <dataCellMbrTuple>
 <cellStyleId>6</cellStyleId>
 <frmMbrTuple>
 <gridLocation>rows</gridLocation>
 <mbr name="CapEx: Vehicles" segment="1.0" dim="Account" />
</frmMbrTuple>
 <frmMbrTuple>
 <gridLocation>columns</gridLocation>
 <mbr name="CapEx: Vehicles" segment="1.0" dim="Account" />
</frmMbrTuple>
</dataCellMbrTuple>
 <dataCellMbrTuple>
 <cellStyleId>6</cellStyleId>
 <frmMbrTuple>
 <gridLocation>rows</gridLocation>
 <mbr name="CapEx: Computers and Software" segment="1.0" dim="Account" />
</frmMbrTuple>
 <frmMbrTuple>
 <gridLocation>columns</gridLocation>
 <mbr name="CapEx: Computers and Software" segment="1.0" dim="Account" />
</frmMbrTuple>
</dataCellMbrTuple>
 <dataCellMbrTuple>
 <cellStyleId>6</cellStyleId>
 <frmMbrTuple>
 <gridLocation>rows</gridLocation>
 <mbr name="CapEx: Intangible Assets" segment="1.0" dim="Account" />
</frmMbrTuple>
 <frmMbrTuple>
 <gridLocation>columns</gridLocation>
 <mbr name="CapEx: Intangible Assets" segment="1.0" dim="Account" />
</frmMbrTuple>
</dataCellMbrTuple>
 <dataCellMbrTuple>
 <cellStyleId>7</cellStyleId>
 <frmMbrTuple>
 <gridLocation>rows</gridLocation>
 <mbr name="CapEx: Land" segment="1.0" dim="Account" />
</frmMbrTuple>
 <frmMbrTuple>
 <gridLocation>columns</gridLocation>
 <mbr name="FY17" segment="1.0" dim="Year" />
</frmMbrTuple>
</dataCellMbrTuple>
 <dataCellMbrTuple>
 <cellStyleId>7</cellStyleId>
 <frmMbrTuple>
 <gridLocation>rows</gridLocation>
 <mbr name="CapEx: Land" segment="1.0" dim="Account" />
</frmMbrTuple>
 <frmMbrTuple>
 <gridLocation>columns</gridLocation>
 <mbr name="FY18" segment="1.0" dim="Year" />
</frmMbrTuple>
</dataCellMbrTuple>
 <dataCellMbrTuple>
 <cellStyleId>7</cellStyleId>
 <frmMbrTuple>
 <gridLocation>rows</gridLocation>
 <mbr name="CapEx: Building and Improvements" segment="1.0" dim="Account" />
</frmMbrTuple>
 <frmMbrTuple>
 <gridLocation>columns</gridLocation>
 <mbr name="FY17" segment="1.0" dim="Year" />
</frmMbrTuple>
</dataCellMbrTuple>
 <dataCellMbrTuple>
 <cellStyleId>7</cellStyleId>
 <frmMbrTuple>
 <gridLocation>rows</gridLocation>
 <mbr name="CapEx: Building and Improvements" segment="1.0" dim="Account" />
</frmMbrTuple>
 <frmMbrTuple>
 <gridLocation>columns</gridLocation>
 <mbr name="FY18" segment="1.0" dim="Year" />
</frmMbrTuple>
</dataCellMbrTuple>
 <dataCellMbrTuple>
 <cellStyleId>7</cellStyleId>
 <frmMbrTuple>
 <gridLocation>rows</gridLocation>
 <mbr name="CapEx: Machinery and Equipment" segment="1.0" dim="Account" />
</frmMbrTuple>
 <frmMbrTuple>
 <gridLocation>columns</gridLocation>
 <mbr name="FY17" segment="1.0" dim="Year" />
</frmMbrTuple>
</dataCellMbrTuple>
 <dataCellMbrTuple>
 <cellStyleId>7</cellStyleId>
 <frmMbrTuple>
 <gridLocation>rows</gridLocation>
 <mbr name="CapEx: Machinery and Equipment" segment="1.0" dim="Account" />
</frmMbrTuple>
 <frmMbrTuple>
 <gridLocation>columns</gridLocation>
 <mbr name="FY18" segment="1.0" dim="Year" />
</frmMbrTuple>
</dataCellMbrTuple>
 <dataCellMbrTuple>
 <cellStyleId>7</cellStyleId>
 <frmMbrTuple>
 <gridLocation>rows</gridLocation>
 <mbr name="CapEx: Furniture" segment="1.0" dim="Account" />
</frmMbrTuple>
 <frmMbrTuple>
 <gridLocation>columns</gridLocation>
 <mbr name="FY17" segment="1.0" dim="Year" />
</frmMbrTuple>
</dataCellMbrTuple>
 <dataCellMbrTuple>
 <cellStyleId>7</cellStyleId>
 <frmMbrTuple>
 <gridLocation>rows</gridLocation>
 <mbr name="CapEx: Furniture" segment="1.0" dim="Account" />
</frmMbrTuple>
 <frmMbrTuple>
 <gridLocation>columns</gridLocation>
 <mbr name="FY18" segment="1.0" dim="Year" />
</frmMbrTuple>
</dataCellMbrTuple>
 <dataCellMbrTuple>
 <cellStyleId>7</cellStyleId>
 <frmMbrTuple>
 <gridLocation>rows</gridLocation>
 <mbr name="CapEx: Vehicles" segment="1.0" dim="Account" />
</frmMbrTuple>
 <frmMbrTuple>
 <gridLocation>columns</gridLocation>
 <mbr name="FY17" segment="1.0" dim="Year" />
</frmMbrTuple>
</dataCellMbrTuple>
 <dataCellMbrTuple>
 <cellStyleId>7</cellStyleId>
 <frmMbrTuple>
 <gridLocation>rows</gridLocation>
 <mbr name="CapEx: Vehicles" segment="1.0" dim="Account" />
</frmMbrTuple>
 <frmMbrTuple>
 <gridLocation>columns</gridLocation>
 <mbr name="FY18" segment="1.0" dim="Year" />
</frmMbrTuple>
</dataCellMbrTuple>
 <dataCellMbrTuple>
 <cellStyleId>7</cellStyleId>
 <frmMbrTuple>
 <gridLocation>rows</gridLocation>
 <mbr name="CapEx: Computers and Software" segment="1.0" dim="Account" />
</frmMbrTuple>
 <frmMbrTuple>
 <gridLocation>columns</gridLocation>
 <mbr name="FY17" segment="1.0" dim="Year" />
</frmMbrTuple>
</dataCellMbrTuple>
 <dataCellMbrTuple>
 <cellStyleId>7</cellStyleId>
 <frmMbrTuple>
 <gridLocation>rows</gridLocation>
 <mbr name="CapEx: Computers and Software" segment="1.0" dim="Account" />
</frmMbrTuple>
 <frmMbrTuple>
 <gridLocation>columns</gridLocation>
 <mbr name="FY18" segment="1.0" dim="Year" />
</frmMbrTuple>
</dataCellMbrTuple>
 <dataCellMbrTuple>
 <cellStyleId>7</cellStyleId>
 <frmMbrTuple>
 <gridLocation>rows</gridLocation>
 <mbr name="CapEx: Intangible Assets" segment="1.0" dim="Account" />
</frmMbrTuple>
 <frmMbrTuple>
 <gridLocation>columns</gridLocation>
 <mbr name="FY17" segment="1.0" dim="Year" />
</frmMbrTuple>
</dataCellMbrTuple>
 <dataCellMbrTuple>
 <cellStyleId>7</cellStyleId>
 <frmMbrTuple>
 <gridLocation>rows</gridLocation>
 <mbr name="CapEx: Intangible Assets" segment="1.0" dim="Account" />
</frmMbrTuple>
 <frmMbrTuple>
 <gridLocation>columns</gridLocation>
 <mbr name="FY18" segment="1.0" dim="Year" />
</frmMbrTuple>
</dataCellMbrTuple>
</dataCellMbrTuples>
 <cellStyles>
 <cellStyle id="0" >
 <objs>
 <obj type="border" id="0" />
 <obj type="border" id="1" />
 <obj type="border" id="2" />
 <obj type="border" id="3" />
</objs>
 <cellStyleValues>
 <font id="0" />
 <readOnly>false</readOnly>
 <leftIndent>0</leftIndent>
 <fontWeight>11</fontWeight>
 <backColor id="0" />
 <txtColor id="1" />
 <wordWrap>false</wordWrap>
 <vAlign id="2" />
</cellStyleValues>
</cellStyle>
 <cellStyle id="1" >
 <objs>
 <obj type="border" id="0" />
 <obj type="border" id="1" />
 <obj type="border" id="2" />
 <obj type="border" id="3" />
</objs>
 <cellStyleValues>
 <font id="0" />
 <readOnly>false</readOnly>
 <leftIndent>0</leftIndent>
 <fontWeight>11</fontWeight>
 <backColor id="0" />
 <txtColor id="1" />
 <wordWrap>false</wordWrap>
 <vAlign id="0" />
</cellStyleValues>
</cellStyle>
 <cellStyle id="2" >
 <objs>
 <obj type="border" id="0" />
 <obj type="border" id="1" />
 <obj type="border" id="2" />
 <obj type="border" id="3" />
</objs>
 <cellStyleValues>
 <font id="0" />
 <readOnly>false</readOnly>
 <leftIndent>0</leftIndent>
 <fontWeight>11</fontWeight>
 <txtColor id="1" />
 <wordWrap>false</wordWrap>
 <vAlign id="2" />
</cellStyleValues>
</cellStyle>
 <cellStyle id="3" >
 <objs>
 <obj type="numFrmt" id="0" />
 <obj type="border" id="0" />
 <obj type="border" id="1" />
 <obj type="border" id="2" />
 <obj type="border" id="3" />
</objs>
 <cellStyleValues>
 <font id="0" />
 <readOnly>false</readOnly>
 <leftIndent>0</leftIndent>
 <fontWeight>11</fontWeight>
 <backColor id="2" />
 <txtColor id="1" />
 <wordWrap>false</wordWrap>
 <vAlign id="2" />
</cellStyleValues>
</cellStyle>
 <cellStyle id="4" >
 <objs>
 <obj type="numFrmt" id="0" />
 <obj type="border" id="0" />
 <obj type="border" id="1" />
 <obj type="border" id="2" />
 <obj type="border" id="3" />
</objs>
 <cellStyleValues>
 <font id="0" />
 <readOnly>false</readOnly>
 <leftIndent>0</leftIndent>
 <fontWeight>11</fontWeight>
 <txtColor id="1" />
 <wordWrap>false</wordWrap>
 <vAlign id="2" />
</cellStyleValues>
</cellStyle>
 <cellStyle id="5" >
 <objs>
 <obj type="numFrmt" id="1" />
 <obj type="border" id="0" />
 <obj type="border" id="1" />
 <obj type="border" id="2" />
 <obj type="border" id="3" />
</objs>
 <cellStyleValues>
 <font id="0" />
 <readOnly>false</readOnly>
 <leftIndent>0</leftIndent>
 <fontWeight>11</fontWeight>
 <txtColor id="1" />
 <wordWrap>false</wordWrap>
 <vAlign id="2" />
</cellStyleValues>
</cellStyle>
 <cellStyle id="6" >
 <objs>
 <obj type="border" id="0" />
 <obj type="border" id="1" />
 <obj type="border" id="2" />
 <obj type="border" id="3" />
</objs>
 <cellStyleValues>
 <font id="0" />
 <readOnly>false</readOnly>
 <leftIndent>1</leftIndent>
 <fontWeight>11</fontWeight>
 <backColor id="0" />
 <txtColor id="1" />
 <wordWrap>false</wordWrap>
 <vAlign id="2" />
 <hAlign id="0" />
</cellStyleValues>
</cellStyle>
 <cellStyle id="7" >
 <objs>
 <obj type="numFrmt" id="0" />
 <obj type="border" id="0" />
 <obj type="border" id="1" />
 <obj type="border" id="2" />
 <obj type="border" id="3" />
</objs>
 <cellStyleValues>
 <font id="0" />
 <readOnly>false</readOnly>
 <leftIndent>0</leftIndent>
 <fontWeight>11</fontWeight>
 <backColor id="3" />
 <txtColor id="1" />
 <wordWrap>false</wordWrap>
 <vAlign id="2" />
</cellStyleValues>
</cellStyle>
</cellStyles>
 <columnRowSizes>
 <columnRowSize>
 <value>15.000000</value>
 <frmMbrTuple>
 <mbr name="Year" segment="-1.0" dim="Year" />
</frmMbrTuple>
</columnRowSize>
 <columnRowSize>
 <value>15.000000</value>
 <frmMbrTuple>
 <mbr name="Capital Expenditures" segment="1.0" dim="Account" />
</frmMbrTuple>
</columnRowSize>
 <columnRowSize>
 <value>15.000000</value>
 <frmMbrTuple>
 <mbr name="CapEx: Land" segment="1.0" dim="Account" />
</frmMbrTuple>
</columnRowSize>
 <columnRowSize>
 <value>15.000000</value>
 <frmMbrTuple>
 <mbr name="CapEx: Building and Improvements" segment="1.0" dim="Account" />
</frmMbrTuple>
</columnRowSize>
 <columnRowSize>
 <value>15.000000</value>
 <frmMbrTuple>
 <mbr name="CapEx: Machinery and Equipment" segment="1.0" dim="Account" />
</frmMbrTuple>
</columnRowSize>
 <columnRowSize>
 <value>15.000000</value>
 <frmMbrTuple>
 <mbr name="CapEx: Furniture" segment="1.0" dim="Account" />
</frmMbrTuple>
</columnRowSize>
 <columnRowSize>
 <value>15.000000</value>
 <frmMbrTuple>
 <mbr name="CapEx: Vehicles" segment="1.0" dim="Account" />
</frmMbrTuple>
</columnRowSize>
 <columnRowSize>
 <value>15.000000</value>
 <frmMbrTuple>
 <mbr name="CapEx: Computers and Software" segment="1.0" dim="Account" />
</frmMbrTuple>
</columnRowSize>
 <columnRowSize>
 <value>15.000000</value>
 <frmMbrTuple>
 <mbr name="CapEx: Intangible Assets" segment="1.0" dim="Account" />
</frmMbrTuple>
</columnRowSize>
 <columnRowSize>
 <value>15.000000</value>
 <frmMbrTuple>
 <mbr name="Account" segment="4.0" dim="Account" />
</frmMbrTuple>
</columnRowSize>
 <columnRowSize>
 <value>59.272499</value>
 <frmMbrTuple>
 <mbr name="FY17" segment="1.0" dim="Year" />
</frmMbrTuple>
</columnRowSize>
 <columnRowSize>
 <value>59.272499</value>
 <frmMbrTuple>
 <mbr name="FY18" segment="1.0" dim="Year" />
</frmMbrTuple>
</columnRowSize>
 <columnRowSize>
 <value>59.272499</value>
 <frmMbrTuple>
 <mbr name="Year" segment="2.0" dim="Year" />
</frmMbrTuple>
</columnRowSize>
 <columnRowSize>
 <value>59.272499</value>
 <frmMbrTuple>
 <mbr name="Year" segment="3.0" dim="Year" />
</frmMbrTuple>
</columnRowSize>
 <columnRowSize>
 <value>163.485001</value>
 <frmMbrTuple>
 <mbr name="Account" segment="-1.0" dim="Account" />
</frmMbrTuple>
</columnRowSize>
</columnRowSizes>
 <values>
 <colors>
 <color R="0" G="0" B="0" id="1" />
 <color R="214" G="214" B="214" id="2" />
 <color R="255" G="255" B="220" id="3" />
 <color R="190" G="218" B="255" id="0" />
</colors>
 <fonts>
 <font id="0" >Calibri</font>
</fonts>
 <txtFrmts>
 <txtFrmt id="0" >Italic</txtFrmt>
 <txtFrmt id="1" >Bold</txtFrmt>
 <txtFrmt id="2" >Underline</txtFrmt>
 <txtFrmt id="3" >StrikeThrough</txtFrmt>
</txtFrmts>
 <vAlign>
 <align id="0" >Top</align>
 <align id="1" >Center</align>
 <align id="2" >Bottom</align>
</vAlign>
 <hAlign>
 <align id="0" >Left</align>
 <align id="1" >Right</align>
 <align id="2" >Center</align>
</hAlign>
</values>
 <objs>
 <numFrmts>
 <frmt>
 <id>0</id>
 <positive-prefix></positive-prefix>
 <positive-suffix></positive-suffix>
 <thousand-separator></thousand-separator>
</frmt>
 <frmt>
 <id>1</id>
 <positive-prefix></positive-prefix>
 <positive-suffix></positive-suffix>
 <percentage></percentage>
 <decimal-places>1</decimal-places>
</frmt>
</numFrmts>
 <borders>
 <border>
 <id>0</id>
 <color R="192" G="192" B="192" />
 <placement>Top</placement>
 <style>solid</style>
 <width>1.0</width>
</border>
 <border>
 <id>3</id>
 <color R="192" G="192" B="192" />
 <placement>Right</placement>
 <style>solid</style>
 <width>1.0</width>
</border>
 <border>
 <id>2</id>
 <color R="192" G="192" B="192" />
 <placement>Bottom</placement>
 <style>solid</style>
 <width>1.0</width>
</border>
 <border>
 <id>1</id>
 <color R="192" G="192" B="192" />
 <placement>Left</placement>
 <style>solid</style>
 <width>1.0</width>
</border>
</borders>
</objs>
</formFormatting>
</formFormattings>
 <smartpush>
</smartpush>
</form>
