<?xml version="1.0" encoding="UTF-8" ?>
 <form xmlns:xsi="http://www.w3.org/2001/XMLSchema-instance" name="Global Assumptions" dir="Forms/Plan" globalScope="1" hide="false" runSmartPushAsynchronously="false" dashboard="false" runCalcOnSaveOnDirtyFormsOnly="false" composite="true" >
 <pane formsPerRow="0" style="0" name="" width="0" formsPerCol="1" columns="0" splitOrientation="" layout="1" heightUnits="0" widthUnits="0" paneID="0" parentID="-1" height="0" colorCode="" >
 <blocks>
 <block name="Set Global Planning Assumptions" resourceType="2" displayType="1" position="0" formType="0" legendLocation="0" chartType="0" resourceLabel="" smartPushOpts="0" paneID="0" labelLocation="0" />
 <block name="Balance Sheet Drivers - Plan" resourceType="2" displayType="1" position="1" formType="0" legendLocation="0" chartType="0" resourceLabel="" smartPushOpts="0" paneID="0" labelLocation="0" />
</blocks>
 <sharedDimensions>
 <sharedDimension position="1" dimensionLabel="" paneID="0" shareLevel="2" dimension="Scenario" />
 <sharedDimension position="1" dimensionLabel="" paneID="0" shareLevel="2" dimension="Entity" />
 <sharedDimension position="1" dimensionLabel="" paneID="0" shareLevel="2" dimension="Year" />
 <sharedDimension position="1" dimensionLabel="" paneID="0" shareLevel="2" dimension="HSP_View" />
 <sharedDimension position="1" dimensionLabel="" paneID="0" shareLevel="2" dimension="Product" />
</sharedDimensions>
</pane>
 <businessRules>
 <businessRule calcType="3" name="COMPONENT_1" planType="1" />
 <businessRule calcType="3" name="COMPONENT_0" planType="1" />
</businessRules>
</form>
