<?xml version="1.0" encoding="UTF-8" ?>
 <announcements>
 <announcement>
 <subject>Planning Process</subject>
 <startDate>2016-04-14 03:00:00.0</startDate>
 <endDate></endDate>
 <content><![CDATA[The 2017 fiscal year planning process will conclude on Friday.<br/><br/><br/>The following are the key submissions and due dates:<br/><br/><div style="margin-left:40px;"><ol><li>Sales Plan - 10/01/2016</li><li>Compensation - 10/15/2016</li><li>Operating Expenses - 10/31/2016</li><li>Balance Sheet &amp; Cash Flow - 11/15/2016</li></ol></div>Please
 submit all departments by the end of the week.&nbsp; If your have any 
questions, please contact John Smith at (555)-555-5555 or 
jsmith@abc.com.]]></content>
</announcement>
</announcements>
