<?xml version="1.0" encoding="UTF-8" ?>
<cellNotes>
<dimMappings>
 <dimMapping dimName="Scenario" mappedAs="DIM1" />
 <dimMapping dimName="Account" mappedAs="DIM2" />
 <dimMapping dimName="Entity" mappedAs="DIM3" />
 <dimMapping dimName="Period" mappedAs="DIM4" />
 <dimMapping dimName="Version" mappedAs="DIM5" />
 <dimMapping dimName="Year" mappedAs="DIM6" />
 <dimMapping dimName="HSP_View" mappedAs="DIM7" />
 <dimMapping dimName="Product" mappedAs="DIM8" />
 <dimMapping dimName="AltYear" mappedAs="DIM9" />
 <dimMapping dimName="Channel" mappedAs="DIM10" />
</dimMappings>
</cellNotes>
