<?xml version="1.0" encoding="UTF-8" ?>
 <tabletAccessibleArtifacts>
 <artifact name="Set Selling Expense Drivers" planType="" parent="Plan" artifactType="Form" >
</artifact>
 <artifact name="Set Global Planning Assumptions" planType="" parent="Plan" artifactType="Form" >
</artifact>
 <artifact name="HR Allocation Driver" planType="" parent="Plan" artifactType="Form" >
</artifact>
 <artifact name="HR Allocation Out" planType="" parent="Plan" artifactType="Form" >
</artifact>
 <artifact name="HR Expenses" planType="" parent="Plan" artifactType="Form" >
</artifact>
 <artifact name="Profit Performance Ratios - Plan vs Target" planType="" parent="Plan" artifactType="Form" >
</artifact>
 <artifact name="Actual vs Plan" planType="" parent="Plan" artifactType="Form" >
</artifact>
 <artifact name="Facilities Expenses" planType="" parent="Plan" artifactType="Form" >
</artifact>
 <artifact name="Cash Flow - Plan" planType="" parent="Plan" artifactType="Form" >
</artifact>
 <artifact name="Set Services Revenue Assumptions" planType="" parent="Plan" artifactType="Form" >
</artifact>
 <artifact name="Balance Sheet - Drill Through" planType="" parent="Plan" artifactType="Form" >
</artifact>
 <artifact name="Adjust Revenue Plan" planType="" parent="Plan" artifactType="Form" >
</artifact>
 <artifact name="Adjust Plan Operating Expenses" planType="" parent="Plan" artifactType="Form" >
</artifact>
 <artifact name="Leverage Ratios - Plan vs Target" planType="" parent="Plan" artifactType="Form" >
</artifact>
 <artifact name="Plan Targets to be Allocated" planType="" parent="Plan" artifactType="Form" >
</artifact>
 <artifact name="Set Project Assumptions" planType="" parent="Plan" artifactType="Form" >
</artifact>
 <artifact name="Income Statement - Plan" planType="" parent="Plan" artifactType="Form" >
</artifact>
 <artifact name="Expense Comparison" planType="" parent="Plan" artifactType="Form" >
</artifact>
 <artifact name="Expense Comparison Graph" planType="" parent="Plan" artifactType="Form" >
</artifact>
 <artifact name="Plan vs Target Chart" planType="" parent="Plan" artifactType="Form" >
</artifact>
 <artifact name="Expenses by Category" planType="" parent="Plan" artifactType="Form" >
</artifact>
 <artifact name="Revenue Summary" planType="" parent="Plan" artifactType="Form" >
</artifact>
 <artifact name="Revenue Assumptions - Accessories" planType="" parent="Plan" artifactType="Form" >
</artifact>
 <artifact name="Revenue Plan - Accessories" planType="" parent="Plan" artifactType="Form" >
</artifact>
 <artifact name="Operating Expenses - General Ledger Data Load" planType="" parent="Plan" artifactType="Form" >
</artifact>
 <artifact name="Facilities Allocation Driver" planType="" parent="Plan" artifactType="Form" >
</artifact>
 <artifact name="Facilities Allocation Out" planType="" parent="Plan" artifactType="Form" >
</artifact>
 <artifact name="Activity Ratios - Plan vs Target" planType="" parent="Plan" artifactType="Form" >
</artifact>
 <artifact name="Revenue Assumptions by Channel" planType="" parent="Plan" artifactType="Form" >
</artifact>
 <artifact name="Set Headcount and Salary Plan Assumptions" planType="" parent="Plan" artifactType="Form" >
</artifact>
 <artifact name="Dept Income Statement - Plan" planType="" parent="Plan" artifactType="Form" >
</artifact>
 <artifact name="Expense Summary" planType="" parent="Plan" artifactType="Form" >
</artifact>
 <artifact name="Revenue Plan Assumptions - Markets" planType="" parent="Plan" artifactType="Form" >
</artifact>
 <artifact name="Set Operating Expenses for Overhead Depts" planType="" parent="Plan" artifactType="Form" >
</artifact>
 <artifact name="Allocated Plan Targets" planType="" parent="Plan" artifactType="Form" >
</artifact>
 <artifact name="Balance Sheet - Plan" planType="" parent="Plan" artifactType="Form" >
</artifact>
 <artifact name="Set Capital Expenditure Plan Assumptions" planType="" parent="Plan" artifactType="Form" >
</artifact>
 <artifact name="Expense Info" planType="" parent="Plan" artifactType="Form" >
</artifact>
 <artifact name="Allocated Plan Targets Chart" planType="" parent="Plan" artifactType="Form" >
</artifact>
 <artifact name="Dept Income Statement - Plan Chart" planType="" parent="Plan" artifactType="Form" >
</artifact>
 <artifact name="Set Planning Expense Driver Assumptions" planType="" parent="Plan" artifactType="Form" >
</artifact>
 <artifact name="Liquidity Ratios - Plan vs Target" planType="" parent="Plan" artifactType="Form" >
</artifact>
 <artifact name="Operating Expenses Plan - History" planType="" parent="Plan" artifactType="Form" >
</artifact>
 <artifact name="Revenue Plan - Revenue Assumptions" planType="" parent="Plan" artifactType="Form" >
</artifact>
 <artifact name="Revenue Info" planType="" parent="Plan" artifactType="Form" >
</artifact>
 <artifact name="Expense Trends" planType="" parent="Plan" artifactType="Form" >
</artifact>
 <artifact name="Revenue Trends" planType="" parent="Plan" artifactType="Form" >
</artifact>
 <artifact name="Gross Margin Plan" planType="" parent="Plan" artifactType="Form" >
</artifact>
 <artifact name="Revenue by Category" planType="" parent="Plan" artifactType="Form" >
</artifact>
 <artifact name="Product Revenue Analysis" planType="" parent="Plan" artifactType="Form" >
</artifact>
 <artifact name="Revenue Plan - Products" planType="" parent="Plan" artifactType="Form" >
</artifact>
 <artifact name="Balance Sheet Drivers - Plan" planType="" parent="Plan" artifactType="Form" >
</artifact>
 <artifact name="Plan vs Target" planType="" parent="Plan" artifactType="Form" >
</artifact>
 <artifact name="Revenue Metrics by Market" planType="" parent="Plan" artifactType="Form" >
</artifact>
 <artifact name="Revenue Plan by Market Size" planType="" parent="Plan" artifactType="Form" >
</artifact>
 <artifact name="Revenue Plan - Markets Filter" planType="" parent="Plan" artifactType="Form" >
</artifact>
 <artifact name="Set Sales Driver Assumptions" planType="" parent="Forecast" artifactType="Form" >
</artifact>
 <artifact name="Gross Margin Forecast" planType="" parent="Forecast" artifactType="Form" >
</artifact>
 <artifact name="Revenue Trends Forecast" planType="" parent="Forecast" artifactType="Form" >
</artifact>
 <artifact name="Dept Income Statement - Forecast Chart" planType="" parent="Forecast" artifactType="Form" >
</artifact>
 <artifact name="Dept Income Statement - Forecast" planType="" parent="Forecast" artifactType="Form" >
</artifact>
 <artifact name="Activity Ratios" planType="" parent="Forecast" artifactType="Form" >
</artifact>
 <artifact name="Set Capital Expenditure Forecast Assumptions" planType="" parent="Forecast" artifactType="Form" >
</artifact>
 <artifact name="Set Forecast Expense Driver Assumptions" planType="" parent="Forecast" artifactType="Form" >
</artifact>
 <artifact name="Revenue Forecast - Revenue Assumptions" planType="" parent="Forecast" artifactType="Form" >
</artifact>
 <artifact name="Assign Expense Drivers to Accounts" planType="" parent="Forecast" artifactType="Form" >
</artifact>
 <artifact name="Balance Sheet Drivers - Forecast" planType="" parent="Forecast" artifactType="Form" >
</artifact>
 <artifact name="Income Statement - Forecast" planType="" parent="Forecast" artifactType="Form" >
</artifact>
 <artifact name="Set Headcount and Salary Forecast Assumptions" planType="" parent="Forecast" artifactType="Form" >
</artifact>
 <artifact name="Forecasted Operating Expenses" planType="" parent="Forecast" artifactType="Form" >
</artifact>
 <artifact name="Profit Performance Ratios" planType="" parent="Forecast" artifactType="Form" >
</artifact>
 <artifact name="Liquidity Ratios" planType="" parent="Forecast" artifactType="Form" >
</artifact>
 <artifact name="Leverage Ratios" planType="" parent="Forecast" artifactType="Form" >
</artifact>
 <artifact name="Set Services Revenue Forecast Assumptions" planType="" parent="Forecast" artifactType="Form" >
</artifact>
 <artifact name="Cash Flow - Forecast" planType="" parent="Forecast" artifactType="Form" >
</artifact>
 <artifact name="Balance Sheet - Forecast" planType="" parent="Forecast" artifactType="Form" >
</artifact>
 <artifact name="Revenue Forecast - Products" planType="" parent="Forecast" artifactType="Form" >
</artifact>
 <artifact name="Forecast Variances" planType="" parent="Forecast" artifactType="Form" >
</artifact>
 <artifact name="Market Price Comparison" planType="" parent="Long Range Plan" artifactType="Form" >
</artifact>
 <artifact name="Shareholder Value" planType="" parent="Long Range Plan" artifactType="Form" >
</artifact>
 <artifact name="Long Range Plan" planType="" parent="Long Range Plan" artifactType="Form" >
</artifact>
 <artifact name="Scenario Comparison" planType="" parent="Long Range Plan" artifactType="Form" >
</artifact>
 <artifact name="EPS Chart" planType="" parent="Long Range Plan" artifactType="Form" >
</artifact>
 <artifact name="Long Range Plan Drivers" planType="" parent="Long Range Plan" artifactType="Form" >
</artifact>
 <artifact name="Earnings per Share" planType="" parent="Long Range Plan" artifactType="Form" >
</artifact>
 <artifact name="Revenue Plan by Channel" planType="" parent="Plan" artifactType="Form" >
</artifact>
 <artifact name="Plan Targets" planType="" parent="Plan" artifactType="Composite Form" >
</artifact>
 <artifact name="Global Assumptions" planType="" parent="Plan" artifactType="Composite Form" >
</artifact>
 <artifact name="Add Department" planType="Plan1" parent="" artifactType="Rule" >
</artifact>
 <artifact name="Aggregate Strategic Plan Versions" planType="Plan1" parent="" artifactType="Rule" >
</artifact>
 <artifact name="Allocate Plan Targets" planType="Plan1" parent="" artifactType="Rule" >
</artifact>
 <artifact name="Balance Sheet - Plan" planType="Plan1" parent="" artifactType="Rule" >
</artifact>
 <artifact name="Balance Sheet and Cash Flow - Actual" planType="Plan1" parent="" artifactType="Rule" >
</artifact>
 <artifact name="Cash Flow - Forecast" planType="Plan1" parent="" artifactType="Rule" >
</artifact>
 <artifact name="Cash Flow - Plan" planType="Plan1" parent="" artifactType="Rule" >
</artifact>
 <artifact name="Clear Facilities Allocation" planType="Plan1" parent="" artifactType="Rule" >
</artifact>
 <artifact name="Clear HR Allocation" planType="Plan1" parent="" artifactType="Rule" >
</artifact>
 <artifact name="Clear Plan Targets" planType="Plan1" parent="" artifactType="Rule" >
</artifact>
 <artifact name="Copy Channel" planType="Plan1" parent="" artifactType="Rule" >
</artifact>
 <artifact name="Create Forecast" planType="Plan1" parent="" artifactType="Rule" >
</artifact>
 <artifact name="Facilities Allocation" planType="Plan1" parent="" artifactType="Rule" >
</artifact>
 <artifact name="HR Allocation" planType="Plan1" parent="" artifactType="Rule" >
</artifact>
 <artifact name="Income Statement - Actual" planType="Plan1" parent="" artifactType="Rule" >
</artifact>
 <artifact name="Income Statement - Forecast" planType="Plan1" parent="" artifactType="Rule" >
</artifact>
 <artifact name="Income Statement - Plan" planType="Plan1" parent="" artifactType="Rule" >
</artifact>
 <artifact name="Income Statement - Plan PY" planType="Plan1" parent="" artifactType="Rule" >
</artifact>
 <artifact name="Operating Expense Adj Plan" planType="Plan1" parent="" artifactType="Rule" >
</artifact>
 <artifact name="Operating Expenses Forecast" planType="Plan1" parent="" artifactType="Rule" >
</artifact>
 <artifact name="Operating Expenses Plan" planType="Plan1" parent="" artifactType="Rule" >
</artifact>
 <artifact name="Operating Expenses Set Driver" planType="Plan1" parent="" artifactType="Rule" >
</artifact>
 <artifact name="Revenue Forecast" planType="Plan1" parent="" artifactType="Rule" >
</artifact>
 <artifact name="Revenue Plan" planType="Plan1" parent="" artifactType="Rule" >
</artifact>
 <artifact name="Balance Sheet - Forecast" planType="Plan1" parent="" artifactType="Rule" >
</artifact>
 <artifact name="Clear GL Data" planType="Plan1" parent="" artifactType="Rule" >
</artifact>
 <artifact name="Financial Statements - Forecast" planType="" parent="" artifactType="Rule" >
</artifact>
 <artifact name="Revenue Plan" planType="" parent="" artifactType="Rule" >
</artifact>
 <artifact name="Financial Statements - Plan" planType="" parent="" artifactType="Rule" >
</artifact>
 <artifact name="Revenue Plan" planType="" parent="" artifactType="Rule" >
</artifact>
 <artifact name="Revenue Plan" planType="" parent="" artifactType="Rule" >
</artifact>
 <artifact name="Revenue Plan" planType="" parent="" artifactType="Rule" >
</artifact>
 <artifact name="Revenue Plan" planType="" parent="" artifactType="Rule" >
</artifact>
</tabletAccessibleArtifacts>
