<?xml version='1.0' encoding='utf-8'?>
<texts>
<text id="29"><![CDATA[text]]></text>
<text id="30"><![CDATA[False]]></text>
<text id="31"><![CDATA[40.000000]]></text>
<text id="32"><![CDATA[50.000000]]></text>
<text id="27"><![CDATA[my next comment]]></text>
<text id="28"><![CDATA[my new comment]]></text>
<text id="22"><![CDATA[my new comments]]></text>
<text id="23"><![CDATA[my fun comment]]></text>
<text id="24"><![CDATA[my other comment]]></text>
<text id="21"><![CDATA[my explanation]]></text>
<text id="1"><![CDATA[higher heating]]></text>
<text id="2"><![CDATA[high stuff]]></text>
<text id="3"><![CDATA[Under investigation]]></text>
<text id="4"><![CDATA[Changed PR firms]]></text>
<text id="5"><![CDATA[Higher utility rates]]></text>
<text id="6"><![CDATA[Direct calling campaign]]></text>
<text id="7"><![CDATA[Brochure mailed to existing customers]]></text>
<text id="8"><![CDATA[Direct marketing campaign]]></text>
<text id="9"><![CDATA[Mailed brochure to existing customers]]></text>
<text id="10"><![CDATA[12345]]></text>
<text id="11"><![CDATA[blah blah blah]]></text>
<text id="12"><![CDATA[My comment]]></text>
<text id="13"><![CDATA[Project Orion]]></text>
<text id="14"><![CDATA[my comment]]></text>
<text id="15"><![CDATA[my data]]></text>
<text id="16"><![CDATA[eee]]></text>
<text id="17"><![CDATA[new lease]]></text>
<text id="18"><![CDATA[a dog
]]></text>
<text id="19"><![CDATA[1234]]></text>
<text id="20"><![CDATA[fff]]></text>
<text id="25"><![CDATA[this is my comment]]></text>
<text id="26"><![CDATA[this is my second comment]]></text>

</texts>