<?xml version = '1.0' encoding = 'UTF-8'?>
<CategoryForLcmVO>
   <CategoryForLcmVORow>
      <Catname>Act vs Forecast</Catname>
      <Catdesc null="true"/>
      <Cattarget>Act vs Forecast</Cattarget>
      <Catfreq>M</Catfreq>
   </CategoryForLcmVORow>
   <CategoryForLcmVORow>
      <Catname>Act vs Plan</Catname>
      <Catdesc null="true"/>
      <Cattarget>Act vs Plan</Cattarget>
      <Catfreq>M</Catfreq>
   </CategoryForLcmVORow>
   <CategoryForLcmVORow>
      <Catname>Act vs Plan %</Catname>
      <Catdesc null="true"/>
      <Cattarget>Act vs Plan %</Cattarget>
      <Catfreq>M</Catfreq>
   </CategoryForLcmVORow>
   <CategoryForLcmVORow>
      <Catname>Actual</Catname>
      <Catdesc null="true"/>
      <Cattarget>Actual</Cattarget>
      <Catfreq>M</Catfreq>
   </CategoryForLcmVORow>
   <CategoryForLcmVORow>
      <Catname>Adj Plan</Catname>
      <Catdesc null="true"/>
      <Cattarget>Adj Plan</Cattarget>
      <Catfreq>M</Catfreq>
   </CategoryForLcmVORow>
   <CategoryForLcmVORow>
      <Catname>Current</Catname>
      <Catdesc null="true"/>
      <Cattarget>Current</Cattarget>
      <Catfreq>M</Catfreq>
   </CategoryForLcmVORow>
   <CategoryForLcmVORow>
      <Catname>Forecast</Catname>
      <Catdesc null="true"/>
      <Cattarget>Forecast</Cattarget>
      <Catfreq>M</Catfreq>
   </CategoryForLcmVORow>
   <CategoryForLcmVORow>
      <Catname>Forecast vs Plan</Catname>
      <Catdesc null="true"/>
      <Cattarget>Forecast vs Plan</Cattarget>
      <Catfreq>M</Catfreq>
   </CategoryForLcmVORow>
   <CategoryForLcmVORow>
      <Catname>No Scenario</Catname>
      <Catdesc null="true"/>
      <Cattarget>No Scenario</Cattarget>
      <Catfreq>M</Catfreq>
   </CategoryForLcmVORow>
   <CategoryForLcmVORow>
      <Catname>Plan</Catname>
      <Catdesc null="true"/>
      <Cattarget>Plan</Cattarget>
      <Catfreq>M</Catfreq>
   </CategoryForLcmVORow>
   <CategoryForLcmVORow>
      <Catname>Plan Adj %</Catname>
      <Catdesc null="true"/>
      <Cattarget>Plan Adj %</Cattarget>
      <Catfreq>M</Catfreq>
   </CategoryForLcmVORow>
   <CategoryForLcmVORow>
      <Catname>Revised Plan</Catname>
      <Catdesc null="true"/>
      <Cattarget>Revised Plan</Cattarget>
      <Catfreq>M</Catfreq>
   </CategoryForLcmVORow>
   <CategoryForLcmVORow>
      <Catname>Variance</Catname>
      <Catdesc null="true"/>
      <Cattarget>Variance</Cattarget>
      <Catfreq>M</Catfreq>
   </CategoryForLcmVORow>
   <CategoryForLcmVORow>
      <Catname>Variance Comments</Catname>
      <Catdesc null="true"/>
      <Cattarget>Variance Comments</Cattarget>
      <Catfreq>M</Catfreq>
   </CategoryForLcmVORow>
</CategoryForLcmVO>