<?xml version = '1.0' encoding = 'UTF-8'?>
<RoleFunctionsForLcmVO>
   <RoleFunctionsForLcmVORow>
      <FunctionCode>WF_DATA_RULE</FunctionCode>
      <RoleId>FDM:502</RoleId>
      <FunctionType>UI</FunctionType>
   </RoleFunctionsForLcmVORow>
   <RoleFunctionsForLcmVORow>
      <FunctionCode>SETUP_SCRIPT_EDITOR</FunctionCode>
      <RoleId>FDM:502</RoleId>
      <FunctionType>UI</FunctionType>
   </RoleFunctionsForLcmVORow>
   <RoleFunctionsForLcmVORow>
      <FunctionCode>SETUP_LOCATION</FunctionCode>
      <RoleId>FDM:502</RoleId>
      <FunctionType>UI</FunctionType>
   </RoleFunctionsForLcmVORow>
   <RoleFunctionsForLcmVORow>
      <FunctionCode>SETUP_CATEGORY_MAPPING</FunctionCode>
      <RoleId>FDM:502</RoleId>
      <FunctionType>UI</FunctionType>
   </RoleFunctionsForLcmVORow>
   <RoleFunctionsForLcmVORow>
      <FunctionCode>ADMIN_AGENT</FunctionCode>
      <RoleId>FDM:1</RoleId>
      <FunctionType>SUI</FunctionType>
   </RoleFunctionsForLcmVORow>
   <RoleFunctionsForLcmVORow>
      <FunctionCode>WF_WB_WORKBENCH</FunctionCode>
      <RoleId>FDM:505</RoleId>
      <FunctionType>UI</FunctionType>
   </RoleFunctionsForLcmVORow>
   <RoleFunctionsForLcmVORow>
      <FunctionCode>ADMIN_USER_SETTING</FunctionCode>
      <RoleId>FDM:502</RoleId>
      <FunctionType>SUI</FunctionType>
   </RoleFunctionsForLcmVORow>
   <RoleFunctionsForLcmVORow>
      <FunctionCode>ADMIN_USER_SETTING</FunctionCode>
      <RoleId>FDM:503</RoleId>
      <FunctionType>SUI</FunctionType>
   </RoleFunctionsForLcmVORow>
   <RoleFunctionsForLcmVORow>
      <FunctionCode>ADMIN_LOCATION</FunctionCode>
      <RoleId>FDM:1</RoleId>
      <FunctionType>SUI</FunctionType>
   </RoleFunctionsForLcmVORow>
   <RoleFunctionsForLcmVORow>
      <FunctionCode>WF_WB_RULE</FunctionCode>
      <RoleId>FDM:505</RoleId>
      <FunctionType>UI</FunctionType>
   </RoleFunctionsForLcmVORow>
   <RoleFunctionsForLcmVORow>
      <FunctionCode>INTEGRATION_GENERAL</FunctionCode>
      <RoleId>FDM:502</RoleId>
      <FunctionType>SUI</FunctionType>
   </RoleFunctionsForLcmVORow>
   <RoleFunctionsForLcmVORow>
      <FunctionCode>ADMIN_LOGIC_GROUP</FunctionCode>
      <RoleId>FDM:502</RoleId>
      <FunctionType>SUI</FunctionType>
   </RoleFunctionsForLcmVORow>
   <RoleFunctionsForLcmVORow>
      <FunctionCode>WF_DATA_RULE_RUN</FunctionCode>
      <RoleId>FDM:503</RoleId>
      <FunctionType>UI</FunctionType>
   </RoleFunctionsForLcmVORow>
   <RoleFunctionsForLcmVORow>
      <FunctionCode>ADMIN_CHECK_GROUP</FunctionCode>
      <RoleId>FDM:502</RoleId>
      <FunctionType>SUI</FunctionType>
   </RoleFunctionsForLcmVORow>
   <RoleFunctionsForLcmVORow>
      <FunctionCode>SETUP_PERIOD_MAPPING</FunctionCode>
      <RoleId>FDM:502</RoleId>
      <FunctionType>UI</FunctionType>
   </RoleFunctionsForLcmVORow>
   <RoleFunctionsForLcmVORow>
      <FunctionCode>SETUP_REPORT_DEFINITION</FunctionCode>
      <RoleId>FDM:502</RoleId>
      <FunctionType>UI</FunctionType>
   </RoleFunctionsForLcmVORow>
   <RoleFunctionsForLcmVORow>
      <FunctionCode>ADMIN_PERIOD_MAPPING</FunctionCode>
      <RoleId>FDM:502</RoleId>
      <FunctionType>SUI</FunctionType>
   </RoleFunctionsForLcmVORow>
   <RoleFunctionsForLcmVORow>
      <FunctionCode>INTEGRATION_MAP_MEMBERS</FunctionCode>
      <RoleId>FDM:502</RoleId>
      <FunctionType>SUI</FunctionType>
   </RoleFunctionsForLcmVORow>
   <RoleFunctionsForLcmVORow>
      <FunctionCode>INTEGRATION_MAP_MEMBERS_VIEWONLY</FunctionCode>
      <RoleId>FDM:503</RoleId>
      <FunctionType>SUI</FunctionType>
   </RoleFunctionsForLcmVORow>
   <RoleFunctionsForLcmVORow>
      <FunctionCode>INTEGRATION_RUN</FunctionCode>
      <RoleId>FDM:503</RoleId>
      <FunctionType>SUI</FunctionType>
   </RoleFunctionsForLcmVORow>
   <RoleFunctionsForLcmVORow>
      <FunctionCode>ADMIN_BATCH_DEFINITION</FunctionCode>
      <RoleId>FDM:1</RoleId>
      <FunctionType>SUI</FunctionType>
   </RoleFunctionsForLcmVORow>
   <RoleFunctionsForLcmVORow>
      <FunctionCode>WF_HR_LOAD</FunctionCode>
      <RoleId>FDM:506</RoleId>
      <FunctionType>UI</FunctionType>
   </RoleFunctionsForLcmVORow>
   <RoleFunctionsForLcmVORow>
      <FunctionCode>ADMIN_APPLICATIONS</FunctionCode>
      <RoleId>FDM:1</RoleId>
      <FunctionType>SUI</FunctionType>
   </RoleFunctionsForLcmVORow>
   <RoleFunctionsForLcmVORow>
      <FunctionCode>ADMIN_CHECK_ENTITY</FunctionCode>
      <RoleId>FDM:502</RoleId>
      <FunctionType>SUI</FunctionType>
   </RoleFunctionsForLcmVORow>
   <RoleFunctionsForLcmVORow>
      <FunctionCode>WF_USER_SETTINGS</FunctionCode>
      <RoleId>FDM:502</RoleId>
      <FunctionType>UI</FunctionType>
   </RoleFunctionsForLcmVORow>
   <RoleFunctionsForLcmVORow>
      <FunctionCode>WF_USER_SETTINGS</FunctionCode>
      <RoleId>FDM:503</RoleId>
      <FunctionType>UI</FunctionType>
   </RoleFunctionsForLcmVORow>
   <RoleFunctionsForLcmVORow>
      <FunctionCode>WF_USER_SETTINGS</FunctionCode>
      <RoleId>FDM:506</RoleId>
      <FunctionType>UI</FunctionType>
   </RoleFunctionsForLcmVORow>
   <RoleFunctionsForLcmVORow>
      <FunctionCode>WF_USER_SETTINGS</FunctionCode>
      <RoleId>FDM:505</RoleId>
      <FunctionType>UI</FunctionType>
   </RoleFunctionsForLcmVORow>
   <RoleFunctionsForLcmVORow>
      <FunctionCode>ADMIN_UNLOCK_POV</FunctionCode>
      <RoleId>FDM:1</RoleId>
      <FunctionType>SUI</FunctionType>
   </RoleFunctionsForLcmVORow>
   <RoleFunctionsForLcmVORow>
      <FunctionCode>WF_METADATA_RUN</FunctionCode>
      <RoleId>FDM:503</RoleId>
      <FunctionType>UI</FunctionType>
   </RoleFunctionsForLcmVORow>
   <RoleFunctionsForLcmVORow>
      <FunctionCode>WF_LOGIC_GROUP</FunctionCode>
      <RoleId>FDM:502</RoleId>
      <FunctionType>UI</FunctionType>
   </RoleFunctionsForLcmVORow>
   <RoleFunctionsForLcmVORow>
      <FunctionCode>WF_ENTITY_GROUP</FunctionCode>
      <RoleId>FDM:502</RoleId>
      <FunctionType>UI</FunctionType>
   </RoleFunctionsForLcmVORow>
   <RoleFunctionsForLcmVORow>
      <FunctionCode>ADMIN_LOCK_POV</FunctionCode>
      <RoleId>FDM:502</RoleId>
      <FunctionType>SUI</FunctionType>
   </RoleFunctionsForLcmVORow>
   <RoleFunctionsForLcmVORow>
      <FunctionCode>WF_REPORT_EXECUTION</FunctionCode>
      <RoleId>FDM:503</RoleId>
      <FunctionType>UI</FunctionType>
   </RoleFunctionsForLcmVORow>
   <RoleFunctionsForLcmVORow>
      <FunctionCode>WF_DATA_MAPPING</FunctionCode>
      <RoleId>FDM:502</RoleId>
      <FunctionType>UI</FunctionType>
   </RoleFunctionsForLcmVORow>
   <RoleFunctionsForLcmVORow>
      <FunctionCode>ADMIN_CATEGORY_MAPPING</FunctionCode>
      <RoleId>FDM:502</RoleId>
      <FunctionType>SUI</FunctionType>
   </RoleFunctionsForLcmVORow>
   <RoleFunctionsForLcmVORow>
      <FunctionCode>WF_WB_MAPPING</FunctionCode>
      <RoleId>FDM:505</RoleId>
      <FunctionType>UI</FunctionType>
   </RoleFunctionsForLcmVORow>
   <RoleFunctionsForLcmVORow>
      <FunctionCode>WF_CHECK_GROUP</FunctionCode>
      <RoleId>FDM:502</RoleId>
      <FunctionType>UI</FunctionType>
   </RoleFunctionsForLcmVORow>
   <RoleFunctionsForLcmVORow>
      <FunctionCode>WF_SCRIPT_EXECUTION</FunctionCode>
      <RoleId>FDM:503</RoleId>
      <FunctionType>UI</FunctionType>
   </RoleFunctionsForLcmVORow>
   <RoleFunctionsForLcmVORow>
      <FunctionCode>WF_METADATA</FunctionCode>
      <RoleId>FDM:502</RoleId>
      <FunctionType>UI</FunctionType>
   </RoleFunctionsForLcmVORow>
   <RoleFunctionsForLcmVORow>
      <FunctionCode>ADMIN_SYSTEM_SETTING</FunctionCode>
      <RoleId>FDM:1</RoleId>
      <FunctionType>SUI</FunctionType>
   </RoleFunctionsForLcmVORow>
   <RoleFunctionsForLcmVORow>
      <FunctionCode>INTEGRATION_OPTION</FunctionCode>
      <RoleId>FDM:502</RoleId>
      <FunctionType>SUI</FunctionType>
   </RoleFunctionsForLcmVORow>
   <RoleFunctionsForLcmVORow>
      <FunctionCode>WF_BATCH_EXECUTION</FunctionCode>
      <RoleId>FDM:503</RoleId>
      <FunctionType>UI</FunctionType>
   </RoleFunctionsForLcmVORow>
   <RoleFunctionsForLcmVORow>
      <FunctionCode>INTEGRATION_MAP_DIMENSION</FunctionCode>
      <RoleId>FDM:502</RoleId>
      <FunctionType>SUI</FunctionType>
   </RoleFunctionsForLcmVORow>
   <RoleFunctionsForLcmVORow>
      <FunctionCode>WF_WORKBENCH</FunctionCode>
      <RoleId>FDM:503</RoleId>
      <FunctionType>UI</FunctionType>
   </RoleFunctionsForLcmVORow>
   <RoleFunctionsForLcmVORow>
      <FunctionCode>INTEGRATION_FILTERS</FunctionCode>
      <RoleId>FDM:502</RoleId>
      <FunctionType>SUI</FunctionType>
   </RoleFunctionsForLcmVORow>
   <RoleFunctionsForLcmVORow>
      <FunctionCode>SETUP_IMPORT_FORMAT</FunctionCode>
      <RoleId>FDM:502</RoleId>
      <FunctionType>UI</FunctionType>
   </RoleFunctionsForLcmVORow>
   <RoleFunctionsForLcmVORow>
      <FunctionCode>SETUP_SOURCE_ACCT_ENTITY</FunctionCode>
      <RoleId>FDM:502</RoleId>
      <FunctionType>UI</FunctionType>
   </RoleFunctionsForLcmVORow>
   <RoleFunctionsForLcmVORow>
      <FunctionCode>SETUP_SCRIPT_DEFINITION</FunctionCode>
      <RoleId>FDM:502</RoleId>
      <FunctionType>UI</FunctionType>
   </RoleFunctionsForLcmVORow>
   <RoleFunctionsForLcmVORow>
      <FunctionCode>INTEGRATION_WORKBENCH</FunctionCode>
      <RoleId>FDM:503</RoleId>
      <FunctionType>SUI</FunctionType>
   </RoleFunctionsForLcmVORow>
   <RoleFunctionsForLcmVORow>
      <FunctionCode>WF_PROCESS_DETAILS</FunctionCode>
      <RoleId>FDM:502</RoleId>
      <FunctionType>UI</FunctionType>
   </RoleFunctionsForLcmVORow>
   <RoleFunctionsForLcmVORow>
      <FunctionCode>WF_PROCESS_DETAILS</FunctionCode>
      <RoleId>FDM:503</RoleId>
      <FunctionType>UI</FunctionType>
   </RoleFunctionsForLcmVORow>
   <RoleFunctionsForLcmVORow>
      <FunctionCode>WF_PROCESS_DETAILS</FunctionCode>
      <RoleId>FDM:506</RoleId>
      <FunctionType>UI</FunctionType>
   </RoleFunctionsForLcmVORow>
   <RoleFunctionsForLcmVORow>
      <FunctionCode>ADMIN_QUERY</FunctionCode>
      <RoleId>FDM:1</RoleId>
      <FunctionType>SUI</FunctionType>
   </RoleFunctionsForLcmVORow>
   <RoleFunctionsForLcmVORow>
      <FunctionCode>INTEGRATION_PROCESS_DETAILS</FunctionCode>
      <RoleId>FDM:502</RoleId>
      <FunctionType>SUI</FunctionType>
   </RoleFunctionsForLcmVORow>
   <RoleFunctionsForLcmVORow>
      <FunctionCode>INTEGRATION_PROCESS_DETAILS</FunctionCode>
      <RoleId>FDM:503</RoleId>
      <FunctionType>SUI</FunctionType>
   </RoleFunctionsForLcmVORow>
</RoleFunctionsForLcmVO>