<?xml version = '1.0' encoding = 'UTF-8'?>
<SourceSystemForLcmVO>
   <SourceSystemForLcmVORow>
      <SourceSystemName>File</SourceSystemName>
      <SourceSystemType>FILE</SourceSystemType>
      <DrillToSourceUrl>http://news.yahoo.com/</DrillToSourceUrl>
      <OdiLogLevel>5</OdiLogLevel>
      <OdiContextCode>GLOBAL</OdiContextCode>
   </SourceSystemForLcmVORow>
   <SourceSystemForLcmVORow>
      <SourceSystemName>EPM</SourceSystemName>
      <SourceSystemType>EPM</SourceSystemType>
      <OdiContextCode>GLOBAL</OdiContextCode>
   </SourceSystemForLcmVORow>
   <SourceSystemForLcmVORow>
      <SourceSystemName>Data Source</SourceSystemName>
      <SourceSystemType>DATASOURCE</SourceSystemType>
      <OdiContextCode>GLOBAL</OdiContextCode>
   </SourceSystemForLcmVORow>
</SourceSystemForLcmVO>