<?xml version="1.0" encoding="UTF-8" ?>
 <form xmlns:xsi="http://www.w3.org/2001/XMLSchema-instance" name="YTD Results" dshFormat="1:false:1:1" dshEditable="2" dir="Forms" globalScope="1" hide="false" runCalcOnSaveOnDirtyFormsOnly="false" dashboard="true" runSmartPushAsynchronously="false" composite="true" >
 <pane formsPerRow="0" style="0" name="" width="0" formsPerCol="1" columns="0" splitOrientation="" layout="0" heightUnits="0" widthUnits="0" paneID="0" parentID="-1" height="0" colorCode="" >
 <blocks>
 <block name="" resourceType="8" displayType="1" position="0" formType="0" legendLocation="0" chartType="0" resourceLabel="" smartPushOpts="0" paneID="0" labelLocation="0" />
 <block name="" resourceType="9" displayType="1" position="1" formType="0" legendLocation="0" chartType="0" resourceLabel="Performance" smartPushOpts="0" paneID="0" labelLocation="4" />
 <block name="Performance - GM Infolet" resourceType="2" displayType="-1" position="2" formType="0" legendLocation="0" chartType="11" resourceLabel="Gross Margin %" smartPushOpts="0" paneID="0" labelLocation="0" chartformat="NO_LEGEND:NO_LABEL:true:@:true:@:true:@:true:@:true:false:-1:false:-1:true:@:true:@:true:@:true:@:0:0:BAR_VERT_CLUST:0:0:@:1:@:@:@:@:@:@:14:22" />
 <block name="Performance - ROS Infolet" resourceType="2" displayType="-1" position="3" formType="0" legendLocation="0" chartType="11" resourceLabel="Return on Sales" smartPushOpts="0" paneID="0" labelLocation="0" chartformat="NO_LEGEND:NO_LABEL:true:@:true:@:true:@:true:@:true:false:-1:false:-1:true:@:true:@:true:@:true:@:0:0:BAR_VERT_CLUST:0:0:@:1:@:@:@:@:@:@:14:22" />
 <block name="Performance - Return Infolet" resourceType="2" displayType="0" position="4" formType="0" legendLocation="4" chartType="1" resourceLabel="Profit Performance" smartPushOpts="0" paneID="0" labelLocation="0" chartformat="NO_LEGEND:NO_LABEL:true:@:true:@:true:@:true:@:true:false:-1:false:-1:true:@:true:@:true:@:true:@:0:0:BAR_VERT_CLUST:0:0:@:1:@:@:@:@:@:@:14:22" />
 <block name="" resourceType="9" displayType="1" position="5" formType="0" legendLocation="0" chartType="0" resourceLabel="Activity" smartPushOpts="0" paneID="0" labelLocation="4" />
 <block name="Activity - DSO Infolet" resourceType="2" displayType="-1" position="6" formType="0" legendLocation="0" chartType="11" resourceLabel="Days Sales" smartPushOpts="0" paneID="0" labelLocation="0" chartformat="NO_LEGEND:NO_LABEL:true:@:true:@:true:@:true:@:true:false:-1:false:-1:true:@:true:@:true:@:true:@:0:0:BAR_VERT_CLUST:0:0:@:1:@:@:@:@:@:@:14:22" />
 <block name="Activity - DPO Infolet" resourceType="2" displayType="-1" position="7" formType="0" legendLocation="0" chartType="11" resourceLabel="Days Payable" smartPushOpts="0" paneID="0" labelLocation="0" chartformat="NO_LEGEND:NO_LABEL:true:@:true:@:true:@:true:@:true:false:-1:false:-1:true:@:true:@:true:@:true:@:0:0:BAR_VERT_CLUST:0:0:@:1:@:@:@:@:@:@:14:22" />
 <block name="Activity - Turnover Ratios Infolet" resourceType="2" displayType="0" position="8" formType="0" legendLocation="4" chartType="1" resourceLabel="Turnover Ratios" smartPushOpts="0" paneID="0" labelLocation="0" chartformat="NO_LEGEND:NO_LABEL:true:@:true:@:true:@:true:@:true:false:-1:false:-1:true:@:true:@:true:@:true:@:0:0:BAR_VERT_CLUST:0:0:@:1:@:@:@:@:@:@:14:22" />
 <block name="" resourceType="9" displayType="1" position="9" formType="0" legendLocation="0" chartType="0" resourceLabel="Expenses" smartPushOpts="0" paneID="0" labelLocation="4" />
 <block name="OpEx Infolet" resourceType="2" displayType="0" position="10" formType="0" legendLocation="3" chartType="1" resourceLabel="YTD Operating Expenses" smartPushOpts="0" paneID="0" labelLocation="0" chartformat="NO_LEGEND:NO_LABEL:true:@:true:@:true:@:true:@:true:false:-1:false:-1:true:@:true:@:true:@:true:@:0:0:BAR_VERT_CLUST:0:0:@:1:@:@:@:@:@:@:14:22" />
 <block name="Expense Category Infolet" resourceType="2" displayType="0" position="11" formType="0" legendLocation="3" chartType="8" resourceLabel="YTD OpEx by Category" smartPushOpts="0" paneID="0" labelLocation="0" chartformat="NO_LEGEND:NO_LABEL:true:@:true:@:true:@:true:@:true:false:-1:false:-1:true:@:true:@:true:@:true:@:0:0:BAR_VERT_CLUST:0:0:@:1:@:@:@:@:@:@:14:22" />
 <block name="Employee Expense Infolet" resourceType="2" displayType="0" position="12" formType="0" legendLocation="7" chartType="5" resourceLabel="Employee Expense by Dept" smartPushOpts="0" paneID="0" labelLocation="0" chartformat="NO_LEGEND:NO_LABEL:true:@:true:@:true:@:true:@:true:false:-1:false:-1:true:@:true:@:true:@:true:@:0:0:BAR_VERT_CLUST:0:0:@:1:@:@:@:@:@:@:14:22" />
 <block name="" resourceType="9" displayType="1" position="13" formType="0" legendLocation="0" chartType="0" resourceLabel="YTD Revenue" smartPushOpts="0" paneID="0" labelLocation="1" />
 <block name="Revenue Infolet" resourceType="2" displayType="-1" position="14" formType="0" legendLocation="0" chartType="11" resourceLabel="" smartPushOpts="0" paneID="0" labelLocation="0" chartformat="NO_LEGEND:NO_LABEL:true:@:true:@:true:@:true:@:true:false:-1:false:-1:true:@:true:@:true:@:true:@:0:0:BAR_VERT_CLUST:0:0:@:1:@:@:@:@:@:@:14:22" />
 <block name="" resourceType="9" displayType="1" position="15" formType="0" legendLocation="0" chartType="0" resourceLabel="YTD Gross Profit" smartPushOpts="0" paneID="0" labelLocation="1" />
 <block name="Gross Profit Infolet" resourceType="2" displayType="0" position="16" formType="0" legendLocation="3" chartType="1" resourceLabel="" smartPushOpts="0" paneID="0" labelLocation="0" chartformat="NO_LEGEND:NO_LABEL:true:@:true:@:true:@:true:@:true:false:-1:false:-1:true:@:true:@:true:@:true:@:0:0:BAR_VERT_CLUST:0:0:@:1:@:@:@:@:@:@:14:22" />
 <block name="" resourceType="9" displayType="1" position="17" formType="0" legendLocation="0" chartType="0" resourceLabel="Revenue" smartPushOpts="0" paneID="0" labelLocation="4" />
 <block name="Sales Dept Revenue Infolet" resourceType="2" displayType="0" position="18" formType="0" legendLocation="3" chartType="8" resourceLabel="Revenue by Region" smartPushOpts="0" paneID="0" labelLocation="0" chartformat="NO_LEGEND:NO_LABEL:true:@:true:@:true:@:true:@:true:false:-1:false:-1:true:@:true:@:true:@:true:@:0:0:BAR_VERT_CLUST:0:0:@:1:@:@:@:@:@:@:14:22" />
 <block name="Revenue Trend Infolet" resourceType="2" displayType="0" position="19" formType="0" legendLocation="3" chartType="4" resourceLabel="Revenue Trend" smartPushOpts="0" paneID="0" labelLocation="0" chartformat="NO_LEGEND:NO_LABEL:true:@:true:@:true:@:true:@:true:false:-1:false:-1:true:@:true:@:true:@:true:@:0:0:BAR_VERT_CLUST:0:0:@:1:@:@:@:@:@:@:14:22" />
 <block name="Product Revenue Infolet" resourceType="2" displayType="0" position="20" formType="0" legendLocation="5" chartType="8" resourceLabel="Product Line Revenue" smartPushOpts="0" paneID="0" labelLocation="0" chartformat="NO_LEGEND:NO_LABEL:true:@:true:@:true:@:true:@:true:false:-1:false:-1:true:@:true:@:true:@:true:@:0:0:BAR_VERT_CLUST:0:0:@:1:@:@:@:@:@:@:14:22" />
 <block name="" resourceType="9" displayType="1" position="21" formType="0" legendLocation="0" chartType="0" resourceLabel="YTD Assets" smartPushOpts="0" paneID="0" labelLocation="1" />
 <block name="Balance Sheet Infolet" resourceType="2" displayType="0" position="22" formType="0" legendLocation="6" chartType="9" resourceLabel="" smartPushOpts="0" paneID="0" labelLocation="0" chartformat="NO_LEGEND:NO_LABEL:true:@:true:@:true:@:true:@:true:false:-1:false:-1:true:@:true:@:true:@:true:@:0:0:BAR_VERT_CLUST:0:0:@:1:@:@:@:@:@:@:14:22" />
 <block name="" resourceType="9" displayType="1" position="23" formType="0" legendLocation="0" chartType="0" resourceLabel="Planned Capital Expenditures" smartPushOpts="0" paneID="0" labelLocation="1" />
 <block name="Capital Expenditure Infolet" resourceType="2" displayType="0" position="24" formType="0" legendLocation="3" chartType="5" resourceLabel="" smartPushOpts="0" paneID="0" labelLocation="0" chartformat="NO_LEGEND:NO_LABEL:true:@:true:@:true:@:true:@:true:false:-1:false:-1:true:@:true:@:true:@:true:@:0:0:BAR_VERT_CLUST:0:0:@:1:@:@:@:@:@:@:14:22" />
 <block name="" resourceType="9" displayType="1" position="25" formType="0" legendLocation="0" chartType="0" resourceLabel="YOY % Change" smartPushOpts="0" paneID="0" labelLocation="1" />
 <block name="Revenue YOY Infolet" resourceType="2" displayType="-1" position="26" formType="0" legendLocation="0" chartType="11" resourceLabel="" smartPushOpts="0" paneID="0" labelLocation="0" chartformat="NO_LEGEND:NO_LABEL:true:@:true:@:true:@:true:@:true:false:-1:false:-1:true:@:true:@:true:@:true:@:0:0:BAR_VERT_CLUST:0:0:@:1:@:@:@:@:@:@:14:22" />
</blocks>
 <sharedDimensions>
</sharedDimensions>
</pane>
</form>
