<?xml version = '1.0' encoding = 'UTF-8'?>
<FRFolder isInternal="true" isBrowsable="true">
   <identifier>1fb2a997-afc7-4a9e-add8-f25774861fa8</identifier>
   <Author>demoadmin</Author>
   <CreationDate>Tue Jul 17 22:25:37 UTC 2018</CreationDate>
   <Description>FR Fonts folder</Description>
   <LastModifiedBy/>
   <LastModifiedDate/>
   <ParentUUID>b4e349a0-aa60-43de-b8bc-6c02b5cfd5d5</ParentUUID>
   <Path>/HRInternalFolder</Path>
   <Name>FRFonts</Name>
   <Type>FOLDER</Type>
   <Properties/>
   <Properties size="9">
      <BINARY NAME="Value">ZmFsc2U=</BINARY>
      <Property Name="AUTO_DELETE"/>
      <Property Name="DESCRIPTION" Value="FR Fonts folder"/>
      <Property Name="NAME" Value="FRFonts"/>
      <BINARY NAME="Value">ZmFsc2U=</BINARY>
      <Property Name="Value"/>
      <BINARY NAME="Value">NDE=</BINARY>
      <Property Name="fileSize"/>
      <BINARY NAME="Value">TmFtZT0xZmIyYTk5Ny1hZmM3LTRhOWUtYWRkOC1mMjU3NzQ4NjFmYTg=</BINARY>
      <Property Name="jcr:data"/>
      <Property Name="fileSize" Value="41"/>
      <Property Name="lastModified" Value="Tue Jul 17 22:25:37 UTC 2018"/>
      <BINARY NAME="Value">VHVlIEp1bCAxNyAxNToyNTozNyBQRFQgMjAxOA==</BINARY>
      <Property Name="lastModified"/>
   </Properties>
</FRFolder>