<?xml version = '1.0' encoding = 'UTF-8'?>
<FRFolder isInternal="true" isBrowsable="true">
   <identifier>a1b23514-a315-44b8-b09b-7e340ef06d1e</identifier>
   <Author>epm_default_cloud_admin</Author>
   <CreationDate>Tue Jul 17 22:25:37 UTC 2018</CreationDate>
   <Description/>
   <LastModifiedBy/>
   <LastModifiedDate/>
   <ParentUUID>b4e349a0-aa60-43de-b8bc-6c02b5cfd5d5</ParentUUID>
   <Path>/HRInternalFolder</Path>
   <Name>UserPov</Name>
   <Type>FOLDER</Type>
   <Properties/>
   <Properties size="9">
      <BINARY NAME="Value">ZmFsc2U=</BINARY>
      <Property Name="AUTO_DELETE"/>
      <Property Name="DESCRIPTION" Value=""/>
      <Property Name="NAME" Value="UserPov"/>
      <BINARY NAME="Value">ZmFsc2U=</BINARY>
      <Property Name="Value"/>
      <BINARY NAME="Value">NDE=</BINARY>
      <Property Name="fileSize"/>
      <BINARY NAME="Value">TmFtZT1hMWIyMzUxNC1hMzE1LTQ0YjgtYjA5Yi03ZTM0MGVmMDZkMWU=</BINARY>
      <Property Name="jcr:data"/>
      <Property Name="fileSize" Value="41"/>
      <Property Name="lastModified" Value="Tue Jul 17 22:25:37 UTC 2018"/>
      <BINARY NAME="Value">VHVlIEp1bCAxNyAxNToyNTozNyBQRFQgMjAxOA==</BINARY>
      <Property Name="lastModified"/>
   </Properties>
</FRFolder>