<?xml version="1.0" encoding="utf-8"?><artifactListing><resource name="Query Definition" id="Query Definition" type="FDMEE Query Definition" cloneOnly="false" size="" path="/Global Setup Artifacts" pathAlias="/Global Setup Artifacts" modifiedBy="epm_default_cloud_admin" lastUpdated="1701235709000" description="" /><resource name="Report Group" id="Report Group" type="FDMEE Report Group" cloneOnly="false" size="" path="/Global Setup Artifacts" pathAlias="/Global Setup Artifacts" modifiedBy="epm_default_cloud_admin" lastUpdated="1701235709000" description="" /><resource name="Batch Group" id="Batch Group" type="FDMEE Batch Group" cloneOnly="false" size="" path="/Global Setup Artifacts" pathAlias="/Global Setup Artifacts" modifiedBy="epm_default_cloud_admin" lastUpdated="1701235710000" description="" /><resource name="Period Mapping" id="Period Mapping" type="FDMEE Global Period Mapping" cloneOnly="false" size="" path="/Global Setup Artifacts" pathAlias="/Global Setup Artifacts" modifiedBy="epm_default_cloud_admin" lastUpdated="1701235710000" description="" /><resource name="Category Mapping" id="Category Mapping" type="FDMEE Global Category Mapping" cloneOnly="false" size="" path="/Global Setup Artifacts" pathAlias="/Global Setup Artifacts" modifiedBy="epm_default_cloud_admin" lastUpdated="1701235710000" description="" /><resource name="Source System" id="Source System" type="FDMEE Source System" cloneOnly="false" size="" path="/Global Setup Artifacts" pathAlias="/Global Setup Artifacts" modifiedBy="epm_default_cloud_admin" lastUpdated="1701235710000" description="" /><resource name="Location Security" id="Location Security" type="FDMEE Location Security" cloneOnly="false" size="" path="/Global Setup Artifacts" pathAlias="/Global Setup Artifacts" modifiedBy="epm_default_cloud_admin" lastUpdated="1701235710000" description="" /><resource name="Clusters" id="Clusters" type="FDMEE Clusters" cloneOnly="false" size="" path="/Global Setup Artifacts" pathAlias="/Global Setup Artifacts" modifiedBy="epm_default_cloud_admin" lastUpdated="1701235710000" description="" /><resource name="View Definition" id="View Definition" type="FDMEE View Definition" cloneOnly="false" size="" path="/Global Setup Artifacts" pathAlias="/Global Setup Artifacts" modifiedBy="" lastUpdated="-1" description="" /><resource name="Report Definition" id="Report Definition" type="FDMEE Report Definition" cloneOnly="false" size="" path="/Global Setup Artifacts" pathAlias="/Global Setup Artifacts" modifiedBy="epm_default_cloud_admin" lastUpdated="1701235710000" description="" /><resource name="Security Setting" id="Security Setting" type="FDMEE Security Setting" cloneOnly="false" size="" path="/Global Setup Artifacts" pathAlias="/Global Setup Artifacts" modifiedBy="epm_default_cloud_admin" lastUpdated="1701235710000" description="" /><resource name="Application Definition" id="Application Definition" type="FDMEE Application Definition" cloneOnly="false" size="" path="/Application Data/Planning Applications/Vision" pathAlias="/Application Data/Planning Applications/Vision" modifiedBy="epm_default_cloud_admin" lastUpdated="1701235713000" description="" /><resource name="Application Period Mapping" id="Application Period Mapping" type="FDMEE Application Period Mapping" cloneOnly="false" size="" path="/Application Data/Planning Applications/Vision" pathAlias="/Application Data/Planning Applications/Vision" modifiedBy="epm_default_cloud_admin" lastUpdated="1701235713000" description="" /><resource name="File" id="File" type="FDMEE Source Period Mapping" cloneOnly="false" size="" path="/Global Setup Artifacts/Source Period Mapping" pathAlias="/Global Setup Artifacts/Source Period Mapping" modifiedBy="epm_default_cloud_admin" lastUpdated="1701235713000" description="" /><resource name="Data Source" id="Data Source" type="FDMEE Source Period Mapping" cloneOnly="false" size="" path="/Global Setup Artifacts/Source Period Mapping" pathAlias="/Global Setup Artifacts/Source Period Mapping" modifiedBy="epm_default_cloud_admin" lastUpdated="1701235713000" description="" /><resource name="Application Category Mapping" id="Application Category Mapping" type="FDMEE Application Category Mapping" cloneOnly="false" size="" path="/Application Data/Planning Applications/Vision" pathAlias="/Application Data/Planning Applications/Vision" modifiedBy="epm_default_cloud_admin" lastUpdated="1701235713000" description="" /><resource name="Explicit Source Period Mapping" id="Explicit Source Period Mapping" type="FDMEE Explicit Source Period Mapping" cloneOnly="false" size="" path="/Application Data/Planning Applications/Vision" pathAlias="/Application Data/Planning Applications/Vision" modifiedBy="epm_default_cloud_admin" lastUpdated="1701235713000" description="" /><resource name="Import Format" id="Import Format" type="FDMEE Import Format" cloneOnly="false" size="" path="/Application Data/Planning Applications/Vision" pathAlias="/Application Data/Planning Applications/Vision" modifiedBy="epm_default_cloud_admin" lastUpdated="1701235713000" description="" /><resource name="Check Group" id="Check Group" type="FDMEE Check Entity Group" cloneOnly="false" size="" path="/Application Data/Planning Applications/Vision" pathAlias="/Application Data/Planning Applications/Vision" modifiedBy="epm_default_cloud_admin" lastUpdated="1701235714000" description="" /><resource name="Check Rule" id="Check Rule" type="FDMEE Check Rule Group" cloneOnly="false" size="" path="/Application Data/Planning Applications/Vision" pathAlias="/Application Data/Planning Applications/Vision" modifiedBy="epm_default_cloud_admin" lastUpdated="1701235714000" description="" /><resource name="Logic Group" id="Logic Group" type="FDMEE Logic Group" cloneOnly="false" size="" path="/Application Data/Planning Applications/Vision" pathAlias="/Application Data/Planning Applications/Vision" modifiedBy="epm_default_cloud_admin" lastUpdated="1701235714000" description="" /><resource name="System Setting" id="System Setting" type="FDMEE System Setting" cloneOnly="false" size="" path="/Global Setup Artifacts" pathAlias="/Global Setup Artifacts" modifiedBy="epm_default_cloud_admin" lastUpdated="1701235714000" description="" /><resource name="Location" id="Location" type="FDMEE Location" cloneOnly="false" size="" path="/Application Data/Planning Applications/Vision" pathAlias="/Application Data/Planning Applications/Vision" modifiedBy="epm_default_cloud_admin" lastUpdated="1701235714000" description="" /><resource name="Data Load Rule" id="Data Load Rule" type="FDMEE Data Load Rule" cloneOnly="false" size="" path="/Application Data/Planning Applications/Vision" pathAlias="/Application Data/Planning Applications/Vision" modifiedBy="epm_default_cloud_admin" lastUpdated="1701235714000" description="" /><resource name="Data Load Mapping" id="Data Load Mapping" type="FDMEE Data Load Mapping" cloneOnly="false" size="" path="/Application Data/Planning Applications/Vision" pathAlias="/Application Data/Planning Applications/Vision" modifiedBy="epm_default_cloud_admin" lastUpdated="1701235715000" description="" /><resource name="DelimitedLoc" id="DelimitedLoc" type="FDMEE Data Load Mapping By Location" cloneOnly="false" size="" path="/Application Data/Planning Applications/Vision/Data Load Mapping By Location" pathAlias="/Application Data/Planning Applications/Vision/Data Load Mapping By Location" modifiedBy="" lastUpdated="-1" description="" /><resource name="Vision" id="Vision" type="FDMEE Data Load Mapping By Location" cloneOnly="false" size="" path="/Application Data/Planning Applications/Vision/Data Load Mapping By Location" pathAlias="/Application Data/Planning Applications/Vision/Data Load Mapping By Location" modifiedBy="" lastUpdated="-1" description="" /><resource name="Application Drill Details" id="Application Drill Details" type="FDMEE Application Drill Details" cloneOnly="false" size="" path="/Application Data/Planning Applications/Vision" pathAlias="/Application Data/Planning Applications/Vision" modifiedBy="" lastUpdated="-1" description="" /><resource name="Batch Definition" id="Batch Definition" type="FDMEE Batch Definition" cloneOnly="false" size="" path="/Application Data/Planning Applications/Vision" pathAlias="/Application Data/Planning Applications/Vision" modifiedBy="epm_default_cloud_admin" lastUpdated="1701235715000" description="" /><resource name="Cluster Assignments" id="Cluster Assignments" type="FDMEE Cluster Assignments" cloneOnly="false" size="" path="/Cross Application Data" pathAlias="/Cross Application Data" modifiedBy="epm_default_cloud_admin" lastUpdated="1701235715000" description="" /><resource name="View Defaults" id="View Defaults" type="FDMEE View Defaults" cloneOnly="false" size="" path="/Cross Application Data" pathAlias="/Cross Application Data" modifiedBy="" lastUpdated="-1" description="" /><resource name="Multi-Application Batches" id="Multi-Application Batches" type="FDMEE Multi-Application Batches" cloneOnly="false" size="" path="/Cross Application Data" pathAlias="/Cross Application Data" modifiedBy="epm_default_cloud_admin" lastUpdated="1701235715000" description="" /><resource name="Business Rule Assignments" id="Business Rule Assignments" type="FDMEE Business Rule Assignments" cloneOnly="false" size="" path="/Cross Application Data" pathAlias="/Cross Application Data" modifiedBy="epm_default_cloud_admin" lastUpdated="1701235715000" description="" /><folder name="Global Setup Artifacts" type="Folder" size="" id="Global Setup Artifacts" path="/Global Setup Artifacts" pathAlias="/Global Setup Artifacts" modifiedBy="" lastUpdated="-1" description="" /><folder name="Source Period Mapping" type="Folder" size="" id="Source Period Mapping" path="/Global Setup Artifacts/Source Period Mapping" pathAlias="/Global Setup Artifacts/Source Period Mapping" modifiedBy="" lastUpdated="-1" description="" /><folder name="Application Data" type="Folder" size="" id="Application Data" path="/Application Data" pathAlias="/Application Data" modifiedBy="" lastUpdated="-1" description="" /><folder name="Planning Applications" type="Folder" size="" id="Planning Applications" path="/Application Data/Planning Applications" pathAlias="/Application Data/Planning Applications" modifiedBy="" lastUpdated="-1" description="" /><folder name="Vision" type="Folder" size="" id="Vision" path="/Application Data/Planning Applications/Vision" pathAlias="/Application Data/Planning Applications/Vision" modifiedBy="" lastUpdated="-1" description="" /><folder name="Data Load Mapping By Location" type="Folder" size="" id="Data Load Mapping By Location" path="/Application Data/Planning Applications/Vision/Data Load Mapping By Location" pathAlias="/Application Data/Planning Applications/Vision/Data Load Mapping By Location" modifiedBy="" lastUpdated="-1" description="" /><folder name="Cross Application Data" type="Folder" size="" id="Cross Application Data" path="/Cross Application Data" pathAlias="/Cross Application Data" modifiedBy="" lastUpdated="-1" description="" /></artifactListing>