<?xml version="1.0" encoding="utf-8"?><artifactListing><resource name="Users" id="Users.csv" type="Users" cloneOnly="false" size="" path="/Native Directory" pathAlias="/Native Directory" modifiedBy="Shared Services System" lastUpdated="1701158747000" description="" /><resource name="Predefined-Groups" id="Predefined-Groups.csv" type="Predefined-Groups" cloneOnly="false" size="" path="/Native Directory" pathAlias="/Native Directory" modifiedBy="" lastUpdated="" description="" /><resource name="Groups" id="Groups.csv" type="Groups" cloneOnly="false" size="" path="/Native Directory" pathAlias="/Native Directory" modifiedBy="epm_default_cloud_admin" lastUpdated="1701235648000" description="" /><resource name="Roles" id="Roles.csv" type="Aggregated Roles" cloneOnly="false" size="" path="/Native Directory" pathAlias="/Native Directory" modifiedBy="Shared Services System" lastUpdated="1701158753000" description="" /><resource name="AVision" id="AVision.csv" type="Assigned Roles" cloneOnly="false" size="" path="/Native Directory/Assigned Roles/EssbaseCluster-1" pathAlias="/Native Directory/Assigned Roles/EssbaseCluster-1" modifiedBy="epm_default_cloud_admin" lastUpdated="1701235640000" description="" /><resource name="BVision" id="BVision.csv" type="Assigned Roles" cloneOnly="false" size="" path="/Native Directory/Assigned Roles/EssbaseCluster-1" pathAlias="/Native Directory/Assigned Roles/EssbaseCluster-1" modifiedBy="epm_default_cloud_admin" lastUpdated="1701235644000" description="" /><resource name="EssbaseCluster-1" id="EssbaseCluster-1.csv" type="Assigned Roles" cloneOnly="false" size="" path="/Native Directory/Assigned Roles/EssbaseCluster-1" pathAlias="/Native Directory/Assigned Roles/EssbaseCluster-1" modifiedBy="Shared Services System" lastUpdated="1701158753000" description="" /><resource name="Vision" id="Vision.csv" type="Assigned Roles" cloneOnly="false" size="" path="/Native Directory/Assigned Roles/EssbaseCluster-1" pathAlias="/Native Directory/Assigned Roles/EssbaseCluster-1" modifiedBy="epm_default_cloud_admin" lastUpdated="1701235622000" description="" /><resource name="Calculation Manager" id="Calculation Manager.csv" type="Assigned Roles" cloneOnly="false" size="" path="/Native Directory/Assigned Roles/Foundation" pathAlias="/Native Directory/Assigned Roles/Foundation" modifiedBy="" lastUpdated="" description="" /><resource name="Deployment Metadata" id="Deployment Metadata.csv" type="Assigned Roles" cloneOnly="false" size="" path="/Native Directory/Assigned Roles/Foundation" pathAlias="/Native Directory/Assigned Roles/Foundation" modifiedBy="" lastUpdated="" description="" /><resource name="Shared Services" id="Shared Services.csv" type="Assigned Roles" cloneOnly="false" size="" path="/Native Directory/Assigned Roles/Foundation" pathAlias="/Native Directory/Assigned Roles/Foundation" modifiedBy="Shared Services System" lastUpdated="1701158753000" description="" /><resource name="Vision" id="Vision.csv" type="Assigned Roles" cloneOnly="false" size="" path="/Native Directory/Assigned Roles/Default Application Group" pathAlias="/Native Directory/Assigned Roles/Default Application Group" modifiedBy="Shared Services System" lastUpdated="1701235648000" description="" /><resource name="Document Repository" id="Document Repository.csv" type="Assigned Roles" cloneOnly="false" size="" path="/Native Directory/Assigned Roles/Default Application Group" pathAlias="/Native Directory/Assigned Roles/Default Application Group" modifiedBy="Shared Services System" lastUpdated="1701235648000" description="" /><resource name="FDM Enterprise Edition" id="FDM Enterprise Edition.csv" type="Assigned Roles" cloneOnly="false" size="" path="/Native Directory/Assigned Roles/FDM" pathAlias="/Native Directory/Assigned Roles/FDM" modifiedBy="Shared Services System" lastUpdated="1701158753000" description="" /><resource name="Options" id="Options.csv" type="Infra Options" cloneOnly="false" size="" path="/Options" pathAlias="/Options" modifiedBy="" lastUpdated="" description="" /><folder name="Native Directory" type="Folder" size="" id="Native Directory" path="/Native Directory" pathAlias="/Native Directory" modifiedBy="" lastUpdated="" description="" /><folder name="Assigned Roles" type="Folder" size="" id="Assigned Roles" path="/Native Directory/Assigned Roles" pathAlias="/Native Directory/Assigned Roles" modifiedBy="Shared Services System" lastUpdated="1701235648000" description="" /><folder name="EssbaseCluster-1" type="Folder" size="" id="EssbaseCluster-1" path="/Native Directory/Assigned Roles/EssbaseCluster-1" pathAlias="/Native Directory/Assigned Roles/EssbaseCluster-1" modifiedBy="epm_default_cloud_admin" lastUpdated="1701235644000" description="" /><folder name="Foundation" type="Folder" size="" id="Foundation" path="/Native Directory/Assigned Roles/Foundation" pathAlias="/Native Directory/Assigned Roles/Foundation" modifiedBy="Shared Services System" lastUpdated="1701158753000" description="" /><folder name="Default Application Group" type="Folder" size="" id="Default Application Group" path="/Native Directory/Assigned Roles/Default Application Group" pathAlias="/Native Directory/Assigned Roles/Default Application Group" modifiedBy="Shared Services System" lastUpdated="1701235648000" description="" /><folder name="FDM" type="Folder" size="" id="FDM" path="/Native Directory/Assigned Roles/FDM" pathAlias="/Native Directory/Assigned Roles/FDM" modifiedBy="Shared Services System" lastUpdated="1701158753000" description="" /><folder name="Options" type="Folder" size="" id="Options" path="/Options" pathAlias="/Options" modifiedBy="" lastUpdated="" description="" /></artifactListing>