<?xml version="1.0" encoding="utf-8"?><artifactListing><folder name="Repository Objects" type="Folder" size="" id="ROOTfr" path="/Repository Objects" pathAlias="/Repository Objects" modifiedBy="demoadmin" lastUpdated="1531866337000" description="Hyperion Root Folder" /><folder name="HRInternalFolder" type="Folder" size="" id="b4e349a0-aa60-43de-b8bc-6c02b5cfd5d5" path="/Repository Objects/HRInternalFolder" pathAlias="/Repository Objects/HRInternalFolder" modifiedBy="epm_default_cloud_admin" lastUpdated="1531866337000" description="" /><folder name="UserPov" type="Folder" size="" id="a1b23514-a315-44b8-b09b-7e340ef06d1e" path="/Repository Objects/HRInternalFolder/UserPov" pathAlias="/Repository Objects/HRInternalFolder/UserPov" modifiedBy="epm_default_cloud_admin" lastUpdated="1531866337000" description="" /><folder name="DataSources" type="Folder" size="" id="c734ddf3-6a30-4a75-897f-173affa4d832" path="/Repository Objects/HRInternalFolder/DataSources" pathAlias="/Repository Objects/HRInternalFolder/DataSources" modifiedBy="epm_default_cloud_admin" lastUpdated="1531866337000" description="" /><folder name="HRScheduler" type="Folder" size="" id="b8f044dd-814d-40a4-92e1-31c7c22cca0c" path="/Repository Objects/HRInternalFolder/HRScheduler" pathAlias="/Repository Objects/HRInternalFolder/HRScheduler" modifiedBy="epm_default_cloud_admin" lastUpdated="1531866337000" description="" /><folder name="Vision" type="Folder" size="" id="0000012886daf238-0000-b431-7f000001" path="/Repository Objects/Vision" pathAlias="/Repository Objects/Vision" modifiedBy="demoadmin" lastUpdated="1531866337000" description="" /><folder name="Forecast Reports" type="Folder" size="" id="000001596fa09e9a-0000-f579-0afd8597" path="/Repository Objects/Vision/Forecast Reports" pathAlias="/Repository Objects/Vision/Forecast Reports" modifiedBy="demoadmin" lastUpdated="1531866337000" description="" /><folder name="Plan1" type="Folder" size="" id="0000014977c60c58-0000-9477-0adf8033" path="/Repository Objects/Vision/Plan1" pathAlias="/Repository Objects/Vision/Plan1" modifiedBy="demoadmin" lastUpdated="1531866337000" description="" /><folder name="Plan Reports" type="Folder" size="" id="000001596fa063a0-0000-f579-0afd8597" path="/Repository Objects/Vision/Plan Reports" pathAlias="/Repository Objects/Vision/Plan Reports" modifiedBy="demoadmin" lastUpdated="1531866337000" description="" /><folder name="FRFonts" type="Folder" size="" id="1fb2a997-afc7-4a9e-add8-f25774861fa8" path="/Repository Objects/HRInternalFolder/FRFonts" pathAlias="/Repository Objects/HRInternalFolder/FRFonts" modifiedBy="demoadmin" lastUpdated="1531866337000" description="FR Fonts folder" /><folder name="FRObjects" type="Folder" size="" id="ba0e80ef-df86-40ed-b3a2-6fbcc9bf8c4b" path="/Repository Objects/HRInternalFolder/FRObjects" pathAlias="/Repository Objects/HRInternalFolder/FRObjects" modifiedBy="demoadmin" lastUpdated="1531866337000" description="" /><folder name="Preferences" type="Folder" size="" id="Preference" path="/Repository Objects/HRInternalFolder/Preferences" pathAlias="/Repository Objects/HRInternalFolder/Preferences" modifiedBy="epm_default_cloud_admin" lastUpdated="1701290492000" description="" /><resource name="RecentFilesObject.txt" id="3bbd9716-5cc6-4a4e-bd63-1a44f1388fbb" type="text/plain" cloneOnly="false" size="0" path="/Repository Objects/HRInternalFolder/FRObjects" pathAlias="/Repository Objects/HRInternalFolder/FRObjects" modifiedBy="demoadmin" lastUpdated="1531866339000" description="" /><resource name="FRMbeansConfig.txt" id="a0d0d6db-d804-498d-8965-88ba45ecfc1e" type="text/plain" cloneOnly="false" size="0" path="/Repository Objects/HRInternalFolder" pathAlias="/Repository Objects/HRInternalFolder" modifiedBy="demoadmin" lastUpdated="1531866339000" description="Hyperion Reports Mbeans Configuration Object" /><resource name="Header" id="0000012ffaff1024-0000-1dbf-c0646464" type="application/hyperion-reports-text_object" cloneOnly="false" size="0" path="/Repository Objects/Vision" pathAlias="/Repository Objects/Vision" modifiedBy="demoadmin" lastUpdated="1531866339000" description="" /><resource name="Timestamp" id="0000015fdf2538e2-0000-31f9-0afd8a47" type="application/hyperion-reports-text_object" cloneOnly="false" size="0" path="/Repository Objects/Vision" pathAlias="/Repository Objects/Vision" modifiedBy="demoadmin" lastUpdated="1531866339000" description="" /><resource name="Separator" id="0000015fda88d7df-0000-31f9-0afd8a47" type="application/hyperion-reports-image" cloneOnly="false" size="0" path="/Repository Objects/Vision" pathAlias="/Repository Objects/Vision" modifiedBy="demoadmin" lastUpdated="1531866339000" description="" /><resource name="Logo" id="0000015fda53c2a2-0000-31f9-0afd8a47" type="application/hyperion-reports-image" cloneOnly="false" size="0" path="/Repository Objects/Vision" pathAlias="/Repository Objects/Vision" modifiedBy="demoadmin" lastUpdated="1531866339000" description="" /><resource name="DatasourceList_93" id="7a6c0335-9d17-4482-9a53-bfb1a84fe8d3" type="application/hyperion-reports-datasource" cloneOnly="false" size="0" path="/Repository Objects/HRInternalFolder/DataSources" pathAlias="/Repository Objects/HRInternalFolder/DataSources" modifiedBy="epm_default_cloud_admin" lastUpdated="1701235696157" description="" /><resource name="Account Summary Report - Forecast" id="00000146b52dc44e-0000-600e-0adf802d" type="application/hyperion-reports-report" cloneOnly="false" size="0" path="/Repository Objects/Vision/Forecast Reports" pathAlias="/Repository Objects/Vision/Forecast Reports" modifiedBy="demoadmin" lastUpdated="1531866339000" description="Account Summary Report" /><resource name="Forecast Income Statement - Functional" id="00000146b52dc484-0000-600e-0adf802d" type="application/hyperion-reports-report" cloneOnly="false" size="0" path="/Repository Objects/Vision/Forecast Reports" pathAlias="/Repository Objects/Vision/Forecast Reports" modifiedBy="demoadmin" lastUpdated="1531866339000" description="Functional Income Statement" /><resource name="Account Detail Report" id="0000013cb6560c80-0000-16f8-0ae848cf" type="application/hyperion-reports-report" cloneOnly="false" size="0" path="/Repository Objects/Vision/Forecast Reports" pathAlias="/Repository Objects/Vision/Forecast Reports" modifiedBy="demoadmin" lastUpdated="1531866339000" description="Account Detail Report" /><resource name="Cash Flows - Forecast" id="0000013c68042748-0000-f8fb-8c54f953" type="application/hyperion-reports-report" cloneOnly="false" size="0" path="/Repository Objects/Vision/Forecast Reports" pathAlias="/Repository Objects/Vision/Forecast Reports" modifiedBy="demoadmin" lastUpdated="1531866339000" description="Statement of Cash Flows" /><resource name="Balance Sheet - Forecast" id="0000013cb6560eb8-0000-16f8-0ae848cf" type="application/hyperion-reports-report" cloneOnly="false" size="0" path="/Repository Objects/Vision/Forecast Reports" pathAlias="/Repository Objects/Vision/Forecast Reports" modifiedBy="demoadmin" lastUpdated="1531866340000" description="Balance Sheet" /><resource name="Forecast Income Statement - Quarterly" id="00000146b52dc4c3-0000-600e-0adf802d" type="application/hyperion-reports-report" cloneOnly="false" size="0" path="/Repository Objects/Vision/Forecast Reports" pathAlias="/Repository Objects/Vision/Forecast Reports" modifiedBy="demoadmin" lastUpdated="1531866340000" description="Quarterly Income Statement" /><resource name="Income Statement - Monthly" id="0000013c680db7c3-0000-f8fb-8c54f953" type="application/hyperion-reports-report" cloneOnly="false" size="0" path="/Repository Objects/Vision/Plan Reports" pathAlias="/Repository Objects/Vision/Plan Reports" modifiedBy="demoadmin" lastUpdated="1531866340000" description="Monthly Statement of Income" /><resource name="Income Statement - Functional" id="00000146b52dc4fa-0000-600e-0adf802d" type="application/hyperion-reports-report" cloneOnly="false" size="0" path="/Repository Objects/Vision/Plan Reports" pathAlias="/Repository Objects/Vision/Plan Reports" modifiedBy="demoadmin" lastUpdated="1531866340000" description="Functional Statement of Income" /><resource name="Revenue by Territory" id="00000146b52dc575-0000-600e-0adf802d" type="application/hyperion-reports-report" cloneOnly="false" size="0" path="/Repository Objects/Vision/Plan Reports" pathAlias="/Repository Objects/Vision/Plan Reports" modifiedBy="demoadmin" lastUpdated="1531866340000" description="Revenue by Territory" /><resource name="Cash Flows" id="0000013c680764a3-0000-f8fb-8c54f953" type="application/hyperion-reports-report" cloneOnly="false" size="0" path="/Repository Objects/Vision/Plan Reports" pathAlias="/Repository Objects/Vision/Plan Reports" modifiedBy="demoadmin" lastUpdated="1531866340000" description="Statement of Cash Flows" /><resource name="Account Summary Report" id="00000146b52dc409-0000-600e-0adf802d" type="application/hyperion-reports-report" cloneOnly="false" size="0" path="/Repository Objects/Vision/Plan Reports" pathAlias="/Repository Objects/Vision/Plan Reports" modifiedBy="demoadmin" lastUpdated="1531866340000" description="Account Summary Report" /><resource name="Variance Explanations" id="0000013ca6a74775-0000-16f8-0ae848cf" type="application/hyperion-reports-report" cloneOnly="false" size="0" path="/Repository Objects/Vision/Plan Reports" pathAlias="/Repository Objects/Vision/Plan Reports" modifiedBy="demoadmin" lastUpdated="1531866341000" description="Department Variance Report" /><resource name="Income Statement - Act vs Plan" id="0000013c67cd5058-0000-f8fb-8c54f953" type="application/hyperion-reports-report" cloneOnly="false" size="0" path="/Repository Objects/Vision/Plan Reports" pathAlias="/Repository Objects/Vision/Plan Reports" modifiedBy="demoadmin" lastUpdated="1531866340000" description="Vision Income Statement - Plan" /><resource name="Income Statement - Trend" id="0000013c68335ec3-0000-f8fb-8c54f953" type="application/hyperion-reports-report" cloneOnly="false" size="0" path="/Repository Objects/Vision/Plan Reports" pathAlias="/Repository Objects/Vision/Plan Reports" modifiedBy="demoadmin" lastUpdated="1531866340000" description="Statement of Income - Trend" /><resource name="Income Statement - Quarterly" id="00000146b52dc53e-0000-600e-0adf802d" type="application/hyperion-reports-report" cloneOnly="false" size="0" path="/Repository Objects/Vision/Plan Reports" pathAlias="/Repository Objects/Vision/Plan Reports" modifiedBy="demoadmin" lastUpdated="1531866340000" description="Quarterly Income Statement" /><resource name="Revenue by Market Size" id="0000015453420789-0000-01b7-0af11646" type="application/hyperion-reports-report" cloneOnly="false" size="0" path="/Repository Objects/Vision/Plan Reports" pathAlias="/Repository Objects/Vision/Plan Reports" modifiedBy="demoadmin" lastUpdated="1531866340000" description="Revenue by Market Size" /><resource name="Balance Sheet" id="0000013cb6560d7f-0000-16f8-0ae848cf" type="application/hyperion-reports-report" cloneOnly="false" size="0" path="/Repository Objects/Vision/Plan Reports" pathAlias="/Repository Objects/Vision/Plan Reports" modifiedBy="demoadmin" lastUpdated="1531866340000" description="Balance Sheet" /><resource name="demoadmin__7c770acd_14cc8052be4_-7b4f" id="58ff72f2-336b-4e82-8068-70646764e629" type="application/hyperion-reports-pov" cloneOnly="false" size="0" path="/Repository Objects/HRInternalFolder/UserPov" pathAlias="/Repository Objects/HRInternalFolder/UserPov" modifiedBy="demoadmin" lastUpdated="1531866340000" description="" /><resource name="Kerry.Lane__7c770acd_14cc8052be4_-7b4f" id="f9dc2ac2-f34e-4ee0-8c82-f190a160c4bc" type="application/hyperion-reports-pov" cloneOnly="false" size="0" path="/Repository Objects/HRInternalFolder/UserPov" pathAlias="/Repository Objects/HRInternalFolder/UserPov" modifiedBy="Kerry.Lane" lastUpdated="1531866340000" description="" /><resource name="Financial Statements - Forecast" id="0000013c6812d061-0000-f8fb-8c54f953" type="application/hyperion-reports-book" cloneOnly="false" size="0" path="/Repository Objects/Vision/Forecast Reports" pathAlias="/Repository Objects/Vision/Forecast Reports" modifiedBy="demoadmin" lastUpdated="1531866341000" description="" /><resource name="Financial Statements - Plan" id="0000013c681bf58b-0000-f8fb-8c54f953" type="application/hyperion-reports-book" cloneOnly="false" size="0" path="/Repository Objects/Vision/Plan Reports" pathAlias="/Repository Objects/Vision/Plan Reports" modifiedBy="demoadmin" lastUpdated="1531866341000" description="" /><folder name="Repository Objects" type="Folder" size="" id="ROOTfr" path="/Repository Objects" pathAlias="/Repository Objects" modifiedBy="demoadmin" lastUpdated="1531866337000" description="Hyperion Root Folder" /><folder name="HRInternalFolder" type="Folder" size="" id="b4e349a0-aa60-43de-b8bc-6c02b5cfd5d5" path="/Repository Objects/HRInternalFolder" pathAlias="/Repository Objects/HRInternalFolder" modifiedBy="epm_default_cloud_admin" lastUpdated="1531866337000" description="" /><folder name="UserPov" type="Folder" size="" id="a1b23514-a315-44b8-b09b-7e340ef06d1e" path="/Repository Objects/HRInternalFolder/UserPov" pathAlias="/Repository Objects/HRInternalFolder/UserPov" modifiedBy="epm_default_cloud_admin" lastUpdated="1531866337000" description="" /><folder name="DataSources" type="Folder" size="" id="c734ddf3-6a30-4a75-897f-173affa4d832" path="/Repository Objects/HRInternalFolder/DataSources" pathAlias="/Repository Objects/HRInternalFolder/DataSources" modifiedBy="epm_default_cloud_admin" lastUpdated="1531866337000" description="" /><folder name="HRScheduler" type="Folder" size="" id="b8f044dd-814d-40a4-92e1-31c7c22cca0c" path="/Repository Objects/HRInternalFolder/HRScheduler" pathAlias="/Repository Objects/HRInternalFolder/HRScheduler" modifiedBy="epm_default_cloud_admin" lastUpdated="1531866337000" description="" /><folder name="FRFonts" type="Folder" size="" id="1fb2a997-afc7-4a9e-add8-f25774861fa8" path="/Repository Objects/HRInternalFolder/FRFonts" pathAlias="/Repository Objects/HRInternalFolder/FRFonts" modifiedBy="demoadmin" lastUpdated="1531866337000" description="FR Fonts folder" /><folder name="FRObjects" type="Folder" size="" id="ba0e80ef-df86-40ed-b3a2-6fbcc9bf8c4b" path="/Repository Objects/HRInternalFolder/FRObjects" pathAlias="/Repository Objects/HRInternalFolder/FRObjects" modifiedBy="demoadmin" lastUpdated="1531866337000" description="" /><folder name="Preferences" type="Folder" size="" id="Preference" path="/Repository Objects/HRInternalFolder/Preferences" pathAlias="/Repository Objects/HRInternalFolder/Preferences" modifiedBy="epm_default_cloud_admin" lastUpdated="1701290492000" description="" /><folder name="Vision" type="Folder" size="" id="0000012886daf238-0000-b431-7f000001" path="/Repository Objects/Vision" pathAlias="/Repository Objects/Vision" modifiedBy="demoadmin" lastUpdated="1531866337000" description="" /><folder name="Forecast Reports" type="Folder" size="" id="000001596fa09e9a-0000-f579-0afd8597" path="/Repository Objects/Vision/Forecast Reports" pathAlias="/Repository Objects/Vision/Forecast Reports" modifiedBy="demoadmin" lastUpdated="1531866337000" description="" /><folder name="Plan1" type="Folder" size="" id="0000014977c60c58-0000-9477-0adf8033" path="/Repository Objects/Vision/Plan1" pathAlias="/Repository Objects/Vision/Plan1" modifiedBy="demoadmin" lastUpdated="1531866337000" description="" /><folder name="Plan Reports" type="Folder" size="" id="000001596fa063a0-0000-f579-0afd8597" path="/Repository Objects/Vision/Plan Reports" pathAlias="/Repository Objects/Vision/Plan Reports" modifiedBy="demoadmin" lastUpdated="1531866337000" description="" /></artifactListing>