<?xml version="1.0" encoding="UTF-8" ?>
 <UserVariables xmlns:xsi="http://www.w3.org/2001/XMLSchema-instance" >
 <UserVariable Name="Account View" Dimension="Account" ContextSensitive="false" >
</UserVariable>
 <UserVariable Name="Entity" Dimension="Entity" ContextSensitive="false" >
</UserVariable>
 <UserVariable Name="Entity View" Dimension="Entity" ContextSensitive="false" >
</UserVariable>
 <UserVariable Name="HSP_View" Dimension="HSP_View" ContextSensitive="false" >
</UserVariable>
 <UserVariable Name="Market View" Dimension="Market Size" ContextSensitive="false" >
</UserVariable>
 <UserVariable Name="Period" Dimension="Period" ContextSensitive="false" >
</UserVariable>
 <UserVariable Name="Product" Dimension="Product" ContextSensitive="false" >
</UserVariable>
 <UserVariable Name="ProductFamily" Dimension="Product" ContextSensitive="false" >
 <mbrSelection>P_TP1</mbrSelection>
</UserVariable>
 <UserVariable Name="Sales Entity" Dimension="Entity" ContextSensitive="false" >
 <mbrSelection>Children(403)</mbrSelection>
</UserVariable>
 <UserVariable Name="Scenario" Dimension="Scenario" ContextSensitive="false" >
</UserVariable>
 <UserVariable Name="Scenario View" Dimension="Scenario" ContextSensitive="false" >
</UserVariable>
 <UserVariable Name="Version" Dimension="Version" ContextSensitive="false" >
</UserVariable>
 <UserVariable Name="Version View" Dimension="Version" ContextSensitive="false" >
</UserVariable>
 <UserVariable Name="Year" Dimension="Year" ContextSensitive="false" >
</UserVariable>
</UserVariables>
