#group
id,provider,name,description,internal_id
Analyst,Native Directory,Analyst,Used for access assignments for Users,native://nvid=729d5a98db069bfe:d4b686d:16483715693:-7cef?GROUP
Interactive User,Native Directory,Interactive User,Used for access assignments for Power Users,native://nvid=729d5a98db069bfe:d4b686d:16483715693:-7cf4?GROUP
Reviewer,Native Directory,Reviewer,Used for access assignments for Viewers,native://nvid=729d5a98db069bfe:d4b686d:16483715693:-7cf0?GROUP
Strategic Planner,Native Directory,Strategic Planner,Used for navigation flow assignment - all groups,native://nvid=9d05e10402cf222b:68833efb:161425af4a0:-7f71?GROUP
Super User,Native Directory,Super User,Administrators - used for Administrator Navigation Flows,native://nvid=729d5a98db069bfe:d4b686d:16483715693:-7cf5?GROUP



#group_children
id,group_id,group_provider,user_id,user_provider
Strategic Planner,Analyst,Native Directory,,
Strategic Planner,Interactive User,Native Directory,,
Strategic Planner,Reviewer,Native Directory,,
Strategic Planner,Super User,Native Directory,,



#group_children
id,group_id,group_provider,user_id,user_provider
Super User,,,epm_default_cloud_admin,Native Directory



