#group
id,provider,name,description,internal_id
Power User,Native Directory,Power User,Power User Role,rest://displayName=Power_User?GROUP
Service Administrator,Native Directory,Service Administrator,Service Administrator Role,rest://displayName=Service_Administrator?GROUP
User,Native Directory,User,User Role,rest://displayName=User?GROUP
Viewer,Native Directory,Viewer,Viewer Role,rest://displayName=Viewer?GROUP



#group_children
id,group_id,group_provider,user_id,user_provider
Service Administrator,,,epm_default_cloud_admin,Native Directory



