﻿#!-- HEADERBLOCK DIMENSION XML
<?xml version="1.0" encoding="UTF-8" ?>
<DIMENSIONS>
 <Dimension name="Channel" EnabledForCellLevelSecurity="true" origname="Channel" EnabledForApprovalGroups="true" DataId="81687241114857" EnabledForValidIntersections="true" comment="" dimensionType="None" csversion="2.5" OldName="Channel" density="Sparse" dimensionName="Custom" DimensionAlias="Channel" UUID="d5537c02-a093-45c0-8f37-ff27c97e2477" OldUniqueName="" >
 <Plan1Density>Sparse</Plan1Density>
 <Plan2Density>Sparse</Plan2Density>
 <Plan3Density>Sparse</Plan3Density>
 <Plan4Density>Sparse</Plan4Density>
 <Plan5Density>Sparse</Plan5Density>
 <Plan6Density>Sparse</Plan6Density>
 <Plan7Density>Sparse</Plan7Density>
 <Plan8Density>Sparse</Plan8Density>
 <Plan9Density>Sparse</Plan9Density>
 <Plan10Density>Sparse</Plan10Density>
 <Plan11Density>Sparse</Plan11Density>
 <Plan12Density>Sparse</Plan12Density>
 <Plan13Density>Sparse</Plan13Density>
 <Plan14Density>Sparse</Plan14Density>
 <Plan15Density>Sparse</Plan15Density>
 <EnumOrder1>0</EnumOrder1>
 <EnumOrder2>0</EnumOrder2>
 <EnumOrder3>0</EnumOrder3>
 <EnumOrder4>0</EnumOrder4>
 <EnumOrder5>0</EnumOrder5>
 <EnumOrder6>0</EnumOrder6>
 <EnumOrder7>0</EnumOrder7>
 <EnumOrder8>0</EnumOrder8>
 <EnumOrder9>0</EnumOrder9>
 <EnumOrder10>0</EnumOrder10>
 <EnumOrder11>0</EnumOrder11>
 <EnumOrder12>0</EnumOrder12>
 <EnumOrder13>0</EnumOrder13>
 <EnumOrder14>0</EnumOrder14>
 <EnumOrder15>0</EnumOrder15>
 <Plan1PerfOrder>16</Plan1PerfOrder>
 <Plan2PerfOrder>16</Plan2PerfOrder>
 <Plan3PerfOrder>10</Plan3PerfOrder>
 <Plan4PerfOrder>16</Plan4PerfOrder>
 <Plan5PerfOrder>10</Plan5PerfOrder>
 <Plan6PerfOrder>10</Plan6PerfOrder>
 <Plan7PerfOrder>16</Plan7PerfOrder>
 <Plan8PerfOrder>0</Plan8PerfOrder>
 <Plan9PerfOrder>0</Plan9PerfOrder>
 <Plan10PerfOrder>0</Plan10PerfOrder>
 <Plan11PerfOrder>0</Plan11PerfOrder>
 <Plan12PerfOrder>0</Plan12PerfOrder>
 <Plan13PerfOrder>0</Plan13PerfOrder>
 <Plan14PerfOrder>0</Plan14PerfOrder>
 <Plan15PerfOrder>0</Plan15PerfOrder>
 <ApplySecurity>N</ApplySecurity>
 <PartialShare>N</PartialShare>
 <DisplayOption>MEMBER_NAME</DisplayOption>
 <Consolidation>NotUsed</Consolidation>
 <Consolidation2>NotUsed</Consolidation2>
 <Consolidation4>NotUsed</Consolidation4>
 <Consolidation8>NotUsed</Consolidation8>
 <Consolidation16>~</Consolidation16>
 <ConsolidationWF>NotUsed</ConsolidationWF>
 <ConsolidationCX>NotUsed</ConsolidationCX>
 <Consolidation128>NotUsed</Consolidation128>
 <Consolidation256>NotUsed</Consolidation256>
 <Consolidation512>NotUsed</Consolidation512>
 <Consolidation1024>NotUsed</Consolidation1024>
 <Consolidation2048>NotUsed</Consolidation2048>
 <Consolidation4096>NotUsed</Consolidation4096>
 <Consolidation8192>NotUsed</Consolidation8192>
 <Consolidation16384>NotUsed</Consolidation16384>
 <ValidForPlan1>N</ValidForPlan1>
 <ValidForPlan2>N</ValidForPlan2>
 <ValidForPlan3>N</ValidForPlan3>
 <ValidForPlan4>N</ValidForPlan4>
 <ValidForPlan5>Y</ValidForPlan5>
 <ValidForPlan6>N</ValidForPlan6>
 <ValidForPlan7>N</ValidForPlan7>
 <ValidForPlan8>N</ValidForPlan8>
 <ValidForPlan9>N</ValidForPlan9>
 <ValidForPlan10>N</ValidForPlan10>
 <ValidForPlan11>N</ValidForPlan11>
 <ValidForPlan12>N</ValidForPlan12>
 <ValidForPlan13>N</ValidForPlan13>
 <ValidForPlan14>N</ValidForPlan14>
 <ValidForPlan15>N</ValidForPlan15>
 <Alias table="Default" ></Alias>
 <Alias table="English" ></Alias>
 <DataStorage>NeverShare</DataStorage>
 <DataStorage2>NeverShare</DataStorage2>
 <DataStorage4>NeverShare</DataStorage4>
 <DataStorage8>NeverShare</DataStorage8>
 <DataStorage16>NeverShare</DataStorage16>
 <DataStorage32>NeverShare</DataStorage32>
 <DataStorage64>NeverShare</DataStorage64>
 <DataStorage128>NeverShare</DataStorage128>
 <DataStorage256>NeverShare</DataStorage256>
 <DataStorage512>NeverShare</DataStorage512>
 <DataStorage1024>NeverShare</DataStorage1024>
 <DataStorage2048>NeverShare</DataStorage2048>
 <DataStorage4096>NeverShare</DataStorage4096>
 <DataStorage8192>NeverShare</DataStorage8192>
 <DataStorage16384>NeverShare</DataStorage16384>
 <HierarchyType>None</HierarchyType>
 <DataType>Unspecified</DataType>
</Dimension>
</DIMENSIONS>
#--!
Channel, Parent, Alias: Default, Alias: English, Valid For Consolidations, Data Storage, Two Pass Calculation, Description, Formula, Formula Description, UDA, Smart List, Data Type, Hierarchy Type, Enable for Dynamic Children, Number of Possible Dynamic Children, Access Granted to Member Creator, Allow Upper Level Entity Input, Process Management Enabled, UUID, Data Id, Old Name, Old Unique Name, Plan Type (Vis1ASO), Aggregation (Vis1ASO), Data Storage (Vis1ASO), Formula (Vis1ASO), Solve Order (Vis1ASO), Formula Description (Vis1ASO), Operation
All Channels,Channel,,,false,never share,false,,<none>,<none>,,,unspecified,none,,,,false,true,27e7bb06-132e-4f7f-811c-89b768a3d12d,884988391804044,All Channels,<none>,true,+,never share,<none>,0,,
Distributor,All Channels,,,false,never share,false,,<none>,<none>,,,unspecified,none,,,,false,true,946a0512-9fe3-438d-815d-8287839b180e,1853221775690752,Distributor,<none>,true,+,never share,<none>,0,,
Retail,All Channels,,,false,never share,false,,<none>,<none>,,,unspecified,none,,,,false,true,e5bfb702-9290-4c82-8da1-0c08555bad57,898147068625077,Retail,<none>,true,+,never share,<none>,0,,
OEM,All Channels,,,false,never share,false,,<none>,<none>,,,unspecified,none,,,,false,true,1f41d32a-c0ad-4b24-91a6-21a6ef9d1fbc,2104650253092697,OEM,<none>,true,+,never share,<none>,0,,
Direct,All Channels,,,false,never share,false,,<none>,<none>,,,unspecified,none,,,,false,true,30fe7829-8eb8-427b-9b9e-a823742dd7c2,1960886274902971,Direct,<none>,true,+,never share,<none>,0,,
NoChannel,All Channels,,,false,never share,false,,<none>,<none>,,,unspecified,none,,,,false,true,ef6111a6-089b-4c97-a104-a34a91dde90a,1497527778757582,NoChannel,<none>,true,+,never share,<none>,0,,
