﻿#!-- HEADERBLOCK DIMENSION XML
<?xml version="1.0" encoding="UTF-8" ?>
<DIMENSIONS>
 <Dimension name="Version" EnabledForCellLevelSecurity="true" origname="Version" EnabledForApprovalGroups="true" DataId="1730106370835957" EnabledForValidIntersections="true" comment="" dimensionType="None" csversion="2.5" OldName="Version" density="Sparse" dimensionName="Version" DimensionAlias="Version" UUID="c5103409-3601-4e75-86b9-370c0a7a7a40" OldUniqueName="" >
 <Plan1Density>Sparse</Plan1Density>
 <Plan2Density>Sparse</Plan2Density>
 <Plan3Density>Sparse</Plan3Density>
 <Plan4Density>Sparse</Plan4Density>
 <Plan5Density>Sparse</Plan5Density>
 <Plan6Density>Sparse</Plan6Density>
 <Plan7Density>Dense</Plan7Density>
 <Plan8Density>Dense</Plan8Density>
 <Plan9Density>Dense</Plan9Density>
 <Plan10Density>Dense</Plan10Density>
 <Plan11Density>Dense</Plan11Density>
 <Plan12Density>Dense</Plan12Density>
 <Plan13Density>Dense</Plan13Density>
 <Plan14Density>Dense</Plan14Density>
 <Plan15Density>Dense</Plan15Density>
 <EnumOrder1>1</EnumOrder1>
 <EnumOrder2>0</EnumOrder2>
 <EnumOrder3>0</EnumOrder3>
 <EnumOrder4>0</EnumOrder4>
 <EnumOrder5>0</EnumOrder5>
 <EnumOrder6>0</EnumOrder6>
 <EnumOrder7>0</EnumOrder7>
 <EnumOrder8>0</EnumOrder8>
 <EnumOrder9>0</EnumOrder9>
 <EnumOrder10>0</EnumOrder10>
 <EnumOrder11>0</EnumOrder11>
 <EnumOrder12>0</EnumOrder12>
 <EnumOrder13>0</EnumOrder13>
 <EnumOrder14>0</EnumOrder14>
 <EnumOrder15>0</EnumOrder15>
 <Plan1PerfOrder>5</Plan1PerfOrder>
 <Plan2PerfOrder>5</Plan2PerfOrder>
 <Plan3PerfOrder>5</Plan3PerfOrder>
 <Plan4PerfOrder>5</Plan4PerfOrder>
 <Plan5PerfOrder>5</Plan5PerfOrder>
 <Plan6PerfOrder>5</Plan6PerfOrder>
 <Plan7PerfOrder>5</Plan7PerfOrder>
 <Plan8PerfOrder>5</Plan8PerfOrder>
 <Plan9PerfOrder>5</Plan9PerfOrder>
 <Plan10PerfOrder>5</Plan10PerfOrder>
 <Plan11PerfOrder>5</Plan11PerfOrder>
 <Plan12PerfOrder>5</Plan12PerfOrder>
 <Plan13PerfOrder>5</Plan13PerfOrder>
 <Plan14PerfOrder>5</Plan14PerfOrder>
 <Plan15PerfOrder>5</Plan15PerfOrder>
 <ApplySecurity>Y</ApplySecurity>
 <PartialShare>N</PartialShare>
 <DisplayOption>MEMBER_NAME</DisplayOption>
 <Consolidation>~</Consolidation>
 <Consolidation2>~</Consolidation2>
 <Consolidation4>~</Consolidation4>
 <Consolidation8>~</Consolidation8>
 <Consolidation16>~</Consolidation16>
 <ConsolidationWF>NotUsed</ConsolidationWF>
 <ConsolidationCX>NotUsed</ConsolidationCX>
 <Consolidation128>NotUsed</Consolidation128>
 <Consolidation256>NotUsed</Consolidation256>
 <Consolidation512>NotUsed</Consolidation512>
 <Consolidation1024>NotUsed</Consolidation1024>
 <Consolidation2048>NotUsed</Consolidation2048>
 <Consolidation4096>NotUsed</Consolidation4096>
 <Consolidation8192>NotUsed</Consolidation8192>
 <Consolidation16384>NotUsed</Consolidation16384>
 <ValidForPlan1>Y</ValidForPlan1>
 <ValidForPlan2>Y</ValidForPlan2>
 <ValidForPlan3>Y</ValidForPlan3>
 <ValidForPlan4>Y</ValidForPlan4>
 <ValidForPlan5>Y</ValidForPlan5>
 <ValidForPlan6>N</ValidForPlan6>
 <ValidForPlan7>N</ValidForPlan7>
 <ValidForPlan8>N</ValidForPlan8>
 <ValidForPlan9>N</ValidForPlan9>
 <ValidForPlan10>N</ValidForPlan10>
 <ValidForPlan11>N</ValidForPlan11>
 <ValidForPlan12>N</ValidForPlan12>
 <ValidForPlan13>N</ValidForPlan13>
 <ValidForPlan14>N</ValidForPlan14>
 <ValidForPlan15>N</ValidForPlan15>
 <Alias table="Default" ></Alias>
 <Alias table="English" ></Alias>
 <DataStorage>NeverShare</DataStorage>
 <DataStorage2>NeverShare</DataStorage2>
 <DataStorage4>NeverShare</DataStorage4>
 <DataStorage8>NeverShare</DataStorage8>
 <DataStorage16>NeverShare</DataStorage16>
 <DataStorage32>NeverShare</DataStorage32>
 <DataStorage64>NeverShare</DataStorage64>
 <DataStorage128>NeverShare</DataStorage128>
 <DataStorage256>NeverShare</DataStorage256>
 <DataStorage512>NeverShare</DataStorage512>
 <DataStorage1024>NeverShare</DataStorage1024>
 <DataStorage2048>NeverShare</DataStorage2048>
 <DataStorage4096>NeverShare</DataStorage4096>
 <DataStorage8192>NeverShare</DataStorage8192>
 <DataStorage16384>NeverShare</DataStorage16384>
 <HierarchyType>None</HierarchyType>
 <DataType>Unspecified</DataType>
</Dimension>
</DIMENSIONS>
#--!
Version, Parent, Alias: Default, Alias: English, Data Storage, Two Pass Calculation, Description, Formula, Formula Description, UDA, Smart List, Data Type, Hierarchy Type, Enable for Dynamic Children, Number of Possible Dynamic Children, Access Granted to Member Creator, Allow Upper Level Entity Input, Process Management Enabled, UUID, Data Id, Old Name, Old Unique Name, Version Type, Sandbox Enabled, Aggregation (Plan1), Data Storage (Plan1), Formula (Plan1), Solve Order (Plan1), Formula Description (Plan1), Aggregation (Plan2), Data Storage (Plan2), Formula (Plan2), Solve Order (Plan2), Formula Description (Plan2), Aggregation (Plan3), Data Storage (Plan3), Formula (Plan3), Solve Order (Plan3), Formula Description (Plan3), Aggregation (VisASO), Data Storage (VisASO), Formula (VisASO), Solve Order (VisASO), Formula Description (VisASO), Aggregation (Vis1ASO), Data Storage (Vis1ASO), Formula (Vis1ASO), Solve Order (Vis1ASO), Formula Description (Vis1ASO), Operation
Sandboxes,Version,,,never share,false,Sandboxes,<none>,<none>,,,unspecified,none,,,,false,true,4177393a-f4d1-4d33-93f2-c30ea6c0990e,2080394640445384,Sandboxes,<none>,bottom up,false,~,never share,<none>,0,,~,never share,<none>,0,,~,never share,<none>,0,,+,never share,<none>,0,,+,never share,<none>,0,,
Sandboxes_Working,Sandboxes,,,never share,false,,<none>,<none>,,,unspecified,none,true,65,write,false,true,36a8a502-2b6b-4b62-b96c-cf663f82713e,1662266499811248,Sandboxes_Working,<none>,bottom up,false,~,never share,<none>,0,,~,never share,<none>,0,,~,never share,<none>,0,,+,never share,<none>,0,,+,never share,<none>,0,,
Sandboxes_What If,Sandboxes,,,never share,false,,<none>,<none>,,,unspecified,none,true,65,write,false,true,44679046-1c3d-404c-873c-75389ddc5c66,2613017517706579,Sandboxes_What If,<none>,bottom up,false,~,never share,<none>,0,,~,never share,<none>,0,,~,never share,<none>,0,,+,never share,<none>,0,,+,never share,<none>,0,,
Working,Version,,,never share,false,,<none>,<none>,,,unspecified,stored,,,,false,true,0b30dd54-1426-441f-989e-dcc247ba4462,3350238964042957,Working,<none>,bottom up,true,+,never share,<none>,0,,+,never share,<none>,0,,+,never share,<none>,0,,+,never share,<none>,0,,+,never share,<none>,0,,
What If,Version,,,store,false,,<none>,<none>,,,unspecified,stored,,,,false,true,42b5b205-01fa-4b6e-8ee7-494261150700,2662595252208519,What If,<none>,bottom up,true,~,store,<none>,0,,~,store,<none>,0,,~,store,<none>,0,,+,store,<none>,0,,~,store,<none>,0,,
Most Likely,Version,,,never share,false,,<none>,<none>,,,unspecified,stored,,,,false,true,ec2a38ba-8d32-420b-b5b1-ad4b8a765339,1940349064202676,Most Likely,<none>,bottom up,false,~,never share,<none>,0,,~,never share,<none>,0,,~,never share,<none>,0,,+,never share,<none>,0,,+,never share,<none>,0,,
Best Case,Version,,,never share,false,,<none>,<none>,,,unspecified,stored,,,,false,true,8081052f-1ea6-452a-8fb8-07d02996eb12,1716605672049167,Best Case,<none>,bottom up,false,~,never share,<none>,0,,~,never share,<none>,0,,~,never share,<none>,0,,+,never share,<none>,0,,+,never share,<none>,0,,
Worst Case,Version,,,never share,false,,<none>,<none>,,,unspecified,stored,,,,false,true,841aa902-5165-4b6e-a772-d45fbda357a8,535972108453852,Worst Case,<none>,bottom up,false,~,never share,<none>,0,,~,never share,<none>,0,,~,never share,<none>,0,,+,never share,<none>,0,,+,never share,<none>,0,,
Prior Fcst,Version,,,store,false,,<none>,<none>,,,unspecified,stored,,,,false,false,43009fb7-a5c4-4ade-9170-123ab5db3065,1791092150126112,Prior Fcst,<none>,bottom up,false,~,store,<none>,0,,~,store,<none>,0,,~,store,<none>,0,,+,store,<none>,0,,+,store,<none>,0,,
Final,Version,,,store,false,,<none>,<none>,,,unspecified,stored,,,,false,true,f0467c2a-026b-4f3f-bec5-6c62f9633d01,3350503619644928,Final,<none>,bottom up,false,~,store,<none>,0,,~,store,<none>,0,,~,store,<none>,0,,+,store,<none>,0,,~,store,<none>,0,,
Baseline,Version,,,never share,false,,<none>,<none>,,,unspecified,stored,,,,false,false,2507f495-2f18-41ae-9946-11fe8d60e2ca,738261808598237,Baseline,<none>,target,false,~,never share,<none>,0,,~,never share,<none>,0,,~,never share,<none>,0,,+,never share,<none>,0,,+,never share,<none>,0,,
Acquisition,Version,,,never share,false,,<none>,<none>,,,unspecified,stored,,,,false,false,eb3a1828-7412-4e0e-aa6a-4597fe5e8ddb,3737550124433648,Acquisition,<none>,target,false,~,never share,<none>,0,,~,never share,<none>,0,,~,never share,<none>,0,,+,never share,<none>,0,,+,never share,<none>,0,,
Expansion,Version,,,never share,false,,<none>,<none>,,,unspecified,stored,,,,false,false,e2f91a7f-9c38-46b5-8271-0d7a3b1fb6b0,2798823709885970,Expansion,<none>,target,false,~,never share,<none>,0,,~,never share,<none>,0,,~,never share,<none>,0,,+,never share,<none>,0,,+,never share,<none>,0,,
Target,Version,,,store,false,,<none>,<none>,,,unspecified,stored,,,,false,false,777af495-2de1-473a-8057-ac4ea6e04a05,2118659186510836,Target,<none>,target,false,~,store,<none>,0,,~,store,<none>,0,,~,store,<none>,0,,+,store,<none>,0,,+,store,<none>,0,,
Forecast vs Prior Fcst,Version,,,dynamic calc,true,,"If(""Prior Fcst""<>#Missing)
@var(&CurVersion,""Prior Fcst"");
Endif",<none>,,,unspecified,stored,,,,false,false,9b02f821-e2a8-4d5b-afc0-c0998d56638c,3273684765656816,Forecast vs Prior Fcst,<none>,bottom up,false,~,dynamic calc,<none>,0,,~,dynamic calc,<none>,0,,~,dynamic calc,<none>,0,,+,dynamic calc,<none>,0,,+,dynamic calc,<none>,0,,
Working vs What If,Version,,,dynamic calc,true,,"If(""What If""<>#Missing)
@var(""Working"",""What If"");
Endif",<none>,,,unspecified,stored,,,,false,false,1d6ab93d-6279-4411-81e4-b29e0fa05f64,4257703236683004,Working vs What If,<none>,bottom up,false,~,dynamic calc,<none>,0,,~,dynamic calc,<none>,0,,~,dynamic calc,<none>,0,,+,dynamic calc,<none>,0,,+,dynamic calc,<none>,0,,
Target Variance,Version,,,dynamic calc,true,,"IF(&CurVersion<> #Missing)
   @VAR(&CurVersion, ""Target"");
ENDIF",<none>,,,unspecified,stored,,,,false,false,0ae7af18-6e98-4281-b683-3d1be3b2d7b1,2191446546665238,Target Variance,<none>,bottom up,false,~,dynamic calc,<none>,0,,~,dynamic calc,<none>,0,,~,dynamic calc,<none>,0,,+,dynamic calc,<none>,0,,+,dynamic calc,<none>,0,,
Target Variance %,Version,,,dynamic calc,true,,"IF(&CurVersion<> #Missing)
   @VARPER(&CurVersion, ""Target"") / 100;
ENDIF",<none>,,,percentage,stored,,,,false,false,2eb1f3e4-1e73-4194-beef-cb2d10189f92,2519998640833986,Target Variance %,<none>,bottom up,false,~,dynamic calc,<none>,0,,~,dynamic calc,<none>,0,,~,dynamic calc,<none>,0,,+,dynamic calc,<none>,0,,+,dynamic calc,<none>,0,,
Commentary,Version,,,never share,false,,<none>,<none>,,,text,stored,,,,false,false,584a5d2a-690c-4930-a791-a88a268dcd21,4161767937165145,Commentary,<none>,target,false,never,never share,<none>,0,,~,never share,<none>,0,,~,never share,<none>,0,,+,never share,<none>,0,,+,never share,<none>,0,,
Predict,Version,,,never share,false,,<none>,<none>,,,unspecified,stored,,,,false,false,929c11b1-bf04-470e-b103-87b20f73b15d,1238876268088454,Predict,<none>,target,false,+,never share,<none>,0,,+,never share,<none>,0,,+,never share,<none>,0,,+,never share,<none>,0,,+,never share,<none>,0,,
Predict Best,Version,,,never share,false,,<none>,<none>,,,unspecified,stored,,,,false,false,d999d37a-4bd7-4ec9-88a4-c467c9ce04ef,2946732752848747,Predict Best,<none>,target,false,~,never share,<none>,0,,~,never share,<none>,0,,~,never share,<none>,0,,+,never share,<none>,0,,+,never share,<none>,0,,
Predict Worst,Version,,,never share,false,,<none>,<none>,,,unspecified,stored,,,,false,false,c00907d4-c913-40ec-afa2-f535400c89ad,3259068159641049,Predict Worst,<none>,target,false,~,never share,<none>,0,,~,never share,<none>,0,,~,never share,<none>,0,,+,never share,<none>,0,,+,never share,<none>,0,,
BU Version_1,Version,,,store,false,,<none>,<none>,,,unspecified,stored,,,,false,false,e65bea6b-a192-4120-abaa-d4f0b2212ace,1817836205854659,BU Version_1,<none>,bottom up,false,~,store,<none>,0,,~,store,<none>,0,,~,store,<none>,0,,~,store,<none>,0,,~,store,<none>,0,,
Pct,Version,,,never share,false,,<none>,<none>,,,percentage,stored,,,,false,false,ee0e3769-e480-4136-b5e9-9e6cfb518116,2320170733158950,Pct,<none>,bottom up,false,~,never share,<none>,0,,~,never share,<none>,0,,~,never share,<none>,0,,+,never share,<none>,0,,+,never share,<none>,0,,
Driver,Version,,,store,false,,<none>,<none>,,Drivers,enumeration,stored,,,,false,false,08dcaa13-5da9-49fa-82be-b7be7bc775f0,435788328617681,Driver,<none>,bottom up,false,never,store,<none>,0,,~,store,<none>,0,,~,store,<none>,0,,+,store,<none>,0,,+,store,<none>,0,,
Method,Version,,,store,false,,<none>,<none>,,Method,enumeration,stored,,,,false,false,09fcf774-d17b-4e07-9e73-87723c29ffd1,2621532660059357,Method,<none>,bottom up,false,never,store,<none>,0,,~,store,<none>,0,,~,store,<none>,0,,+,store,<none>,0,,+,store,<none>,0,,
Rate Pct,Version,Rate %,Rate %,never share,false,,<none>,<none>,,,percentage,stored,,,,false,false,12cbcdb5-f407-445b-b73c-000d89148876,770675699828172,Rate Pct,<none>,bottom up,false,never,never share,<none>,0,,~,never share,<none>,0,,~,never share,<none>,0,,+,never share,<none>,0,,+,never share,<none>,0,,
Driver Rate,Version,,,store,false,,<none>,<none>,,,non-currency,stored,,,,false,false,71b68883-0910-429a-984e-85ff15872f29,4013750913155581,Driver Rate,<none>,bottom up,false,never,store,<none>,0,,~,store,<none>,0,,~,store,<none>,0,,+,store,<none>,0,,+,store,<none>,0,,
Driver Volume,Version,,,never share,false,,<none>,<none>,,,unspecified,stored,,,,false,false,be848f59-b90d-467a-9b9a-7c9feb5359c7,2957375517707581,Driver Volume,<none>,bottom up,false,~,never share,<none>,0,,~,never share,<none>,0,,~,never share,<none>,0,,+,never share,<none>,0,,+,never share,<none>,0,,
YOY % Change,Version,,,dynamic calc,true,,"IF(@ISMBR(&CurYr))
   (&CurYr->&CurVersion / &LastYr->&CurVersion - 1);
ELSEIF (@ISMBR(&NextYear))
   (&NextYear->&CurVersion / &CurYr->&CurVersion - 1);
ENDIF",<none>,,,percentage,none,,,,false,false,753b2f81-c600-4f3c-9ca1-723ae453c6da,1493959210191234,YOY % Change,<none>,bottom up,false,~,dynamic calc,<none>,0,,+,dynamic calc,<none>,0,,+,dynamic calc,<none>,0,,+,dynamic calc,<none>,0,,+,dynamic calc,<none>,0,,
No Version,Version,,,store,false,,<none>,<none>,,,unspecified,stored,,,,false,false,55f234ed-7123-4ec2-95bd-c3cd3580a4f4,3708180092243697,No Version,<none>,bottom up,false,~,store,<none>,0,,~,store,<none>,0,,~,store,<none>,0,,+,store,<none>,0,,+,store,<none>,0,,
