<?xml version = '1.0' encoding = 'UTF-8'?>
<TargetApplicationForLcmVO>
   <TargetApplicationForLcmVORow>
      <ApplicationName>Vision</ApplicationName>
      <CreateDrillRegionFlag>Y</CreateDrillRegionFlag>
      <DataLoadMethod>CLASSIC_VIA_EPMI</DataLoadMethod>
      <DefaultLanguage>AMERICAN</DefaultLanguage>
      <EssbaseDbName null="true"/>
      <MarkedForDeletion>N</MarkedForDeletion>
      <MetadataLoadMethod>CLASSIC_VIA_EPMI</MetadataLoadMethod>
      <MultiCurrencyFlag>N</MultiCurrencyFlag>
      <Plan1Name>Plan1</Plan1Name>
      <Plan2Name>Plan2</Plan2Name>
      <Plan3Name>Plan3</Plan3Name>
      <SelectedFlag>Y</SelectedFlag>
      <TargetApplicationName>Vision</TargetApplicationName>
      <TargetApplicationType>HPL</TargetApplicationType>
      <ValidForPlan1>1</ValidForPlan1>
      <ValidForPlan2>1</ValidForPlan2>
      <ValidForPlan3>1</ValidForPlan3>
      <ValidForPlan4>0</ValidForPlan4>
      <ValidForPlan5>0</ValidForPlan5>
      <DupMemberAllowedFlag>N</DupMemberAllowedFlag>
      <ValidForPlan6>0</ValidForPlan6>
      <TargetAppDimensionsForLcmVO>
         <TargetAppDimensionsForLcmVORow>
            <BalanceColumnName>ACCOUNT</BalanceColumnName>
            <UseForDrillRegion>Y</UseForDrillRegion>
            <ValidForPlan1>1</ValidForPlan1>
            <ValidForPlan2>1</ValidForPlan2>
            <ValidForPlan3>1</ValidForPlan3>
            <ValidForPlan4>0</ValidForPlan4>
            <ValidForPlan5>0</ValidForPlan5>
            <TargetDimClassNameOrg>Account</TargetDimClassNameOrg>
            <TargetDimensionClassName>Account</TargetDimensionClassName>
            <TargetDimensionName>Account</TargetDimensionName>
            <TargetDimensionNameOrg>Account</TargetDimensionNameOrg>
            <ValidForPlan6>0</ValidForPlan6>
         </TargetAppDimensionsForLcmVORow>
         <TargetAppDimensionsForLcmVORow>
            <BalanceColumnName>ENTITY</BalanceColumnName>
            <DimViewSeq>1</DimViewSeq>
            <UseForDrillRegion>Y</UseForDrillRegion>
            <ValidForPlan1>1</ValidForPlan1>
            <ValidForPlan2>1</ValidForPlan2>
            <ValidForPlan3>1</ValidForPlan3>
            <ValidForPlan4>0</ValidForPlan4>
            <ValidForPlan5>0</ValidForPlan5>
            <TargetDimClassNameOrg>Entity</TargetDimClassNameOrg>
            <TargetDimensionClassName>Entity</TargetDimensionClassName>
            <TargetDimensionName>Entity</TargetDimensionName>
            <TargetDimensionNameOrg>Entity</TargetDimensionNameOrg>
            <ValidForPlan6>0</ValidForPlan6>
         </TargetAppDimensionsForLcmVORow>
         <TargetAppDimensionsForLcmVORow>
            <BalanceColumnName>UD2</BalanceColumnName>
            <DimViewSeq>2</DimViewSeq>
            <UseForDrillRegion>N</UseForDrillRegion>
            <ValidForPlan1>1</ValidForPlan1>
            <ValidForPlan2>1</ValidForPlan2>
            <ValidForPlan3>1</ValidForPlan3>
            <ValidForPlan4>0</ValidForPlan4>
            <ValidForPlan5>0</ValidForPlan5>
            <TargetDimClassNameOrg>Generic</TargetDimClassNameOrg>
            <TargetDimensionClassName>Generic</TargetDimensionClassName>
            <TargetDimensionName>HSP_View</TargetDimensionName>
            <TargetDimensionNameOrg>HSP_View</TargetDimensionNameOrg>
            <ValidForPlan6>0</ValidForPlan6>
         </TargetAppDimensionsForLcmVORow>
         <TargetAppDimensionsForLcmVORow>
            <UseForDrillRegion>Y</UseForDrillRegion>
            <ValidForPlan1>1</ValidForPlan1>
            <ValidForPlan2>1</ValidForPlan2>
            <ValidForPlan3>1</ValidForPlan3>
            <ValidForPlan4>0</ValidForPlan4>
            <ValidForPlan5>0</ValidForPlan5>
            <TargetDimClassNameOrg>Period</TargetDimClassNameOrg>
            <TargetDimensionClassName>Period</TargetDimensionClassName>
            <TargetDimensionName>Period</TargetDimensionName>
            <TargetDimensionNameOrg>Period</TargetDimensionNameOrg>
            <ValidForPlan6>0</ValidForPlan6>
         </TargetAppDimensionsForLcmVORow>
         <TargetAppDimensionsForLcmVORow>
            <BalanceColumnName>UD3</BalanceColumnName>
            <DimViewSeq>3</DimViewSeq>
            <UseForDrillRegion>N</UseForDrillRegion>
            <ValidForPlan1>1</ValidForPlan1>
            <ValidForPlan2>0</ValidForPlan2>
            <ValidForPlan3>0</ValidForPlan3>
            <ValidForPlan4>0</ValidForPlan4>
            <ValidForPlan5>0</ValidForPlan5>
            <TargetDimClassNameOrg>Generic</TargetDimClassNameOrg>
            <TargetDimensionClassName>Generic</TargetDimensionClassName>
            <TargetDimensionName>Product</TargetDimensionName>
            <TargetDimensionNameOrg>Product</TargetDimensionNameOrg>
            <ValidForPlan6>0</ValidForPlan6>
         </TargetAppDimensionsForLcmVORow>
         <TargetAppDimensionsForLcmVORow>
            <UseForDrillRegion>Y</UseForDrillRegion>
            <ValidForPlan1>1</ValidForPlan1>
            <ValidForPlan2>1</ValidForPlan2>
            <ValidForPlan3>1</ValidForPlan3>
            <ValidForPlan4>0</ValidForPlan4>
            <ValidForPlan5>0</ValidForPlan5>
            <TargetDimClassNameOrg>Scenario</TargetDimClassNameOrg>
            <TargetDimensionClassName>Scenario</TargetDimensionClassName>
            <TargetDimensionName>Scenario</TargetDimensionName>
            <TargetDimensionNameOrg>Scenario</TargetDimensionNameOrg>
            <ValidForPlan6>0</ValidForPlan6>
         </TargetAppDimensionsForLcmVORow>
         <TargetAppDimensionsForLcmVORow>
            <BalanceColumnName>UD1</BalanceColumnName>
            <UseForDrillRegion>Y</UseForDrillRegion>
            <ValidForPlan1>1</ValidForPlan1>
            <ValidForPlan2>1</ValidForPlan2>
            <ValidForPlan3>1</ValidForPlan3>
            <ValidForPlan4>0</ValidForPlan4>
            <ValidForPlan5>0</ValidForPlan5>
            <TargetDimClassNameOrg>Version</TargetDimClassNameOrg>
            <TargetDimensionClassName>Version</TargetDimensionClassName>
            <TargetDimensionName>Version</TargetDimensionName>
            <TargetDimensionNameOrg>Version</TargetDimensionNameOrg>
            <ValidForPlan6>0</ValidForPlan6>
         </TargetAppDimensionsForLcmVORow>
         <TargetAppDimensionsForLcmVORow>
            <UseForDrillRegion>Y</UseForDrillRegion>
            <ValidForPlan1>1</ValidForPlan1>
            <ValidForPlan2>1</ValidForPlan2>
            <ValidForPlan3>1</ValidForPlan3>
            <ValidForPlan4>0</ValidForPlan4>
            <ValidForPlan5>0</ValidForPlan5>
            <TargetDimClassNameOrg>Year</TargetDimClassNameOrg>
            <TargetDimensionClassName>Year</TargetDimensionClassName>
            <TargetDimensionName>Year</TargetDimensionName>
            <TargetDimensionNameOrg>Year</TargetDimensionNameOrg>
            <ValidForPlan6>0</ValidForPlan6>
         </TargetAppDimensionsForLcmVORow>
      </TargetAppDimensionsForLcmVO>
      <TargetApplicationPropertiesForLcmVO>
         <TargetApplicationPropertiesForLcmVORow>
            <PropertyType>ALIAS</PropertyType>
            <PropertyValue>Default</PropertyValue>
            <PropertyValueId>-1</PropertyValueId>
         </TargetApplicationPropertiesForLcmVORow>
         <TargetApplicationPropertiesForLcmVORow>
            <PropertyType>ALIAS</PropertyType>
            <PropertyValue>English</PropertyValue>
            <PropertyValueId>-1</PropertyValueId>
         </TargetApplicationPropertiesForLcmVORow>
         <TargetApplicationPropertiesForLcmVORow>
            <PropertyType>BATCH_SIZE</PropertyType>
            <PropertyValue>10000</PropertyValue>
            <PropertyValueId>-1</PropertyValueId>
         </TargetApplicationPropertiesForLcmVORow>
         <TargetApplicationPropertiesForLcmVORow>
            <PropertyType>CREATE_DRILL_REGION</PropertyType>
            <PropertyValue>1</PropertyValue>
            <PropertyValueId>-1</PropertyValueId>
         </TargetApplicationPropertiesForLcmVORow>
         <TargetApplicationPropertiesForLcmVORow>
            <PropertyType>DATE_FORMAT</PropertyType>
            <PropertyValue>MM-DD-YYYY</PropertyValue>
            <PropertyValueId>-1</PropertyValueId>
         </TargetApplicationPropertiesForLcmVORow>
         <TargetApplicationPropertiesForLcmVORow>
            <PropertyType>DEFAULT_ALIAS_SOURCE_LANG</PropertyType>
            <PropertyValue>AMERICAN</PropertyValue>
            <PropertyValueId>-1</PropertyValueId>
         </TargetApplicationPropertiesForLcmVORow>
         <TargetApplicationPropertiesForLcmVORow>
            <PropertyType>EXPORT_FILE_DELIMITER</PropertyType>
            <PropertyValue>tab</PropertyValue>
            <PropertyValueId>-1</PropertyValueId>
         </TargetApplicationPropertiesForLcmVORow>
         <TargetApplicationPropertiesForLcmVORow>
            <PropertyType>LOAD_METHOD</PropertyType>
            <PropertyValue>ESSFILE</PropertyValue>
            <PropertyValueId>-1</PropertyValueId>
         </TargetApplicationPropertiesForLcmVORow>
         <TargetApplicationPropertiesForLcmVORow>
            <PropertyType>PURGE_DATA_FILE</PropertyType>
            <PropertyValue>0</PropertyValue>
            <PropertyValueId>-1</PropertyValueId>
         </TargetApplicationPropertiesForLcmVORow>
      </TargetApplicationPropertiesForLcmVO>
   </TargetApplicationForLcmVORow>
</TargetApplicationForLcmVO>