<?xml version = '1.0' encoding = 'UTF-8'?>
<CheckRuleGroupForLcmVO>
   <CheckRuleGroupForLcmVORow>
      <Valgroupdate>2015-05-26</Valgroupdate>
      <Valgroupdesc null="true"/>
      <Valgroupkey>ChkRG1</Valgroupkey>
      <TargetApplicationName>Vision</TargetApplicationName>
      <ApplicationName>Vision</ApplicationName>
      <CheckRuleItemForLcmVO>
         <CheckRuleItemForLcmVORow>
            <Valgroupkey>ChkRG1</Valgroupkey>
            <Valruledesc>Check Rule item Name</Valruledesc>
            <Valruleenttype>0</Valruleenttype>
            <Valrulelogic>`Actual,,,110,1110,No Version,BaseData,P_000,,,,,,,,,,,,,,,,,`>=0;`Actual,,,110,1110,No Version,BaseData,P_000,,,,,,,,,,,,,,,,,`</Valrulelogic>
            <Valruleseq>1</Valruleseq>
            <Valruletargetacctdesc>Check Rule item description</Valruletargetacctdesc>
            <Valruletargetacctkey>1110</Valruletargetacctkey>
            <Valruletext>Check Rule item Text</Valruletext>
         </CheckRuleItemForLcmVORow>
      </CheckRuleItemForLcmVO>
   </CheckRuleGroupForLcmVORow>
</CheckRuleGroupForLcmVO>