<?xml version = '1.0' encoding = 'UTF-8'?>
<MappingForLcmVO>
   <MappingForLcmVORow>
      <Partname>Vision</Partname>
      <Dimname>UD1</Dimname>
      <Srckey>Default</Srckey>
      <Srcdesc null="true"/>
      <Targkey>BU Version_1</Targkey>
      <Whereclausetype>LIKE</Whereclausetype>
      <Whereclausevalue>*</Whereclausevalue>
      <Changesign>0</Changesign>
      <Sequence>0</Sequence>
      <Tdatamaptype>ERP</Tdatamaptype>
      <SystemGeneratedFlag>N</SystemGeneratedFlag>
      <Datarulename null="true"/>
   </MappingForLcmVORow>
   <MappingForLcmVORow>
      <Partname>DelimitedLoc</Partname>
      <Dimname>UD4</Dimname>
      <Srckey>view</Srckey>
      <Srcdesc null="true"/>
      <Targkey>BaseData</Targkey>
      <Whereclausetype>LIKE</Whereclausetype>
      <Whereclausevalue>*</Whereclausevalue>
      <Changesign>0</Changesign>
      <Sequence>0</Sequence>
      <Tdatamaptype>ERP</Tdatamaptype>
      <SystemGeneratedFlag>N</SystemGeneratedFlag>
      <Datarulename null="true"/>
   </MappingForLcmVORow>
   <MappingForLcmVORow>
      <Partname>DelimitedLoc</Partname>
      <Dimname>UD3</Dimname>
      <Srckey>Prod</Srckey>
      <Srcdesc null="true"/>
      <Targkey>P_000</Targkey>
      <Whereclausetype>LIKE</Whereclausetype>
      <Whereclausevalue>*</Whereclausevalue>
      <Changesign>0</Changesign>
      <Sequence>0</Sequence>
      <Tdatamaptype>ERP</Tdatamaptype>
      <SystemGeneratedFlag>N</SystemGeneratedFlag>
      <Datarulename null="true"/>
   </MappingForLcmVORow>
   <MappingForLcmVORow>
      <Partname>DelimitedLoc</Partname>
      <Dimname>UD2</Dimname>
      <Srckey>HSP</Srckey>
      <Srcdesc null="true"/>
      <Targkey>BaseData</Targkey>
      <Whereclausetype>LIKE</Whereclausetype>
      <Whereclausevalue>*</Whereclausevalue>
      <Changesign>0</Changesign>
      <Sequence>0</Sequence>
      <Tdatamaptype>ERP</Tdatamaptype>
      <SystemGeneratedFlag>N</SystemGeneratedFlag>
      <Datarulename null="true"/>
   </MappingForLcmVORow>
   <MappingForLcmVORow>
      <Partname>DelimitedLoc</Partname>
      <Dimname>UD1</Dimname>
      <Srckey>b</Srckey>
      <Srcdesc null="true"/>
      <Targkey>No Version</Targkey>
      <Whereclausetype>LIKE</Whereclausetype>
      <Whereclausevalue>*</Whereclausevalue>
      <Changesign>0</Changesign>
      <Sequence>0</Sequence>
      <Tdatamaptype>ERP</Tdatamaptype>
      <SystemGeneratedFlag>N</SystemGeneratedFlag>
      <Datarulename null="true"/>
   </MappingForLcmVORow>
   <MappingForLcmVORow>
      <Partname>DelimitedLoc</Partname>
      <Dimname>ENTITY</Dimname>
      <Srckey>en</Srckey>
      <Srcdesc null="true"/>
      <Targkey>110</Targkey>
      <Whereclausetype>LIKE</Whereclausetype>
      <Whereclausevalue>*</Whereclausevalue>
      <Changesign>0</Changesign>
      <Sequence>0</Sequence>
      <Tdatamaptype>ERP</Tdatamaptype>
      <SystemGeneratedFlag>N</SystemGeneratedFlag>
      <Datarulename null="true"/>
   </MappingForLcmVORow>
   <MappingForLcmVORow>
      <Partname>DelimitedLoc</Partname>
      <Dimname>ACCOUNT</Dimname>
      <Srckey>mult</Srckey>
      <Srcdesc null="true"/>
      <Targkey>3500</Targkey>
      <Whereclausetype>MULTIDIM</Whereclausetype>
      <Whereclausevalue>#SCRIPT</Whereclausevalue>
      <Changesign>0</Changesign>
      <Sequence>0</Sequence>
      <Vbscript>ACCOUNT=[3505-101 OR 3400>3315]</Vbscript>
      <Tdatamaptype>ERP</Tdatamaptype>
      <SystemGeneratedFlag>N</SystemGeneratedFlag>
      <Datarulename null="true"/>
   </MappingForLcmVORow>
   <MappingForLcmVORow>
      <Partname>DelimitedLoc</Partname>
      <Dimname>ACCOUNT</Dimname>
      <Srckey>inrul</Srckey>
      <Srcdesc null="true"/>
      <Targkey>1520</Targkey>
      <Whereclausetype>IN</Whereclausetype>
      <Whereclausevalue>1515,1516,1520</Whereclausevalue>
      <Changesign>0</Changesign>
      <Sequence>0</Sequence>
      <Tdatamaptype>ERP</Tdatamaptype>
      <SystemGeneratedFlag>N</SystemGeneratedFlag>
      <Datarulename null="true"/>
   </MappingForLcmVORow>
   <MappingForLcmVORow>
      <Partname>DelimitedLoc</Partname>
      <Dimname>ACCOUNT</Dimname>
      <Srckey>betw</Srckey>
      <Srcdesc null="true"/>
      <Targkey>2210</Targkey>
      <Whereclausetype>BETWEEN</Whereclausetype>
      <Whereclausevalue>2200,2600</Whereclausevalue>
      <Changesign>0</Changesign>
      <Sequence>0</Sequence>
      <Tdatamaptype>ERP</Tdatamaptype>
      <SystemGeneratedFlag>N</SystemGeneratedFlag>
      <Datarulename null="true"/>
   </MappingForLcmVORow>
   <MappingForLcmVORow>
      <Partname>DelimitedLoc</Partname>
      <Dimname>ACCOUNT</Dimname>
      <Srckey>all</Srckey>
      <Srcdesc null="true"/>
      <Targkey>1410</Targkey>
      <Whereclausetype>LIKE</Whereclausetype>
      <Whereclausevalue>*</Whereclausevalue>
      <Changesign>0</Changesign>
      <Sequence>0</Sequence>
      <Tdatamaptype>ERP</Tdatamaptype>
      <SystemGeneratedFlag>N</SystemGeneratedFlag>
      <Datarulename null="true"/>
   </MappingForLcmVORow>
   <MappingForLcmVORow>
      <Partname>DelimitedLoc</Partname>
      <Dimname>ACCOUNT</Dimname>
      <Srckey>1190</Srckey>
      <Srcdesc null="true"/>
      <Targkey>1150</Targkey>
      <Whereclausetype null="true"/>
      <Whereclausevalue null="true"/>
      <Changesign>0</Changesign>
      <Sequence>0</Sequence>
      <Tdatamaptype>ERP</Tdatamaptype>
      <SystemGeneratedFlag>N</SystemGeneratedFlag>
      <Datarulename null="true"/>
   </MappingForLcmVORow>
   <MappingForLcmVORow>
      <Partname>DelimitedLoc</Partname>
      <Dimname>ACCOUNT</Dimname>
      <Srckey>1100</Srckey>
      <Srcdesc null="true"/>
      <Targkey>1110</Targkey>
      <Whereclausetype null="true"/>
      <Whereclausevalue null="true"/>
      <Changesign>0</Changesign>
      <Sequence>0</Sequence>
      <Tdatamaptype>ERP</Tdatamaptype>
      <SystemGeneratedFlag>N</SystemGeneratedFlag>
      <Datarulename null="true"/>
   </MappingForLcmVORow>
</MappingForLcmVO>