<?xml version = '1.0' encoding = 'UTF-8'?>
<DataRuleForLcmVO>
   <DataRuleForLcmVORow>
      <AmountType>MONETARY</AmountType>
      <BalSegValueOptionCode null="true"/>
      <BalanceAmountBs>YTD</BalanceAmountBs>
      <BalanceAmountIs>PERIODIC</BalanceAmountIs>
      <BalanceMethodCode null="true"/>
      <BalanceSelection>FUNCTIONAL</BalanceSelection>
      <BalanceType null="true"/>
      <ExchangeAverageRateType null="true"/>
      <ExchangeBeginRateType null="true"/>
      <ExchangeEndRateType null="true"/>
      <ExchangeRateOptionCode null="true"/>
      <InclZeroBalanceFlag null="true"/>
      <IncludeAdjPeriodsFlag>N</IncludeAdjPeriodsFlag>
      <LedgerGroup null="true"/>
      <PlanType>PLAN1</PlanType>
      <RuleDescription null="true"/>
      <RuleName>DelimitedFileDL</RuleName>
      <CalendarId null="true"/>
      <BrMemberName null="true"/>
      <BrMemberDispName null="true"/>
      <CurrencyCode null="true"/>
      <FileNameDateFormat null="true"/>
      <FileNameStatic>ColonDelimitedFile.txt</FileNameStatic>
      <FileNameSuffixType null="true"/>
      <FilePath>inbox</FilePath>
      <PeriodMappingType>DEFAULT</PeriodMappingType>
      <Version null="true"/>
      <DpMemberName null="true"/>
      <BlankPeriodkey null="true"/>
      <AsOfDate null="true"/>
      <Partname>DelimitedLoc</Partname>
      <Catname>Actual</Catname>
      <MultiCurrencyFlag>N</MultiCurrencyFlag>
      <ApplicationName>Vision</ApplicationName>
      <SourceLedgerName null="true"/>
      <LedgerGroupName null="true"/>
      <SignageMethod null="true"/>
      <DirectFileLoadFlag null="true"/>
      <LoadOptions null="true"/>
      <Impgroupkey null="true"/>
      <MultiPeriodFileFlag>N</MultiPeriodFileFlag>
      <IcpLoad null="true"/>
      <RuleAttr1 null="true"/>
      <RuleAttr2 null="true"/>
      <RuleAttr3 null="true"/>
      <RuleAttr4 null="true"/>
   </DataRuleForLcmVORow>
</DataRuleForLcmVO>