<?xml version = '1.0' encoding = 'UTF-8'?>
<LocationForLcmVO>
   <LocationForLcmVORow>
      <Partname>DelimitedLoc</Partname>
      <SourceSystemName>File</SourceSystemName>
      <TargetApplicationName>Vision</TargetApplicationName>
      <ApplicationName>Vision</ApplicationName>
      <Partcurrencykey>USD</Partcurrencykey>
      <Partimpgroup>DelimitedIF</Partimpgroup>
      <Partdatavalue null="true"/>
      <Partvalgroup>ChkRG1</Partvalgroup>
      <Parentlocationname null="true"/>
      <Partvalentgroup>CheckEG1</Partvalentgroup>
      <Partlogicgroup>DelimitLG</Partlogicgroup>
      <Partintgconfig1 null="true"/>
      <Partintgconfig2 null="true"/>
      <Partintgconfig3 null="true"/>
      <Partintgconfig4 null="true"/>
   </LocationForLcmVORow>
   <LocationForLcmVORow>
      <Partname>Vision</Partname>
      <SourceSystemName>File</SourceSystemName>
      <TargetApplicationName>Vision</TargetApplicationName>
      <ApplicationName>Vision</ApplicationName>
      <Partcurrencykey>[NONE]</Partcurrencykey>
      <Partimpgroup>Vision</Partimpgroup>
      <Partdatavalue null="true"/>
      <Partvalgroup>[NONE]</Partvalgroup>
      <Parentlocationname null="true"/>
      <Partvalentgroup>[NONE]</Partvalentgroup>
      <Partlogicgroup>[NONE]</Partlogicgroup>
      <Partintgconfig1 null="true"/>
      <Partintgconfig2 null="true"/>
      <Partintgconfig3 null="true"/>
      <Partintgconfig4 null="true"/>
   </LocationForLcmVORow>
</LocationForLcmVO>