<?xml version="1.0" encoding="UTF-8" ?>
 <form xmlns:xsi="http://www.w3.org/2001/XMLSchema-instance" options2="0" suppressMissingRowsNative="false" enableOffline="false" smartForm="false" hide="false" disableSpreading="false" suppressZero="false" calcOnAutoSubmit="false" enableCubeView="false" repeatMemberLabels="false" suppressInvalidScenarioTPs="false" disableSheetProtection="false" planType="1" dir="Forms/Infolets" autoSubmit="false" readOnly="false" enableFlexForm="false" nativeSuppressMissingRowsOfSmartPush="false" runSmartPushAsynchronously="false" globalAssumptions="false" disableFormatting="false" name="Expense Category Infolet" >
 <query>
 <columns width="100" >
 <segment>
 <dimension displayMemberFormulaDesc="false" name="Period" allowFlexibleDefinition="false" displayAlias="false" applyToAllDim="false" displayMemberFormula="false" dimWidth="0" hide="true" showQualifiedName="never" drillOnSharedMbrs="false" displayName="true" expand="false" displayConsolidationOperators="false" showCurrency="false" >
 <member name="YearTotal" selectionType="Auto" />
</dimension>
</segment>
</columns>
 <rows height="22" suppressInvalid="true" >
 <segment>
 <dimension displayMemberFormulaDesc="false" name="Account" allowFlexibleDefinition="false" displayAlias="true" applyToAllDim="false" displayMemberFormula="false" dimWidth="0" hide="false" enableDropdown="false" showQualifiedName="never" drillOnSharedMbrs="false" displayName="false" expand="true" displayConsolidationOperators="false" showCurrency="false" >
 <member name="6000" selectionType="Auto" />
 <member name="7001" selectionType="Auto" />
 <member name="7300" selectionType="Auto" />
</dimension>
</segment>
</rows>
 <pov>
 <dimension displayMemberFormulaDesc="false" name="HSP_View" allowFlexibleDefinition="false" displayAlias="false" applyToAllDim="true" displayMemberFormula="false" dimWidth="0" hide="true" showQualifiedName="never" drillOnSharedMbrs="false" displayName="true" displayConsolidationOperators="false" showCurrency="false" >
 <member name="BaseData" selectionType="Auto" visible="true" />
</dimension>
 <dimension displayMemberFormulaDesc="false" name="Version" allowFlexibleDefinition="false" displayAlias="false" applyToAllDim="true" displayMemberFormula="false" dimWidth="0" hide="true" showQualifiedName="never" drillOnSharedMbrs="false" displayName="true" displayConsolidationOperators="false" showCurrency="false" >
 <member name="&amp;CurVersion" selectionType="Auto" visible="true" />
</dimension>
 <dimension displayMemberFormulaDesc="false" name="Product" allowFlexibleDefinition="false" displayAlias="false" applyToAllDim="true" displayMemberFormula="false" dimWidth="0" hide="true" showQualifiedName="never" drillOnSharedMbrs="false" displayName="true" displayConsolidationOperators="false" showCurrency="false" >
 <member name="P_000" selectionType="Auto" visible="true" />
</dimension>
 <dimension displayMemberFormulaDesc="false" name="Entity" allowFlexibleDefinition="false" displayAlias="false" applyToAllDim="true" displayMemberFormula="false" dimWidth="0" hide="true" showQualifiedName="never" drillOnSharedMbrs="false" displayName="true" displayConsolidationOperators="false" showCurrency="false" >
 <member name="TD" selectionType="Auto" visible="true" />
</dimension>
 <dimension displayMemberFormulaDesc="false" name="Scenario" allowFlexibleDefinition="false" displayAlias="false" applyToAllDim="true" displayMemberFormula="false" dimWidth="0" hide="true" showQualifiedName="never" drillOnSharedMbrs="false" displayName="true" displayConsolidationOperators="false" showCurrency="false" >
 <member name="Forecast" selectionType="Auto" visible="true" />
</dimension>
 <dimension displayMemberFormulaDesc="false" name="Year" allowFlexibleDefinition="false" displayAlias="false" applyToAllDim="true" displayMemberFormula="false" dimWidth="0" hide="true" showQualifiedName="never" drillOnSharedMbrs="false" displayName="true" displayConsolidationOperators="false" showCurrency="false" >
 <member name="&amp;CurYr" selectionType="Auto" visible="true" />
</dimension>
</pov>
</query>
 <businessRules>
 <businessRule calcType="3" name="DEFAULT" planType="1" />
</businessRules>
 <displayOptions>
 <precision useCurrencyPrecision="false" nonCurrencyMax="0" nonCurrencyMin="0" currencyMax="0" percentageMax="2" currencyMin="0" percentageMin="2" />
 <display multiCurrency="false" enableMassAllocation="false" enableGridSpread="true" hideSaveConfirmMessage="false" accountAnnotation="false" enableAdHoc="false" poundMissing="true" enableAttributeDisplay="false" enableCellAttach="true" />
 <printOptions>
 <pageSettings pageSize="A4" orientation="0" font="" fontSize="8" rowHeaderPercentage="35" numDataCols="10" />
 <format supportingDetails="false" applyPrecision="false" repeatHeaders="true" reverseSupport="false" formatData="true" />
 <printDisplay currency="true" shading="true" cellNotes="false" attribute="true" accountAnnotation="true" />
</printOptions>
 <smartViewOptions enableForSmartSlice="false" enableOfflineUsage="false" />
</displayOptions>
 <dataValidationRules>
 <dataValidationRulesOptions>
 <RunValidationsAsLoggedInUser>true</RunValidationsAsLoggedInUser>
 <ValidateOnlyForPagesWithBlocks>true</ValidateOnlyForPagesWithBlocks>
 <ValidateOnlyForUsersWithAccessToForm>true</ValidateOnlyForUsersWithAccessToForm>
 <ReplaceUserVarWithPuMember>false</ReplaceUserVarWithPuMember>
 <LoopOverEveryPossiblePuUserVarValue>false</LoopOverEveryPossiblePuUserVarValue>
</dataValidationRulesOptions>
</dataValidationRules>
 <formFormattings>
</formFormattings>
 <smartpush>
</smartpush>
</form>
