<?xml version="1.0" encoding="UTF-8" ?>
 <menu xmlns:xsi="http://www.w3.org/2001/XMLSchema-instance" name="Allocate Plan Targets" >
 <menuItem name="Allocate Plan Targets" type="menuHeader" >
 <openInNewWindow>No</openInNewWindow>
 <menuItem name="Allocate Plan Targets" label="Allocate Plan Targets" type="busRule" >
 <busRule>Allocate Plan Targets</busRule>
 <cubeName>1</cubeName>
 <ruleType>graphical</ruleType>
 <rtpViewType>classic</rtpViewType>
 <windowTitle>Allocation</windowTitle>
 <okButtonLabel>LABEL_OK</okButtonLabel>
 <cancelButtonLabel>LABEL_CANCEL</cancelButtonLabel>
 <confirmLaunchMessage></confirmLaunchMessage>
 <hidePrompt>No</hidePrompt>
 <openInNewWindow>Yes</openInNewWindow>
</menuItem>
 <menuItem name="Clear Plan Targets" label="Clear Plan Targets" type="busRule" >
 <busRule>Clear Plan Targets</busRule>
 <cubeName>1</cubeName>
 <ruleType>graphical</ruleType>
 <rtpViewType>classic</rtpViewType>
 <windowTitle>Clear Targets</windowTitle>
 <okButtonLabel>LABEL_OK</okButtonLabel>
 <cancelButtonLabel>LABEL_CANCEL</cancelButtonLabel>
 <confirmLaunchMessage></confirmLaunchMessage>
 <hidePrompt>Yes</hidePrompt>
 <openInNewWindow>Yes</openInNewWindow>
</menuItem>
</menuItem>
</menu>
