<?xml version="1.0" encoding="UTF-8" ?>
 <menu xmlns:xsi="http://www.w3.org/2001/XMLSchema-instance" name="Calculate Inc Stmt Fcst" >
 <menuItem name="Calculate Inc Stmt Fcst" type="menuHeader" >
 <openInNewWindow>No</openInNewWindow>
 <menuItem name="Calculate Income Statement" label="Calculate Income Statement" type="busRule" >
 <busRule>Income Statement - Forecast</busRule>
 <cubeName>1</cubeName>
 <ruleType>graphical</ruleType>
 <rtpViewType>classic</rtpViewType>
 <windowTitle>Calculate Income Statement</windowTitle>
 <okButtonLabel>LABEL_OK</okButtonLabel>
 <cancelButtonLabel>LABEL_CANCEL</cancelButtonLabel>
 <confirmLaunchMessage></confirmLaunchMessage>
 <hidePrompt>No</hidePrompt>
 <openInNewWindow>Yes</openInNewWindow>
</menuItem>
</menuItem>
</menu>
