<?xml version="1.0" encoding="UTF-8" ?>
 <menu xmlns:xsi="http://www.w3.org/2001/XMLSchema-instance" name="Clear GL Data" >
 <menuItem name="Clear GL Data" type="menuHeader" >
 <openInNewWindow>No</openInNewWindow>
 <menuItem name="Clear GL Data" label="Clear GL Data" type="busRule" >
 <busRule>Clear GL Data</busRule>
 <cubeName>1</cubeName>
 <ruleType>graphical</ruleType>
 <rtpViewType>streamline</rtpViewType>
 <windowTitle>Clear Data</windowTitle>
 <okButtonLabel>LABEL_OK</okButtonLabel>
 <cancelButtonLabel>LABEL_CANCEL</cancelButtonLabel>
 <confirmLaunchMessage></confirmLaunchMessage>
 <hidePrompt>No</hidePrompt>
 <openInNewWindow>Yes</openInNewWindow>
</menuItem>
</menuItem>
</menu>
