﻿#!-- HEADERBLOCK DIMENSION XML
<?xml version="1.0" encoding="UTF-8" ?>
<DIMENSIONS>
 <Dimension name="Entity" EnabledForCellLevelSecurity="true" origname="Entity" EnabledForApprovalGroups="true" DataId="4290732611685896" EnabledForValidIntersections="true" comment="" dimensionType="Country" csversion="2.5" OldName="Entity" density="Sparse" dimensionName="Entity" DimensionAlias="Entity" UUID="b657a117-26f4-4539-bb36-ce5a13e86631" OldUniqueName="" >
 <Plan1Density>Sparse</Plan1Density>
 <Plan2Density>Sparse</Plan2Density>
 <Plan3Density>Sparse</Plan3Density>
 <Plan4Density>Sparse</Plan4Density>
 <Plan5Density>Sparse</Plan5Density>
 <Plan6Density>Sparse</Plan6Density>
 <Plan7Density>Dense</Plan7Density>
 <Plan8Density>Dense</Plan8Density>
 <Plan9Density>Dense</Plan9Density>
 <Plan10Density>Dense</Plan10Density>
 <Plan11Density>Dense</Plan11Density>
 <Plan12Density>Dense</Plan12Density>
 <Plan13Density>Dense</Plan13Density>
 <Plan14Density>Dense</Plan14Density>
 <Plan15Density>Dense</Plan15Density>
 <EnumOrder1>0</EnumOrder1>
 <EnumOrder2>0</EnumOrder2>
 <EnumOrder3>0</EnumOrder3>
 <EnumOrder4>0</EnumOrder4>
 <EnumOrder5>0</EnumOrder5>
 <EnumOrder6>0</EnumOrder6>
 <EnumOrder7>0</EnumOrder7>
 <EnumOrder8>0</EnumOrder8>
 <EnumOrder9>0</EnumOrder9>
 <EnumOrder10>0</EnumOrder10>
 <EnumOrder11>0</EnumOrder11>
 <EnumOrder12>0</EnumOrder12>
 <EnumOrder13>0</EnumOrder13>
 <EnumOrder14>0</EnumOrder14>
 <EnumOrder15>0</EnumOrder15>
 <Plan1PerfOrder>7</Plan1PerfOrder>
 <Plan2PerfOrder>7</Plan2PerfOrder>
 <Plan3PerfOrder>7</Plan3PerfOrder>
 <Plan4PerfOrder>7</Plan4PerfOrder>
 <Plan5PerfOrder>7</Plan5PerfOrder>
 <Plan6PerfOrder>7</Plan6PerfOrder>
 <Plan7PerfOrder>7</Plan7PerfOrder>
 <Plan8PerfOrder>7</Plan8PerfOrder>
 <Plan9PerfOrder>7</Plan9PerfOrder>
 <Plan10PerfOrder>7</Plan10PerfOrder>
 <Plan11PerfOrder>7</Plan11PerfOrder>
 <Plan12PerfOrder>7</Plan12PerfOrder>
 <Plan13PerfOrder>7</Plan13PerfOrder>
 <Plan14PerfOrder>7</Plan14PerfOrder>
 <Plan15PerfOrder>7</Plan15PerfOrder>
 <ApplySecurity>Y</ApplySecurity>
 <PartialShare>N</PartialShare>
 <AttributeDimension href="Market Size" nameRef="Market Size" />
 <DisplayOption>MEMBER_NAME_ALIAS</DisplayOption>
 <Consolidation>~</Consolidation>
 <Consolidation2>~</Consolidation2>
 <Consolidation4>~</Consolidation4>
 <Consolidation8>~</Consolidation8>
 <Consolidation16>~</Consolidation16>
 <ConsolidationWF>NotUsed</ConsolidationWF>
 <ConsolidationCX>NotUsed</ConsolidationCX>
 <Consolidation128>NotUsed</Consolidation128>
 <Consolidation256>NotUsed</Consolidation256>
 <Consolidation512>NotUsed</Consolidation512>
 <Consolidation1024>NotUsed</Consolidation1024>
 <Consolidation2048>NotUsed</Consolidation2048>
 <Consolidation4096>NotUsed</Consolidation4096>
 <Consolidation8192>NotUsed</Consolidation8192>
 <Consolidation16384>NotUsed</Consolidation16384>
 <ValidForPlan1>Y</ValidForPlan1>
 <ValidForPlan2>Y</ValidForPlan2>
 <ValidForPlan3>Y</ValidForPlan3>
 <ValidForPlan4>Y</ValidForPlan4>
 <ValidForPlan5>Y</ValidForPlan5>
 <ValidForPlan6>N</ValidForPlan6>
 <ValidForPlan7>N</ValidForPlan7>
 <ValidForPlan8>N</ValidForPlan8>
 <ValidForPlan9>N</ValidForPlan9>
 <ValidForPlan10>N</ValidForPlan10>
 <ValidForPlan11>N</ValidForPlan11>
 <ValidForPlan12>N</ValidForPlan12>
 <ValidForPlan13>N</ValidForPlan13>
 <ValidForPlan14>N</ValidForPlan14>
 <ValidForPlan15>N</ValidForPlan15>
 <Alias table="Default" ></Alias>
 <Alias table="English" ></Alias>
 <DataStorage>NeverShare</DataStorage>
 <DataStorage2>NeverShare</DataStorage2>
 <DataStorage4>NeverShare</DataStorage4>
 <DataStorage8>NeverShare</DataStorage8>
 <DataStorage16>NeverShare</DataStorage16>
 <DataStorage32>NeverShare</DataStorage32>
 <DataStorage64>NeverShare</DataStorage64>
 <DataStorage128>NeverShare</DataStorage128>
 <DataStorage256>NeverShare</DataStorage256>
 <DataStorage512>NeverShare</DataStorage512>
 <DataStorage1024>NeverShare</DataStorage1024>
 <DataStorage2048>NeverShare</DataStorage2048>
 <DataStorage4096>NeverShare</DataStorage4096>
 <DataStorage8192>NeverShare</DataStorage8192>
 <DataStorage16384>NeverShare</DataStorage16384>
 <HierarchyType>None</HierarchyType>
 <Currency>USD</Currency>
 <DataType>Unspecified</DataType>
</Dimension>
</DIMENSIONS>
#--!
Entity, Parent, Alias: Default, Alias: English, Valid For Consolidations, Data Storage, Two Pass Calculation, Description, Formula, Formula Description, UDA, Smart List, Data Type, Hierarchy Type, Enable for Dynamic Children, Number of Possible Dynamic Children, Access Granted to Member Creator, Allow Upper Level Entity Input, Process Management Enabled, UUID, Data Id, Old Name, Old Unique Name, Base Currency, Plan Type (Plan1), Aggregation (Plan1), Data Storage (Plan1), Formula (Plan1), Solve Order (Plan1), Formula Description (Plan1), Plan Type (Plan2), Aggregation (Plan2), Data Storage (Plan2), Formula (Plan2), Solve Order (Plan2), Formula Description (Plan2), Plan Type (Plan3), Aggregation (Plan3), Data Storage (Plan3), Formula (Plan3), Solve Order (Plan3), Formula Description (Plan3), Plan Type (VisASO), Aggregation (VisASO), Data Storage (VisASO), Formula (VisASO), Solve Order (VisASO), Formula Description (VisASO), Plan Type (Vis1ASO), Aggregation (Vis1ASO), Data Storage (Vis1ASO), Formula (Vis1ASO), Solve Order (Vis1ASO), Formula Description (Vis1ASO), Market Size, Operation
Total Entity,Entity,,,false,never share,false,,<none>,<none>,,,unspecified,stored,,,,false,true,56777d3c-4b25-4f97-ace8-7d64f5789963,330269087451261,Total Entity,<none>,USD,true,+,never share,<none>,0,,true,+,never share,<none>,0,,true,+,never share,<none>,0,,true,+,never share,<none>,0,,true,+,never share,<none>,0,,,
TD,Total Entity,Total Department,Total Department,false,never share,false,,<none>,<none>,,,unspecified,none,,,,false,true,e1f09ef3-2905-4e09-b538-dc7d0301b0fb,2810120090633898,TD,<none>,USD,true,+,never share,<none>,0,,true,+,never share,<none>,0,,true,+,never share,<none>,0,,true,+,never share,<none>,0,,true,+,never share,<none>,0,,,
000,TD,No Department,No Department,false,store,false,,<none>,<none>,,,unspecified,none,,,,false,true,d11b1cb6-cac4-4d1a-89ce-d56a82671cf6,2039707939455505,000,[TD].[000],USD,true,+,store,<none>,0,,true,+,store,<none>,0,,true,+,store,<none>,0,,true,+,store,<none>,0,,false,+,store,<none>,0,,,
100,TD,Resources,Resources,false,never share,false,,<none>,<none>,,,unspecified,none,,,,false,true,b1653bf0-8652-4271-8570-ab6835985f88,3110076505280458,100,<none>,USD,true,+,never share,<none>,0,,true,+,never share,<none>,0,,true,+,never share,<none>,0,,true,+,never share,<none>,0,,true,+,never share,<none>,0,,,
110,100,Facilities Resources,Facilities Resources,false,store,false,,<none>,<none>,,,unspecified,none,,,,false,true,abb1761d-1818-498b-8681-4360a2dc368d,3864852415398831,110,[100].[110],USD,true,+,store,<none>,0,,true,+,store,<none>,0,,true,+,store,<none>,0,,true,+,store,<none>,0,,true,+,store,<none>,0,,,
111,100,West Region Resources,West Region Resources,false,store,false,,<none>,<none>,,,unspecified,none,,,,false,true,e2f71c9d-6a44-43cc-bca1-4968ec6d8ebf,2418491834321150,111,[100].[111],USD,true,+,store,<none>,0,,true,+,store,<none>,0,,true,+,store,<none>,0,,true,+,store,<none>,0,,true,+,store,<none>,0,,,
112,100,East Region Resources,East Region Resources,false,store,false,,<none>,<none>,,,unspecified,none,,,,false,true,b806d1f5-fcd6-4f89-ad6b-584b12cb7861,2815415067691754,112,[100].[112],USD,true,+,store,<none>,0,,true,+,store,<none>,0,,true,+,store,<none>,0,,true,+,store,<none>,0,,true,+,store,<none>,0,,,
120,100,Machine Resources,Machine Resources,false,store,false,,<none>,<none>,,,unspecified,none,,,,false,true,a2fc5e56-d041-4af3-ac92-2cdfecfabeb2,2090767995914860,120,[100].[120],USD,true,+,store,<none>,0,,true,+,store,<none>,0,,true,+,store,<none>,0,,true,+,store,<none>,0,,true,+,store,<none>,0,,,
130,100,Computer Resources,Computer Resources,false,store,false,,<none>,<none>,,,unspecified,none,,,,false,true,c3df1ff2-ad5f-4cd5-8ac9-37adf52aafc8,3475712349327118,130,[100].[130],USD,true,+,store,<none>,0,,true,+,store,<none>,0,,true,+,store,<none>,0,,true,+,store,<none>,0,,true,+,store,<none>,0,,,
140,100,Communications Resources,Communications Resources,false,store,false,,<none>,<none>,,,unspecified,none,,,,false,true,0d5005e7-f6d4-485b-80eb-e330731f4f0d,4199787153673564,140,[100].[140],USD,true,+,store,<none>,0,,true,+,store,<none>,0,,true,+,store,<none>,0,,true,+,store,<none>,0,,true,+,store,<none>,0,,,
200,TD,Other Corporate,Other Corporate,false,never share,false,,<none>,<none>,,,unspecified,none,,,,false,true,8e1f548e-ff01-4579-ba22-329b2ef39d90,2615860472791094,200,<none>,USD,true,+,never share,<none>,0,,true,+,never share,<none>,0,,true,+,never share,<none>,0,,true,+,never share,<none>,0,,true,+,never share,<none>,0,,,
210,200,US Organization,US Organization,false,store,false,,<none>,<none>,,,unspecified,none,,,,false,true,b36b9d2c-8e07-4ad5-8a2c-fd25d0d52f86,3004803781576207,210,[200].[210],USD,true,+,store,<none>,0,,true,+,store,<none>,0,,true,+,store,<none>,0,,true,+,store,<none>,0,,true,+,store,<none>,0,,,
220,200,CAD Organization,CAD Organization,false,store,false,,<none>,<none>,,,unspecified,none,,,,false,true,c2800c05-bd06-4a87-9f95-0a5668843405,3693520097265324,220,[200].[220],USD,true,+,store,<none>,0,,true,+,store,<none>,0,,true,+,store,<none>,0,,true,+,store,<none>,0,,true,+,store,<none>,0,,,
230,200,International Organization,International Organization,false,store,false,,<none>,<none>,,,unspecified,none,,,,false,true,459da75b-fe05-4603-8dbf-4e9efa69e065,59976908227636,230,[200].[230],USD,true,+,store,<none>,0,,true,+,store,<none>,0,,true,+,store,<none>,0,,true,+,store,<none>,0,,true,+,store,<none>,0,,,
240,200,Marketing,Marketing,false,store,false,,<none>,<none>,,,unspecified,none,,,,false,true,d52609ee-6eea-438f-bd6a-6777c7b9e00a,2775758688503752,240,[200].[240],USD,true,+,store,<none>,0,,true,+,store,<none>,0,,true,+,store,<none>,0,,true,+,store,<none>,0,,true,+,store,<none>,0,,,
403,TD,Sales,Sales,false,never share,false,,<none>,<none>,,,unspecified,none,true,10,inherit,false,true,ae2f31e3-bd0e-44a3-b31d-bb9bd5a606b2,658300521040144,403,<none>,USD,true,+,never share,<none>,0,,true,+,never share,<none>,0,,true,+,never share,<none>,0,,true,+,never share,<none>,0,,true,+,never share,<none>,0,,,
410,403,International Sales,International Sales,false,store,false,,<none>,<none>,,,unspecified,none,,,,false,true,56dd73ab-1f2c-45f5-91c4-da4b090e7454,2289976753539493,410,[403].[410],USD,true,+,store,<none>,0,,true,+,store,<none>,0,,true,+,store,<none>,0,,true,+,store,<none>,0,,true,+,store,<none>,0,,Small Market,
420,403,Sales East,Sales East,false,store,false,,<none>,<none>,,,unspecified,none,,,,false,true,8dac2241-fff8-489f-bd70-beb848187346,1993651292950321,420,[403].[420],USD,true,+,store,<none>,0,,true,+,store,<none>,0,,true,+,store,<none>,0,,true,+,store,<none>,0,,true,+,store,<none>,0,,Large Market,
421,403,Sales NorthEast,Sales NorthEast,false,store,false,,<none>,<none>,,,unspecified,none,,,,false,true,6fc82aa0-4244-46f0-bf79-fa4910ff276f,1440064256429210,421,[403].[421],USD,true,+,store,<none>,0,,true,+,store,<none>,0,,true,+,store,<none>,0,,true,+,store,<none>,0,,true,+,store,<none>,0,,Small Market,
422,403,Sales Mid-Atlantic,Sales Mid-Atlantic,false,store,false,,<none>,<none>,,,unspecified,none,,,,false,true,647c3a15-efb4-4b79-b987-5a4cad49c957,1064004754358761,422,[403].[422],USD,true,+,store,<none>,0,,true,+,store,<none>,0,,true,+,store,<none>,0,,true,+,store,<none>,0,,true,+,store,<none>,0,,Large Market,
423,403,Sales SouthEast,Sales SouthEast,false,store,false,,<none>,<none>,,,unspecified,none,,,,false,true,785bc152-70ec-4d18-8508-ceb57d861d72,2817942738845942,423,[403].[423],USD,true,+,store,<none>,0,,true,+,store,<none>,0,,true,+,store,<none>,0,,true,+,store,<none>,0,,true,+,store,<none>,0,,Medium Market,
430,403,Sales South,Sales South,false,store,false,,<none>,<none>,,,unspecified,none,,,,false,true,76576e42-db61-4f00-b222-cf3a34d16ee9,3185741227970026,430,[403].[430],USD,true,+,store,<none>,0,,true,+,store,<none>,0,,true,+,store,<none>,0,,true,+,store,<none>,0,,true,+,store,<none>,0,,Large Market,
440,403,Sales Central,Sales Central,false,store,false,,<none>,<none>,,,unspecified,none,,,,false,true,58db1514-eb3e-4d38-ad0e-34d58a8a6bd4,3931034710461430,440,[403].[440],USD,true,+,store,<none>,0,,true,+,store,<none>,0,,true,+,store,<none>,0,,true,+,store,<none>,0,,true,+,store,<none>,0,,Medium Market,
450,403,Sales West,Sales West,false,store,false,,<none>,<none>,,,unspecified,none,,,,false,true,dee5cf26-5ac4-44fc-b44c-a671162c1663,425629788160421,450,[403].[450],USD,true,+,store,<none>,0,,true,+,store,<none>,0,,true,+,store,<none>,0,,true,+,store,<none>,0,,true,+,store,<none>,0,,Large Market,
500,TD,Manufacturing,Manufacturing,false,never share,false,,<none>,<none>,,,unspecified,none,,,,false,true,30207d30-a40b-4121-9385-6acc5a14de20,817938509416988,500,<none>,USD,true,+,never share,<none>,0,,true,+,never share,<none>,0,,true,+,never share,<none>,0,,true,+,never share,<none>,0,,true,+,never share,<none>,0,,,
501,500,Operations Manager,Operations Manager,false,store,false,,<none>,<none>,,,unspecified,none,,,,false,true,9ffa264d-62cc-4283-a4d2-ad86a58af520,1859060062439927,501,[500].[501],USD,true,+,store,<none>,0,,true,+,store,<none>,0,,true,+,store,<none>,0,,true,+,store,<none>,0,,true,+,store,<none>,0,,,
509,500,Field Service Technicians,Field Service Technicians,false,store,false,,<none>,<none>,,,unspecified,none,,,,false,true,25ea95e0-ca95-454c-a609-dcdb6c7f9900,4053736467677681,509,[500].[509],USD,true,+,store,<none>,0,,true,+,store,<none>,0,,true,+,store,<none>,0,,true,+,store,<none>,0,,true,+,store,<none>,0,,,
510,500,Vision Operations Inventory,Vision Operations Inventory,false,store,false,,<none>,<none>,,,unspecified,none,,,,false,true,c61c9fcc-ee57-47cf-9b91-a54ada2bdd2a,2366717925608706,510,[500].[510],USD,true,+,store,<none>,0,,true,+,store,<none>,0,,true,+,store,<none>,0,,true,+,store,<none>,0,,true,+,store,<none>,0,,,
511,500,San Francisco Inventory,San Francisco Inventory,false,store,false,,<none>,<none>,,,unspecified,none,,,,false,true,085f0406-1f22-4b12-92bb-a1bfb621914d,3287242988407210,511,[500].[511],USD,true,+,store,<none>,0,,true,+,store,<none>,0,,true,+,store,<none>,0,,true,+,store,<none>,0,,true,+,store,<none>,0,,,
519,500,Texas Inventory,Texas Inventory,false,store,false,,<none>,<none>,,,unspecified,none,,,,false,true,6d7f3165-12d8-46da-b4c8-c83aaf623095,2750972284784275,519,[500].[519],USD,true,+,store,<none>,0,,true,+,store,<none>,0,,true,+,store,<none>,0,,true,+,store,<none>,0,,true,+,store,<none>,0,,,
520,500,M1 Seattle Manufacturing Plant,M1 Seattle Manufacturing Plant,false,store,false,,<none>,<none>,,,unspecified,none,,,,false,true,6be342e1-7503-478b-ad92-0f280465fb4d,2663429418402928,520,[500].[520],USD,true,+,store,<none>,0,,true,+,store,<none>,0,,true,+,store,<none>,0,,true,+,store,<none>,0,,true,+,store,<none>,0,,,
530,500,M3 Dallas Manufacturing Plant 2,M3 Dallas Manufacturing Plant 2,false,store,false,,<none>,<none>,,,unspecified,none,,,,false,true,042e9685-ad28-4300-a3fe-4d0b050c22f3,1466600844185591,530,[500].[530],USD,true,+,store,<none>,0,,true,+,store,<none>,0,,true,+,store,<none>,0,,true,+,store,<none>,0,,true,+,store,<none>,0,,,
535,500,Manufacturing Plant 3,Manufacturing Plant 3,false,store,false,,<none>,<none>,,,unspecified,none,,,,false,true,cff3e97b-e676-4f0e-a6a4-e8afaa713cad,3072679219839050,535,[500].[535],USD,true,+,store,<none>,0,,true,+,store,<none>,0,,true,+,store,<none>,0,,true,+,store,<none>,0,,true,+,store,<none>,0,,,
540,500,Sub-Assembly Plant 1,Sub-Assembly Plant 1,false,store,false,,<none>,<none>,,,unspecified,none,,,,false,true,71aadcb6-0bf2-440f-a843-b2e8b5a2ac31,2527831668115366,540,[500].[540],USD,true,+,store,<none>,0,,true,+,store,<none>,0,,true,+,store,<none>,0,,true,+,store,<none>,0,,true,+,store,<none>,0,,,
550,500,Distribution Organization 1,Distribution Organization 1,false,store,false,,<none>,<none>,,,unspecified,none,,,,false,true,230d7fe3-e7b5-4d17-927e-0cc9db9378bc,521770886188962,550,[500].[550],USD,true,+,store,<none>,0,,true,+,store,<none>,0,,true,+,store,<none>,0,,true,+,store,<none>,0,,true,+,store,<none>,0,,,
555,500,DRP Warehouse 1,DRP Warehouse 1,false,store,false,,<none>,<none>,,,unspecified,none,,,,false,true,11a037e9-fe59-46b3-83e6-60ffcc56aeec,3778697460141715,555,[500].[555],USD,true,+,store,<none>,0,,true,+,store,<none>,0,,true,+,store,<none>,0,,true,+,store,<none>,0,,true,+,store,<none>,0,,,
560,500,Distribution Organization 2,Distribution Organization 2,false,store,false,,<none>,<none>,,,unspecified,none,,,,false,true,b0f415c0-ffbc-4c42-af6e-180e7e12d1f7,4074462209199580,560,[500].[560],USD,true,+,store,<none>,0,,true,+,store,<none>,0,,true,+,store,<none>,0,,true,+,store,<none>,0,,true,+,store,<none>,0,,,
570,500,Cost Accounting,Cost Accounting,false,store,false,,<none>,<none>,,,unspecified,none,,,,false,true,cd15b00f-9df6-4349-8b43-3a88a0173ecd,3684542500917161,570,[500].[570],USD,true,+,store,<none>,0,,true,+,store,<none>,0,,true,+,store,<none>,0,,true,+,store,<none>,0,,true,+,store,<none>,0,,,
575,500,Project Management Ofc - Const,Project Management Ofc - Const,false,store,false,,<none>,<none>,,,unspecified,none,,,,false,true,a3856c82-0941-4555-82ec-b65afb49936e,3062002954355206,575,[500].[575],USD,true,+,store,<none>,0,,true,+,store,<none>,0,,true,+,store,<none>,0,,true,+,store,<none>,0,,true,+,store,<none>,0,,,
580,500,Maintenance_580,Maintenance_580,false,store,false,,<none>,<none>,,,unspecified,none,,,,false,true,9e716959-f80f-40ff-8292-febfc5da6fb5,2456827720188765,580,[500].[580],USD,true,+,store,<none>,0,,true,+,store,<none>,0,,true,+,store,<none>,0,,true,+,store,<none>,0,,true,+,store,<none>,0,,,
585,500,Maintenance and Service - Const,Maintenance and Service - Const,false,store,false,,<none>,<none>,,,unspecified,none,,,,false,true,5ffbc816-cf23-4320-b0e7-377524cac0d8,2482273502446518,585,[500].[585],USD,true,+,store,<none>,0,,true,+,store,<none>,0,,true,+,store,<none>,0,,true,+,store,<none>,0,,true,+,store,<none>,0,,,
590,500,Quality,Quality,false,store,false,,<none>,<none>,,,unspecified,none,,,,false,true,6eb43e12-87d4-48e9-b54e-4c3465a7fb82,557000083390658,590,[500].[590],USD,true,+,store,<none>,0,,true,+,store,<none>,0,,true,+,store,<none>,0,,true,+,store,<none>,0,,true,+,store,<none>,0,,,
595,500,Engineering - Const,Engineering - Const,false,store,false,,<none>,<none>,,,unspecified,none,,,,false,true,d844a6a7-eb7f-4759-a3d8-fd7b410dbf70,3864579703587510,595,[500].[595],USD,true,+,store,<none>,0,,true,+,store,<none>,0,,true,+,store,<none>,0,,true,+,store,<none>,0,,true,+,store,<none>,0,,,
601,TD,Other Departments,Other Departments,false,never share,false,,<none>,<none>,,,unspecified,none,,,,false,true,f2986211-19d9-41b5-81e6-db4eca2985ef,3664314224888139,601,<none>,USD,true,+,never share,<none>,0,,true,+,never share,<none>,0,,true,+,never share,<none>,0,,true,+,never share,<none>,0,,true,+,never share,<none>,0,,,
600,601,Leasing,Leasing,false,store,false,,<none>,<none>,,,unspecified,none,,,,false,true,37e1447d-e098-44f7-a573-9416642eba6e,1419986606508038,600,[601].[600],USD,true,+,store,<none>,0,,true,+,store,<none>,0,,true,+,store,<none>,0,,true,+,store,<none>,0,,true,+,store,<none>,0,,,
700,TD,Finance and Accounting,Finance and Accounting,false,never share,false,,<none>,<none>,,,unspecified,none,,,,false,true,341d017d-a174-4699-8130-a37785a41a2b,3001395829492660,700,<none>,USD,true,+,never share,<none>,0,,true,+,never share,<none>,0,,true,+,never share,<none>,0,,true,+,never share,<none>,0,,true,+,never share,<none>,0,,,
710,700,CEO Office,CEO Office,false,store,false,,<none>,<none>,,,unspecified,none,,,,false,true,25743bf1-ce8b-47c8-b5bc-529771e05ff7,3943933243835002,710,[700].[710],USD,true,+,store,<none>,0,,true,+,store,<none>,0,,true,+,store,<none>,0,,true,+,store,<none>,0,,true,+,store,<none>,0,,,
720,700,CFO Office,CFO Office,false,store,false,,<none>,<none>,,,unspecified,none,,,,false,true,6160ecb0-6a61-4ab3-96f9-14f83e716a15,3132926144237294,720,[700].[720],USD,true,+,store,<none>,0,,true,+,store,<none>,0,,true,+,store,<none>,0,,true,+,store,<none>,0,,true,+,store,<none>,0,,,
730,700,Finance,Finance,false,store,false,,<none>,<none>,,,unspecified,none,,,,false,true,6ad49c96-1c04-4862-a559-c1d3e8dc16f3,2401080939201561,730,[700].[730],USD,true,+,store,<none>,0,,true,+,store,<none>,0,,true,+,store,<none>,0,,true,+,store,<none>,0,,true,+,store,<none>,0,,,
740,700,Controllers Office,Controllers Office,false,store,false,,<none>,<none>,,,unspecified,none,,,,false,true,60991ad4-636c-46a4-92e6-2716863aa114,3378640241773544,740,[700].[740],USD,true,+,store,<none>,0,,true,+,store,<none>,0,,true,+,store,<none>,0,,true,+,store,<none>,0,,true,+,store,<none>,0,,,
750,700,Purchasing,Purchasing,false,store,false,,<none>,<none>,,,unspecified,none,,,,false,true,4033c88c-2fcf-4c28-9272-ccd564ebdbc7,945188822666917,750,[700].[750],USD,true,+,store,<none>,0,,true,+,store,<none>,0,,true,+,store,<none>,0,,true,+,store,<none>,0,,true,+,store,<none>,0,,,
760,700,Payroll,Payroll,false,store,false,,<none>,<none>,,,unspecified,none,,,,false,true,67345ad1-747e-4610-9d55-2c3e814d3544,911283838337504,760,[700].[760],USD,true,+,store,<none>,0,,true,+,store,<none>,0,,true,+,store,<none>,0,,true,+,store,<none>,0,,true,+,store,<none>,0,,,
770,700,Order Entry,Order Entry,false,store,false,,<none>,<none>,,,unspecified,none,,,,false,true,9f7a924a-9c82-4ff2-9112-7c13e9857140,1100047644380415,770,[700].[770],USD,true,+,store,<none>,0,,true,+,store,<none>,0,,true,+,store,<none>,0,,true,+,store,<none>,0,,true,+,store,<none>,0,,,
CEO,700,CEO Office Management,CEO Office Management,false,store,false,,<none>,<none>,,,unspecified,none,,,,false,true,754b029b-9f25-4615-884b-a6241be7da8c,1451680695076104,CEO,[700].[CEO],USD,true,+,store,<none>,0,,true,+,store,<none>,0,,true,+,store,<none>,0,,true,+,store,<none>,0,,true,+,store,<none>,0,,,
CFO,700,CFO Office Management,CFO Office Management,false,store,false,,<none>,<none>,,,unspecified,none,,,,false,true,c2671bb5-31c6-4885-b761-404f951d138e,1601954347961215,CFO,[700].[CFO],USD,true,+,store,<none>,0,,true,+,store,<none>,0,,true,+,store,<none>,0,,true,+,store,<none>,0,,true,+,store,<none>,0,,,
800,TD,HR and Administration,HR and Administration,false,never share,false,,<none>,<none>,,,unspecified,none,,,,false,true,05a8633d-4c7e-4ff2-815c-f865e5db2db8,2731505865017660,800,<none>,USD,true,+,never share,<none>,0,,true,+,never share,<none>,0,,true,+,never share,<none>,0,,true,+,never share,<none>,0,,true,+,never share,<none>,0,,,
810,800,HR and Administration Management,HR and Administration Management,false,store,false,,<none>,<none>,,,unspecified,none,,,,false,true,4433bbab-6817-4331-90dd-3cb7581aa880,3773131149232181,810,[800].[810],USD,true,+,store,<none>,0,,true,+,store,<none>,0,,true,+,store,<none>,0,,true,+,store,<none>,0,,true,+,store,<none>,0,,,
815,800,Health Care,Health Care,false,store,false,,<none>,<none>,,,unspecified,none,,,,false,true,9f68eb9c-63a4-452a-9dd6-dcd9693a600b,3323973686280986,815,[800].[815],USD,true,+,store,<none>,0,,true,+,store,<none>,0,,true,+,store,<none>,0,,true,+,store,<none>,0,,true,+,store,<none>,0,,,
830,800,MIS,MIS,false,store,false,,<none>,<none>,,,unspecified,none,,,,false,true,00097215-4197-4b51-ad85-6028858fc5be,1707599632550914,830,[800].[830],USD,true,+,store,<none>,0,,true,+,store,<none>,0,,true,+,store,<none>,0,,true,+,store,<none>,0,,true,+,store,<none>,0,,,
840,800,Facilities,Facilities,false,store,false,,<none>,<none>,,,unspecified,none,,,,false,true,5ff39e6a-d3d2-4611-8701-527e000eff84,3701470827466106,840,[800].[840],USD,true,+,store,<none>,0,,true,+,store,<none>,0,,true,+,store,<none>,0,,true,+,store,<none>,0,,true,+,store,<none>,0,,,
Enterprise Global,Total Entity,,,false,store,false,,<none>,<none>,,,unspecified,none,,,,false,true,4cc9dcee-9d49-44ab-a638-d8b09a25233f,1761119938168776,Enterprise Global,<none>,USD,true,+,store,<none>,0,,true,+,store,<none>,0,,true,+,store,<none>,0,,true,+,store,<none>,0,,true,+,store,<none>,0,,,
New Entity,Entity,,,false,never share,false,,<none>,<none>,,,unspecified,none,,,,false,true,b4551e71-07cb-43bf-a795-6d90370e0ae0,4447683950824882,New Entity,<none>,USD,true,+,never share,<none>,0,,true,+,never share,<none>,0,,true,+,never share,<none>,0,,true,+,never share,<none>,0,,true,+,never share,<none>,0,,,
Unspecified Entity,Entity,,,false,store,false,,<none>,<none>,,,unspecified,stored,,,,false,true,d11cd594-8392-45f4-a92d-46384a0700bc,2678645166327258,Unspecified Entity,<none>,USD,true,+,store,<none>,0,,true,+,store,<none>,0,,true,+,store,<none>,0,,true,+,store,<none>,0,,true,+,store,<none>,0,,,
No Entity,Entity,,,false,store,false,,<none>,<none>,,,unspecified,stored,,,,false,true,25fd28be-3ebc-4055-b543-93a30b284b95,3150891289691863,No Entity,<none>,USD,true,~,store,<none>,0,,true,~,store,<none>,0,,true,~,store,<none>,0,,true,~,store,<none>,0,,true,+,store,<none>,0,,,
Management Rollup,Entity,,,false,dynamic calc,false,,<none>,<none>,,,unspecified,stored,,,,false,true,612f695d-458e-4d97-8da1-7d22297a0751,1867552860881182,Management Rollup,<none>,USD,true,~,dynamic calc,<none>,0,,true,~,dynamic calc,<none>,0,,true,~,dynamic calc,<none>,0,,false,+,dynamic calc,<none>,0,,true,+,dynamic calc,<none>,0,,,
Resources VP,Management Rollup,,,false,dynamic calc,false,,<none>,<none>,,,unspecified,none,,,,false,true,d1293874-f51b-4e06-8676-009f1d45eae5,2663993150884948,Resources VP,<none>,USD,true,+,dynamic calc,<none>,0,,true,+,dynamic calc,<none>,0,,true,+,dynamic calc,<none>,0,,false,+,dynamic calc,<none>,0,,true,+,dynamic calc,<none>,0,,,
000,Resources VP,No Department,No Department,false,shared,false,,<none>,<none>,,,unspecified,none,,,,false,true,66614b21-ecdd-4be2-9fb7-d23cb7c00f1b,203981734955223,000,[Resources VP].[000],USD,true,+,shared,<none>,0,,true,+,shared,<none>,0,,true,+,shared,<none>,0,,false,+,shared,<none>,0,,false,+,shared,<none>,0,,,
110,Resources VP,Facilities Resources,Facilities Resources,false,shared,false,,<none>,<none>,,,unspecified,none,,,,false,true,09ce362c-32e0-4103-8814-e56b4a323728,696594947784950,110,[Resources VP].[110],USD,true,+,shared,<none>,0,,true,+,shared,<none>,0,,true,+,shared,<none>,0,,false,+,shared,<none>,0,,true,+,shared,<none>,0,,,
111,Resources VP,West Region Resources,West Region Resources,false,shared,false,,<none>,<none>,,,unspecified,none,,,,false,true,e9cb3c02-9417-4dc3-977b-12c85341f30f,3381373008694336,111,[Resources VP].[111],USD,true,+,shared,<none>,0,,true,+,shared,<none>,0,,true,+,shared,<none>,0,,false,+,shared,<none>,0,,true,+,shared,<none>,0,,,
112,Resources VP,East Region Resources,East Region Resources,false,shared,false,,<none>,<none>,,,unspecified,none,,,,false,true,1d351dff-03a3-432a-8b31-3b793d3c2321,4399335131791460,112,[Resources VP].[112],USD,true,+,shared,<none>,0,,true,+,shared,<none>,0,,true,+,shared,<none>,0,,false,+,shared,<none>,0,,true,+,shared,<none>,0,,,
120,Resources VP,Machine Resources,Machine Resources,false,shared,false,,<none>,<none>,,,unspecified,none,,,,false,true,180ece4a-4f5a-4d8c-b206-25e43664efb7,1213763992113147,120,[Resources VP].[120],USD,true,+,shared,<none>,0,,true,+,shared,<none>,0,,true,+,shared,<none>,0,,false,+,shared,<none>,0,,true,+,shared,<none>,0,,,
130,Resources VP,Computer Resources,Computer Resources,false,shared,false,,<none>,<none>,,,unspecified,none,,,,false,true,dd7ea199-8db5-4d3f-bdd0-f856dd090fdf,2260685155158925,130,[Resources VP].[130],USD,true,+,shared,<none>,0,,true,+,shared,<none>,0,,true,+,shared,<none>,0,,false,+,shared,<none>,0,,true,+,shared,<none>,0,,,
140,Resources VP,Communications Resources,Communications Resources,false,shared,false,,<none>,<none>,,,unspecified,none,,,,false,true,a4bbd2d1-5e03-4e9f-b2a0-bac83ae0e0d7,2323587371912222,140,[Resources VP].[140],USD,true,+,shared,<none>,0,,true,+,shared,<none>,0,,true,+,shared,<none>,0,,false,+,shared,<none>,0,,true,+,shared,<none>,0,,,
210,Resources VP,US Organization,US Organization,false,shared,false,,<none>,<none>,,,unspecified,none,,,,false,true,dbccdf36-a7f7-45da-a897-74fc1b6a0f8c,3553281370374368,210,[Resources VP].[210],USD,true,+,shared,<none>,0,,true,+,shared,<none>,0,,true,+,shared,<none>,0,,false,+,shared,<none>,0,,true,+,shared,<none>,0,,,
220,Resources VP,CAD Organization,CAD Organization,false,shared,false,,<none>,<none>,,,unspecified,none,,,,false,true,d962b798-9b6e-402d-9e4f-aa24bbaf9098,4332980611400562,220,[Resources VP].[220],USD,true,+,shared,<none>,0,,true,+,shared,<none>,0,,true,+,shared,<none>,0,,false,+,shared,<none>,0,,true,+,shared,<none>,0,,,
230,Resources VP,International Organization,International Organization,false,shared,false,,<none>,<none>,,,unspecified,none,,,,false,true,c19c6648-1aa4-4a72-8c11-01d099530176,2761543552877315,230,[Resources VP].[230],USD,true,+,shared,<none>,0,,true,+,shared,<none>,0,,true,+,shared,<none>,0,,false,+,shared,<none>,0,,true,+,shared,<none>,0,,,
Sales VP,Management Rollup,,,false,dynamic calc,false,,<none>,<none>,,,unspecified,none,,,,false,true,05ae0324-fa0e-4d8d-974d-5c3314f16a25,248283400061832,Sales VP,<none>,USD,true,+,dynamic calc,<none>,0,,true,+,dynamic calc,<none>,0,,true,+,dynamic calc,<none>,0,,false,+,dynamic calc,<none>,0,,true,+,dynamic calc,<none>,0,,,
Sales Director 1,Sales VP,,,false,dynamic calc,false,,<none>,<none>,,,unspecified,none,,,,false,true,a48959b7-d796-45d5-82c4-260db99131f2,2526793753117156,Sales Director 1,<none>,USD,true,+,dynamic calc,<none>,0,,true,+,dynamic calc,<none>,0,,true,+,dynamic calc,<none>,0,,false,+,dynamic calc,<none>,0,,true,+,dynamic calc,<none>,0,,,
240,Sales Director 1,Marketing,Marketing,false,shared,false,,<none>,<none>,,,unspecified,none,,,,false,true,71334983-a7b8-4b69-947d-a6fec13fafd2,2619680196018541,240,[Sales Director 1].[240],USD,true,+,shared,<none>,0,,true,+,shared,<none>,0,,true,+,shared,<none>,0,,false,+,shared,<none>,0,,true,+,shared,<none>,0,,,
Sales Director 2,Sales VP,,,false,dynamic calc,false,,<none>,<none>,,,unspecified,none,,,,false,true,f81a1fca-777b-42f3-b5ea-88fb8ef289ed,2688300392271051,Sales Director 2,<none>,USD,true,+,dynamic calc,<none>,0,,true,+,dynamic calc,<none>,0,,true,+,dynamic calc,<none>,0,,false,+,dynamic calc,<none>,0,,true,+,dynamic calc,<none>,0,,,
410,Sales Director 2,International Sales,International Sales,false,shared,false,,<none>,<none>,,,unspecified,none,,,,false,true,9e01d675-40c8-46f4-9bc8-dd7b58599642,1165427423397405,410,[Sales Director 2].[410],USD,true,+,shared,<none>,0,,true,+,shared,<none>,0,,true,+,shared,<none>,0,,false,+,shared,<none>,0,,true,+,shared,<none>,0,,,
420,Sales Director 2,Sales East,Sales East,false,shared,false,,<none>,<none>,,,unspecified,none,,,,false,true,657b9997-f603-4619-96ce-0c419c8d66b4,898551714434509,420,[Sales Director 2].[420],USD,true,+,shared,<none>,0,,true,+,shared,<none>,0,,true,+,shared,<none>,0,,false,+,shared,<none>,0,,true,+,shared,<none>,0,,,
421,Sales Director 2,Sales NorthEast,Sales NorthEast,false,shared,false,,<none>,<none>,,,unspecified,none,,,,false,true,9bdfe063-9597-418e-b95e-6da662a341a8,550913398949157,421,[Sales Director 2].[421],USD,true,+,shared,<none>,0,,true,+,shared,<none>,0,,true,+,shared,<none>,0,,false,+,shared,<none>,0,,true,+,shared,<none>,0,,,
422,Sales Director 2,Sales Mid-Atlantic,Sales Mid-Atlantic,false,shared,false,,<none>,<none>,,,unspecified,none,,,,false,true,41b60efe-da32-4cb9-85e6-1113d4183cbe,91797083802535,422,[Sales Director 2].[422],USD,true,+,shared,<none>,0,,true,+,shared,<none>,0,,true,+,shared,<none>,0,,false,+,shared,<none>,0,,true,+,shared,<none>,0,,,
423,Sales Director 2,Sales SouthEast,Sales SouthEast,false,shared,false,,<none>,<none>,,,unspecified,none,,,,false,true,730ff9e1-41ef-4cbe-bfaa-aeeac06b3554,2194905426444554,423,[Sales Director 2].[423],USD,true,+,shared,<none>,0,,true,+,shared,<none>,0,,true,+,shared,<none>,0,,false,+,shared,<none>,0,,true,+,shared,<none>,0,,,
430,Sales Director 2,Sales South,Sales South,false,shared,false,,<none>,<none>,,,unspecified,none,,,,false,true,80794a3b-1f7c-4b7d-967d-45c1bbc74b94,132180309393924,430,[Sales Director 2].[430],USD,true,+,shared,<none>,0,,true,+,shared,<none>,0,,true,+,shared,<none>,0,,false,+,shared,<none>,0,,true,+,shared,<none>,0,,,
440,Sales Director 2,Sales Central,Sales Central,false,shared,false,,<none>,<none>,,,unspecified,none,,,,false,true,72b6fed8-4999-48f0-a935-fd77104b35d1,3322033716153450,440,[Sales Director 2].[440],USD,true,+,shared,<none>,0,,true,+,shared,<none>,0,,true,+,shared,<none>,0,,false,+,shared,<none>,0,,true,+,shared,<none>,0,,,
450,Sales Director 2,Sales West,Sales West,false,shared,false,,<none>,<none>,,,unspecified,none,,,,false,true,7f51fc35-43e1-44de-b67b-af35daa72a1d,421275505674370,450,[Sales Director 2].[450],USD,true,+,shared,<none>,0,,true,+,shared,<none>,0,,true,+,shared,<none>,0,,false,+,shared,<none>,0,,true,+,shared,<none>,0,,,
Manufacturing VP,Management Rollup,,,false,dynamic calc,false,,<none>,<none>,,,unspecified,none,,,,false,true,fe6b3938-d548-41d6-88ec-d988e3085fb4,605294840204858,Manufacturing VP,<none>,USD,true,+,dynamic calc,<none>,0,,true,+,dynamic calc,<none>,0,,true,+,dynamic calc,<none>,0,,false,+,dynamic calc,<none>,0,,true,+,dynamic calc,<none>,0,,,
Operations Director,Manufacturing VP,,,false,dynamic calc,false,,<none>,<none>,,,unspecified,none,,,,false,true,254384ea-ee13-4862-8f8d-7f01418bc596,224655569275670,Operations Director,<none>,USD,true,+,dynamic calc,<none>,0,,true,+,dynamic calc,<none>,0,,true,+,dynamic calc,<none>,0,,false,+,dynamic calc,<none>,0,,true,+,dynamic calc,<none>,0,,,
501,Operations Director,Operations Manager,Operations Manager,false,shared,false,,<none>,<none>,,,unspecified,none,,,,false,true,f8a88592-1618-4a2b-bcd8-d99f6a9c892c,724565989281079,501,[Operations Director].[501],USD,true,+,shared,<none>,0,,true,+,shared,<none>,0,,true,+,shared,<none>,0,,false,+,shared,<none>,0,,true,+,shared,<none>,0,,,
509,Operations Director,Field Service Technicians,Field Service Technicians,false,shared,false,,<none>,<none>,,,unspecified,none,,,,false,true,e853aa1a-b417-4d8b-a3ed-2916ae2fd01e,1969045621787321,509,[Operations Director].[509],USD,true,+,shared,<none>,0,,true,+,shared,<none>,0,,true,+,shared,<none>,0,,false,+,shared,<none>,0,,true,+,shared,<none>,0,,,
510,Operations Director,Vision Operations Inventory,Vision Operations Inventory,false,shared,false,,<none>,<none>,,,unspecified,none,,,,false,true,1a6ccd54-e7f5-4a49-8d32-a62f3659e1f5,2581743532983256,510,[Operations Director].[510],USD,true,+,shared,<none>,0,,true,+,shared,<none>,0,,true,+,shared,<none>,0,,false,+,shared,<none>,0,,true,+,shared,<none>,0,,,
511,Operations Director,San Francisco Inventory,San Francisco Inventory,false,shared,false,,<none>,<none>,,,unspecified,none,,,,false,true,d92ac436-d6ea-4cb0-adb6-9de19bf608ac,620496802105753,511,[Operations Director].[511],USD,true,+,shared,<none>,0,,true,+,shared,<none>,0,,true,+,shared,<none>,0,,false,+,shared,<none>,0,,true,+,shared,<none>,0,,,
519,Operations Director,Texas Inventory,Texas Inventory,false,shared,false,,<none>,<none>,,,unspecified,none,,,,false,true,c1bb159d-decb-4c42-ac10-c603585056c8,1809064185514527,519,[Operations Director].[519],USD,true,+,shared,<none>,0,,true,+,shared,<none>,0,,true,+,shared,<none>,0,,false,+,shared,<none>,0,,true,+,shared,<none>,0,,,
570,Operations Director,Cost Accounting,Cost Accounting,false,shared,false,,<none>,<none>,,,unspecified,none,,,,false,true,faa19078-1e0c-41d8-9d60-7171b026c30d,3577731168485639,570,[Operations Director].[570],USD,true,+,shared,<none>,0,,true,+,shared,<none>,0,,true,+,shared,<none>,0,,false,+,shared,<none>,0,,true,+,shared,<none>,0,,,
575,Operations Director,Project Management Ofc - Const,Project Management Ofc - Const,false,shared,false,,<none>,<none>,,,unspecified,none,,,,false,true,16d4af4d-eb90-465d-b9b4-70154e32f350,994867092736172,575,[Operations Director].[575],USD,true,+,shared,<none>,0,,true,+,shared,<none>,0,,true,+,shared,<none>,0,,false,+,shared,<none>,0,,true,+,shared,<none>,0,,,
580,Operations Director,Maintenance_580,Maintenance_580,false,shared,false,,<none>,<none>,,,unspecified,none,,,,false,true,ab77981f-98de-42a2-8fd4-1154f251156c,3972686024232776,580,[Operations Director].[580],USD,true,+,shared,<none>,0,,true,+,shared,<none>,0,,true,+,shared,<none>,0,,false,+,shared,<none>,0,,true,+,shared,<none>,0,,,
585,Operations Director,Maintenance and Service - Const,Maintenance and Service - Const,false,shared,false,,<none>,<none>,,,unspecified,none,,,,false,true,75c1578c-383d-4dac-a811-3f351886011e,2274832875735175,585,[Operations Director].[585],USD,true,+,shared,<none>,0,,true,+,shared,<none>,0,,true,+,shared,<none>,0,,false,+,shared,<none>,0,,true,+,shared,<none>,0,,,
590,Operations Director,Quality,Quality,false,shared,false,,<none>,<none>,,,unspecified,none,,,,false,true,8b72e443-911a-4ffb-a677-5a60e2597c04,1037198948648504,590,[Operations Director].[590],USD,true,+,shared,<none>,0,,true,+,shared,<none>,0,,true,+,shared,<none>,0,,false,+,shared,<none>,0,,true,+,shared,<none>,0,,,
595,Operations Director,Engineering - Const,Engineering - Const,false,shared,false,,<none>,<none>,,,unspecified,none,,,,false,true,25d9a813-ac8e-4471-92dd-d95babfb07d8,2031463732757437,595,[Operations Director].[595],USD,true,+,shared,<none>,0,,true,+,shared,<none>,0,,true,+,shared,<none>,0,,false,+,shared,<none>,0,,true,+,shared,<none>,0,,,
Plant Director,Manufacturing VP,,,false,dynamic calc,false,,<none>,<none>,,,unspecified,none,,,,false,true,07565775-5286-45e2-87c4-dccb877fbb3f,72979626083572,Plant Director,<none>,USD,true,+,dynamic calc,<none>,0,,true,+,dynamic calc,<none>,0,,true,+,dynamic calc,<none>,0,,false,+,dynamic calc,<none>,0,,true,+,dynamic calc,<none>,0,,,
520,Plant Director,M1 Seattle Manufacturing Plant,M1 Seattle Manufacturing Plant,false,shared,false,,<none>,<none>,,,unspecified,none,,,,false,true,3218138b-d4d0-4e68-a91e-5bb441f1dbf1,2287675235516933,520,[Plant Director].[520],USD,true,+,shared,<none>,0,,true,+,shared,<none>,0,,true,+,shared,<none>,0,,false,+,shared,<none>,0,,true,+,shared,<none>,0,,,
530,Plant Director,M3 Dallas Manufacturing Plant 2,M3 Dallas Manufacturing Plant 2,false,shared,false,,<none>,<none>,,,unspecified,none,,,,false,true,e11b6b20-f6ee-47eb-92e8-218a54335d64,4427965728049749,530,[Plant Director].[530],USD,true,+,shared,<none>,0,,true,+,shared,<none>,0,,true,+,shared,<none>,0,,false,+,shared,<none>,0,,true,+,shared,<none>,0,,,
535,Plant Director,Manufacturing Plant 3,Manufacturing Plant 3,false,shared,false,,<none>,<none>,,,unspecified,none,,,,false,true,225ab979-4d14-4060-9082-370760b2659e,1681967985020419,535,[Plant Director].[535],USD,true,+,shared,<none>,0,,true,+,shared,<none>,0,,true,+,shared,<none>,0,,false,+,shared,<none>,0,,true,+,shared,<none>,0,,,
540,Plant Director,Sub-Assembly Plant 1,Sub-Assembly Plant 1,false,shared,false,,<none>,<none>,,,unspecified,none,,,,false,true,060a0741-c661-4886-a138-936ceb19cd9b,3546118216829429,540,[Plant Director].[540],USD,true,+,shared,<none>,0,,true,+,shared,<none>,0,,true,+,shared,<none>,0,,false,+,shared,<none>,0,,true,+,shared,<none>,0,,,
550,Plant Director,Distribution Organization 1,Distribution Organization 1,false,shared,false,,<none>,<none>,,,unspecified,none,,,,false,true,28c4d9c8-4df7-4649-9210-f8dd46caae82,886566196627435,550,[Plant Director].[550],USD,true,+,shared,<none>,0,,true,+,shared,<none>,0,,true,+,shared,<none>,0,,false,+,shared,<none>,0,,true,+,shared,<none>,0,,,
555,Plant Director,DRP Warehouse 1,DRP Warehouse 1,false,shared,false,,<none>,<none>,,,unspecified,none,,,,false,true,03c09620-79fe-41d5-bb1b-787a18d40bb4,1089484720391464,555,[Plant Director].[555],USD,true,+,shared,<none>,0,,true,+,shared,<none>,0,,true,+,shared,<none>,0,,false,+,shared,<none>,0,,true,+,shared,<none>,0,,,
560,Plant Director,Distribution Organization 2,Distribution Organization 2,false,shared,false,,<none>,<none>,,,unspecified,none,,,,false,true,9748d563-571a-4666-a607-4e82892966e4,2360088400382430,560,[Plant Director].[560],USD,true,+,shared,<none>,0,,true,+,shared,<none>,0,,true,+,shared,<none>,0,,false,+,shared,<none>,0,,true,+,shared,<none>,0,,,
Administrative VP,Management Rollup,,,false,dynamic calc,false,,<none>,<none>,,,unspecified,none,,,,false,true,67a79225-6392-4b95-9781-a00b7887fa2c,3425978189431589,Administrative VP,<none>,USD,true,+,dynamic calc,<none>,0,,true,+,dynamic calc,<none>,0,,true,+,dynamic calc,<none>,0,,false,+,dynamic calc,<none>,0,,true,+,dynamic calc,<none>,0,,,
Administrative Director 1,Administrative VP,,,false,dynamic calc,false,,<none>,<none>,,,unspecified,none,,,,false,true,ba24b15a-95d2-4e75-b77b-a4db2f5b0c2e,4062589133341794,Administrative Director 1,<none>,USD,true,+,dynamic calc,<none>,0,,true,+,dynamic calc,<none>,0,,true,+,dynamic calc,<none>,0,,false,+,dynamic calc,<none>,0,,true,+,dynamic calc,<none>,0,,,
730,Administrative Director 1,Finance,Finance,false,shared,false,,<none>,<none>,,,unspecified,none,,,,false,true,dab59789-e0bc-45ac-b12a-24e47be994c1,4322768016067316,730,[Administrative Director 1].[730],USD,true,+,shared,<none>,0,,true,+,shared,<none>,0,,true,+,shared,<none>,0,,false,+,shared,<none>,0,,true,+,shared,<none>,0,,,
740,Administrative Director 1,Controllers Office,Controllers Office,false,shared,false,,<none>,<none>,,,unspecified,none,,,,false,true,ef24ceb0-8c17-4445-bcbf-97ea0e2171bb,3318839240312914,740,[Administrative Director 1].[740],USD,true,+,shared,<none>,0,,true,+,shared,<none>,0,,true,+,shared,<none>,0,,false,+,shared,<none>,0,,true,+,shared,<none>,0,,,
750,Administrative Director 1,Purchasing,Purchasing,false,shared,false,,<none>,<none>,,,unspecified,none,,,,false,true,e8b2f8ff-0297-4401-9210-7422bedb8c67,1656682886807864,750,[Administrative Director 1].[750],USD,true,+,shared,<none>,0,,true,+,shared,<none>,0,,true,+,shared,<none>,0,,false,+,shared,<none>,0,,true,+,shared,<none>,0,,,
760,Administrative Director 1,Payroll,Payroll,false,shared,false,,<none>,<none>,,,unspecified,none,,,,false,true,4db4bb34-6a77-4227-a0b1-0111d355d56b,3231158055224368,760,[Administrative Director 1].[760],USD,true,+,shared,<none>,0,,true,+,shared,<none>,0,,true,+,shared,<none>,0,,false,+,shared,<none>,0,,true,+,shared,<none>,0,,,
770,Administrative Director 1,Order Entry,Order Entry,false,shared,false,,<none>,<none>,,,unspecified,none,,,,false,true,2fcbba03-5f1e-4a41-ba8c-a4b57cd60c31,3658865844045960,770,[Administrative Director 1].[770],USD,true,+,shared,<none>,0,,true,+,shared,<none>,0,,true,+,shared,<none>,0,,false,+,shared,<none>,0,,true,+,shared,<none>,0,,,
830,Administrative Director 1,MIS,MIS,false,shared,false,,<none>,<none>,,,unspecified,none,,,,false,true,119234b0-25e6-4062-a1ee-285c1a4b3947,2007432889911697,830,[Administrative Director 1].[830],USD,true,+,shared,<none>,0,,true,+,shared,<none>,0,,true,+,shared,<none>,0,,false,+,shared,<none>,0,,true,+,shared,<none>,0,,,
840,Administrative Director 1,Facilities,Facilities,false,shared,false,,<none>,<none>,,,unspecified,none,,,,false,true,27b7e623-e535-437d-aeb0-8a62ff0e939f,2274247483476121,840,[Administrative Director 1].[840],USD,true,+,shared,<none>,0,,true,+,shared,<none>,0,,true,+,shared,<none>,0,,false,+,shared,<none>,0,,true,+,shared,<none>,0,,,
Administrative Director 2,Administrative VP,,,false,dynamic calc,false,,<none>,<none>,,,unspecified,none,,,,false,true,c8d8d950-d5df-4868-8de9-e0ce5eca82fd,2296796604550569,Administrative Director 2,<none>,USD,true,+,dynamic calc,<none>,0,,true,+,dynamic calc,<none>,0,,true,+,dynamic calc,<none>,0,,false,+,dynamic calc,<none>,0,,true,+,dynamic calc,<none>,0,,,
600,Administrative Director 2,Leasing,Leasing,false,shared,false,,<none>,<none>,,,unspecified,none,,,,false,true,671a6aab-4814-4612-82a1-ecf7c15cc376,3251617380190629,600,[Administrative Director 2].[600],USD,true,+,shared,<none>,0,,true,+,shared,<none>,0,,true,+,shared,<none>,0,,false,+,shared,<none>,0,,true,+,shared,<none>,0,,,
710,Administrative Director 2,CEO Office,CEO Office,false,shared,false,,<none>,<none>,,,unspecified,none,,,,false,true,3b984c8e-b4d4-45d8-a66c-8a5901367108,3337725965387640,710,[Administrative Director 2].[710],USD,true,+,shared,<none>,0,,true,+,shared,<none>,0,,true,+,shared,<none>,0,,false,+,shared,<none>,0,,true,+,shared,<none>,0,,,
720,Administrative Director 2,CFO Office,CFO Office,false,shared,false,,<none>,<none>,,,unspecified,none,,,,false,true,6ee45fbe-9a1f-40f8-96d5-e03caf9b284b,3045031085949431,720,[Administrative Director 2].[720],USD,true,+,shared,<none>,0,,true,+,shared,<none>,0,,true,+,shared,<none>,0,,false,+,shared,<none>,0,,true,+,shared,<none>,0,,,
810,Administrative Director 2,HR and Administration Management,HR and Administration Management,false,shared,false,,<none>,<none>,,,unspecified,none,,,,false,true,800e52b1-9d11-4b46-90b9-9e89864b962c,2682767665286765,810,[Administrative Director 2].[810],USD,true,+,shared,<none>,0,,true,+,shared,<none>,0,,true,+,shared,<none>,0,,false,+,shared,<none>,0,,true,+,shared,<none>,0,,,
815,Administrative Director 2,Health Care,Health Care,false,shared,false,,<none>,<none>,,,unspecified,none,,,,false,true,5a8f9f45-1a2c-487e-b5ad-6d4d31167d32,4500993256080285,815,[Administrative Director 2].[815],USD,true,+,shared,<none>,0,,true,+,shared,<none>,0,,true,+,shared,<none>,0,,false,+,shared,<none>,0,,true,+,shared,<none>,0,,,
CEO,Administrative Director 2,CEO Office Management,CEO Office Management,false,shared,false,,<none>,<none>,,,unspecified,none,,,,false,true,e6557082-2023-4784-bfd4-15568b07c14e,4061654209086739,CEO,[Administrative Director 2].[CEO],USD,true,+,shared,<none>,0,,true,+,shared,<none>,0,,true,+,shared,<none>,0,,false,+,shared,<none>,0,,true,+,shared,<none>,0,,,
CFO,Administrative Director 2,CFO Office Management,CFO Office Management,false,shared,false,,<none>,<none>,,,unspecified,none,,,,false,true,687e9a13-cc14-4e30-985e-ddbb4d8f551e,899564452397249,CFO,[Administrative Director 2].[CFO],USD,true,+,shared,<none>,0,,true,+,shared,<none>,0,,true,+,shared,<none>,0,,false,+,shared,<none>,0,,true,+,shared,<none>,0,,,
