﻿#!-- HEADERBLOCK DIMENSION XML
<?xml version="1.0" encoding="UTF-8" ?>
<DIMENSIONS>
 <Dimension name="Period" EnabledForCellLevelSecurity="true" origname="Period" EnabledForApprovalGroups="true" DataId="3785348378083913" EnabledForValidIntersections="true" comment="" dimensionType="Time" csversion="2.5" OldName="Period" density="Dense" dimensionName="TimePeriod" DimensionAlias="Period" UUID="c367a200-e0ef-446d-8c86-72d3153b7e97" OldUniqueName="" >
 <Plan1Density>Dense</Plan1Density>
 <Plan2Density>Dense</Plan2Density>
 <Plan3Density>Dense</Plan3Density>
 <Plan4Density>Dense</Plan4Density>
 <Plan5Density>Dense</Plan5Density>
 <Plan6Density>Dense</Plan6Density>
 <Plan7Density>Dense</Plan7Density>
 <Plan8Density>Dense</Plan8Density>
 <Plan9Density>Dense</Plan9Density>
 <Plan10Density>Dense</Plan10Density>
 <Plan11Density>Dense</Plan11Density>
 <Plan12Density>Dense</Plan12Density>
 <Plan13Density>Dense</Plan13Density>
 <Plan14Density>Dense</Plan14Density>
 <Plan15Density>Dense</Plan15Density>
 <EnumOrder1>0</EnumOrder1>
 <EnumOrder2>0</EnumOrder2>
 <EnumOrder3>0</EnumOrder3>
 <EnumOrder4>0</EnumOrder4>
 <EnumOrder5>0</EnumOrder5>
 <EnumOrder6>0</EnumOrder6>
 <EnumOrder7>0</EnumOrder7>
 <EnumOrder8>0</EnumOrder8>
 <EnumOrder9>0</EnumOrder9>
 <EnumOrder10>0</EnumOrder10>
 <EnumOrder11>0</EnumOrder11>
 <EnumOrder12>0</EnumOrder12>
 <EnumOrder13>0</EnumOrder13>
 <EnumOrder14>0</EnumOrder14>
 <EnumOrder15>0</EnumOrder15>
 <Plan1PerfOrder>2</Plan1PerfOrder>
 <Plan2PerfOrder>2</Plan2PerfOrder>
 <Plan3PerfOrder>2</Plan3PerfOrder>
 <Plan4PerfOrder>2</Plan4PerfOrder>
 <Plan5PerfOrder>2</Plan5PerfOrder>
 <Plan6PerfOrder>2</Plan6PerfOrder>
 <Plan7PerfOrder>2</Plan7PerfOrder>
 <Plan8PerfOrder>2</Plan8PerfOrder>
 <Plan9PerfOrder>2</Plan9PerfOrder>
 <Plan10PerfOrder>2</Plan10PerfOrder>
 <Plan11PerfOrder>2</Plan11PerfOrder>
 <Plan12PerfOrder>2</Plan12PerfOrder>
 <Plan13PerfOrder>2</Plan13PerfOrder>
 <Plan14PerfOrder>2</Plan14PerfOrder>
 <Plan15PerfOrder>2</Plan15PerfOrder>
 <ApplySecurity>N</ApplySecurity>
 <PartialShare>N</PartialShare>
 <DisplayOption>MEMBER_NAME</DisplayOption>
 <Consolidation>~</Consolidation>
 <Consolidation2>~</Consolidation2>
 <Consolidation4>~</Consolidation4>
 <Consolidation8>~</Consolidation8>
 <Consolidation16>~</Consolidation16>
 <ConsolidationWF>NotUsed</ConsolidationWF>
 <ConsolidationCX>NotUsed</ConsolidationCX>
 <Consolidation128>NotUsed</Consolidation128>
 <Consolidation256>NotUsed</Consolidation256>
 <Consolidation512>NotUsed</Consolidation512>
 <Consolidation1024>NotUsed</Consolidation1024>
 <Consolidation2048>NotUsed</Consolidation2048>
 <Consolidation4096>NotUsed</Consolidation4096>
 <Consolidation8192>NotUsed</Consolidation8192>
 <Consolidation16384>NotUsed</Consolidation16384>
 <ValidForPlan1>Y</ValidForPlan1>
 <ValidForPlan2>Y</ValidForPlan2>
 <ValidForPlan3>Y</ValidForPlan3>
 <ValidForPlan4>Y</ValidForPlan4>
 <ValidForPlan5>Y</ValidForPlan5>
 <ValidForPlan6>N</ValidForPlan6>
 <ValidForPlan7>N</ValidForPlan7>
 <ValidForPlan8>N</ValidForPlan8>
 <ValidForPlan9>N</ValidForPlan9>
 <ValidForPlan10>N</ValidForPlan10>
 <ValidForPlan11>N</ValidForPlan11>
 <ValidForPlan12>N</ValidForPlan12>
 <ValidForPlan13>N</ValidForPlan13>
 <ValidForPlan14>N</ValidForPlan14>
 <ValidForPlan15>N</ValidForPlan15>
 <Alias table="Default" ></Alias>
 <Alias table="English" ></Alias>
 <DataStorage>NeverShare</DataStorage>
 <DataStorage2>NeverShare</DataStorage2>
 <DataStorage4>NeverShare</DataStorage4>
 <DataStorage8>NeverShare</DataStorage8>
 <DataStorage16>NeverShare</DataStorage16>
 <DataStorage32>NeverShare</DataStorage32>
 <DataStorage64>NeverShare</DataStorage64>
 <DataStorage128>NeverShare</DataStorage128>
 <DataStorage256>NeverShare</DataStorage256>
 <DataStorage512>NeverShare</DataStorage512>
 <DataStorage1024>NeverShare</DataStorage1024>
 <DataStorage2048>NeverShare</DataStorage2048>
 <DataStorage4096>NeverShare</DataStorage4096>
 <DataStorage8192>NeverShare</DataStorage8192>
 <DataStorage16384>NeverShare</DataStorage16384>
 <HierarchyType>None</HierarchyType>
 <DataType>Unspecified</DataType>
 <currentYear>FY11</currentYear>
 <currentTimePeriod>YearTotal</currentTimePeriod>
</Dimension>
</DIMENSIONS>
#--!
Period, Parent, Alias: Default, Alias: English, Data Storage, Two Pass Calculation, Description, Formula, Formula Description, UDA, Smart List, Data Type, Hierarchy Type, Allow Upper Level Entity Input, Process Management Enabled, UUID, Data Id, Old Name, Old Unique Name, Type, Start Period, End Period, DTS Generation, Plan Type (Plan1), Aggregation (Plan1), Data Storage (Plan1), Formula (Plan1), Solve Order (Plan1), Formula Description (Plan1), Plan Type (Plan2), Aggregation (Plan2), Data Storage (Plan2), Formula (Plan2), Solve Order (Plan2), Formula Description (Plan2), Plan Type (Plan3), Aggregation (Plan3), Data Storage (Plan3), Formula (Plan3), Solve Order (Plan3), Formula Description (Plan3), Plan Type (VisASO), Aggregation (VisASO), Data Storage (VisASO), Formula (VisASO), Solve Order (VisASO), Formula Description (VisASO), Plan Type (Vis1ASO), Aggregation (Vis1ASO), Data Storage (Vis1ASO), Formula (Vis1ASO), Solve Order (Vis1ASO), Formula Description (Vis1ASO), Operation
Y-T-D,Period,,,dynamic calc and store,false,,<none>,<none>,,,unspecified,stored,false,true,a9a2a005-f2b0-4dd7-bd77-20cf24063090,2288237887704462,Y-T-D,<none>,dts,,,0,true,+,dynamic calc and store,<none>,0,,true,+,dynamic calc and store,<none>,0,,true,+,dynamic calc and store,<none>,0,,true,+,dynamic calc and store,<none>,0,,true,+,dynamic calc and store,<none>,0,,
H-T-D,Period,Yr to Date,,dynamic calc and store,false,,<none>,<none>,,,unspecified,stored,false,true,437ed462-84fe-4311-a1dd-b0eb1ab2b41b,4190582929113908,H-T-D,<none>,dts,,,2,true,+,dynamic calc and store,<none>,0,,true,+,dynamic calc and store,<none>,0,,true,+,dynamic calc and store,<none>,0,,true,+,dynamic calc and store,<none>,0,,true,+,dynamic calc and store,<none>,0,,
S-T-D,Period,,,dynamic calc and store,false,,<none>,<none>,,,unspecified,stored,false,true,26e79127-9406-4942-927e-7a20cba0e5a0,1977851986005375,S-T-D,<none>,dts,,,0,true,+,dynamic calc and store,<none>,0,,true,+,dynamic calc and store,<none>,0,,true,+,dynamic calc and store,<none>,0,,true,+,dynamic calc and store,<none>,0,,true,+,dynamic calc and store,<none>,0,,
Q-T-D,Period,,,dynamic calc and store,false,,<none>,<none>,,,unspecified,stored,false,true,4a2303b9-01f1-4d5a-b3a4-8bed0445afd1,3284096101532184,Q-T-D,<none>,dts,,,3,true,+,dynamic calc and store,<none>,0,,true,+,dynamic calc and store,<none>,0,,true,+,dynamic calc and store,<none>,0,,true,+,dynamic calc and store,<none>,0,,true,+,dynamic calc and store,<none>,0,,
P-T-D,Period,,,dynamic calc and store,false,,<none>,<none>,,,unspecified,stored,false,true,9288dff6-1d71-45b9-8173-dacaa2dfc313,2152992375393344,P-T-D,<none>,dts,,,0,true,+,dynamic calc and store,<none>,0,,true,+,dynamic calc and store,<none>,0,,true,+,dynamic calc and store,<none>,0,,true,+,dynamic calc and store,<none>,0,,true,+,dynamic calc and store,<none>,0,,
M-T-D,Period,,,dynamic calc and store,false,,<none>,<none>,,,unspecified,stored,false,true,829c62ed-5e5e-405e-ab89-693b0e1722b7,660296819362649,M-T-D,<none>,dts,,,0,true,+,dynamic calc and store,<none>,0,,true,+,dynamic calc and store,<none>,0,,true,+,dynamic calc and store,<none>,0,,true,+,dynamic calc and store,<none>,0,,true,+,dynamic calc and store,<none>,0,,
W-T-D,Period,,,dynamic calc and store,false,,<none>,<none>,,,unspecified,stored,false,true,6521e3ba-f753-49f4-aa6f-87d99b97b95f,1712152065689562,W-T-D,<none>,dts,,,0,true,+,dynamic calc and store,<none>,0,,true,+,dynamic calc and store,<none>,0,,true,+,dynamic calc and store,<none>,0,,true,+,dynamic calc and store,<none>,0,,true,+,dynamic calc and store,<none>,0,,
D-T-D,Period,,,dynamic calc and store,false,,<none>,<none>,,,unspecified,stored,false,true,9475891b-4afe-4b7e-a60c-40fbae2c0a7e,3213579901617863,D-T-D,<none>,dts,,,0,true,+,dynamic calc and store,<none>,0,,true,+,dynamic calc and store,<none>,0,,true,+,dynamic calc and store,<none>,0,,true,+,dynamic calc and store,<none>,0,,true,+,dynamic calc and store,<none>,0,,
BegBalance,Period,x---------x,x---------x,store,false,,<none>,<none>,,,unspecified,none,false,true,49f2ea5e-5539-4cad-89e0-2ee41138a31b,3667060305973078,BegBalance,<none>,base,,,,true,~,store,<none>,0,,true,~,store,<none>,0,,true,~,store,<none>,0,,true,~,store,<none>,0,,true,~,store,<none>,0,,
YearTotal,Period,,,dynamic calc,true,,<none>,<none>,,,unspecified,none,false,true,e2a97e61-48a1-41a5-94f7-dd3ba4f24b2d,3096527765389408,YearTotal,<none>,year,,,,true,+,dynamic calc,<none>,0,,true,+,dynamic calc,<none>,0,,true,+,dynamic calc,<none>,0,,true,+,dynamic calc,<none>,0,,true,+,dynamic calc,<none>,0,,
Q1,YearTotal,,,dynamic calc,true,,<none>,<none>,,,unspecified,none,false,true,01fe16ec-5537-4360-800b-e517f38baa3d,3521476243964422,Q1,<none>,rollup,Jan,Mar,,true,+,dynamic calc,<none>,0,,true,+,dynamic calc,<none>,0,,true,+,dynamic calc,<none>,0,,true,+,dynamic calc,<none>,0,,true,+,dynamic calc,<none>,0,,
Jan,Q1,,,store,false,,<none>,<none>,,,unspecified,none,false,true,7876fd46-6931-4802-85a2-798d1961aa3a,842496334580831,Jan,<none>,base,,,,true,+,store,<none>,0,,true,+,store,<none>,0,,true,+,store,<none>,0,,true,+,store,<none>,0,,true,+,store,<none>,0,,
Feb,Q1,,,store,false,,<none>,<none>,,,unspecified,none,false,true,54dd4a2c-b7b7-4794-9892-0c6e762eb4e4,1257619011422780,Feb,<none>,base,,,,true,+,store,<none>,0,,true,+,store,<none>,0,,true,+,store,<none>,0,,true,+,store,<none>,0,,true,+,store,<none>,0,,
Mar,Q1,,,store,false,,<none>,<none>,,,unspecified,none,false,true,62b3170b-211a-44bb-8c3f-74f0279154f5,188683091659289,Mar,<none>,base,,,,true,+,store,<none>,0,,true,+,store,<none>,0,,true,+,store,<none>,0,,true,+,store,<none>,0,,true,+,store,<none>,0,,
Q2,YearTotal,,,dynamic calc,true,,<none>,<none>,,,unspecified,none,false,true,13e9a301-f9b2-4f46-a0bc-50b4c20bffd5,2524246317024439,Q2,<none>,rollup,Apr,Jun,,true,+,dynamic calc,<none>,0,,true,+,dynamic calc,<none>,0,,true,+,dynamic calc,<none>,0,,true,+,dynamic calc,<none>,0,,true,+,dynamic calc,<none>,0,,
Apr,Q2,,,store,false,,<none>,<none>,,,unspecified,none,false,true,63449625-65be-46dc-815c-b26aa7f32506,3766783457249625,Apr,<none>,base,,,,true,+,store,<none>,0,,true,+,store,<none>,0,,true,+,store,<none>,0,,true,+,store,<none>,0,,true,+,store,<none>,0,,
May,Q2,,,store,false,,<none>,<none>,,,unspecified,none,false,true,c3d9a7e7-74c1-4633-9ed6-0425ad951b73,4029292971181820,May,<none>,base,,,,true,+,store,<none>,0,,true,+,store,<none>,0,,true,+,store,<none>,0,,true,+,store,<none>,0,,true,+,store,<none>,0,,
Jun,Q2,,,store,false,,<none>,<none>,,,unspecified,none,false,true,922b49c3-06da-46cc-bdf7-4f946f1b6b24,2953077008320629,Jun,<none>,base,,,,true,+,store,<none>,0,,true,+,store,<none>,0,,true,+,store,<none>,0,,true,+,store,<none>,0,,true,+,store,<none>,0,,
Q3,YearTotal,,,dynamic calc,true,,<none>,<none>,,,unspecified,none,false,true,e0cf0dcb-60a6-4ebf-ab39-6e9116ec96b8,2282733510085545,Q3,<none>,rollup,Jul,Sep,,true,+,dynamic calc,<none>,0,,true,+,dynamic calc,<none>,0,,true,+,dynamic calc,<none>,0,,true,+,dynamic calc,<none>,0,,true,+,dynamic calc,<none>,0,,
Jul,Q3,,,store,false,,<none>,<none>,,,unspecified,none,false,true,d71cd517-dec5-4891-84d5-0aea7e0ac3cf,2983974432751692,Jul,<none>,base,,,,true,+,store,<none>,0,,true,+,store,<none>,0,,true,+,store,<none>,0,,true,+,store,<none>,0,,true,+,store,<none>,0,,
Aug,Q3,,,store,false,,<none>,<none>,,,unspecified,none,false,true,6954c37a-35a4-424c-92e4-f14c41b72418,1474627881225334,Aug,<none>,base,,,,true,+,store,<none>,0,,true,+,store,<none>,0,,true,+,store,<none>,0,,true,+,store,<none>,0,,true,+,store,<none>,0,,
Sep,Q3,,,store,false,,<none>,<none>,,,unspecified,none,false,true,da88580c-1d06-4b33-ba0d-1ebee231ad9c,3345474342571622,Sep,<none>,base,,,,true,+,store,<none>,0,,true,+,store,<none>,0,,true,+,store,<none>,0,,true,+,store,<none>,0,,true,+,store,<none>,0,,
Q4,YearTotal,,,dynamic calc,true,,<none>,<none>,,,unspecified,none,false,true,ebce937f-7edc-4126-9443-7bb9fab9f0e9,640680599046904,Q4,<none>,rollup,Oct,Dec,,true,+,dynamic calc,<none>,0,,true,+,dynamic calc,<none>,0,,true,+,dynamic calc,<none>,0,,true,+,dynamic calc,<none>,0,,true,+,dynamic calc,<none>,0,,
Oct,Q4,,,store,false,,<none>,<none>,,,unspecified,none,false,true,fcd93c85-d020-4d2e-b49e-e0dcb3f14160,1223040755189007,Oct,<none>,base,,,,true,+,store,<none>,0,,true,+,store,<none>,0,,true,+,store,<none>,0,,true,+,store,<none>,0,,true,+,store,<none>,0,,
Nov,Q4,,,store,false,,<none>,<none>,,,unspecified,none,false,true,b2aebc35-8f13-42e4-8ccd-b73f3535439e,4207473775889870,Nov,<none>,base,,,,true,+,store,<none>,0,,true,+,store,<none>,0,,true,+,store,<none>,0,,true,+,store,<none>,0,,true,+,store,<none>,0,,
Dec,Q4,,,store,false,,<none>,<none>,,,unspecified,none,false,true,98bb5446-9ca0-48df-b264-4859359a522c,4119536429191146,Dec,<none>,base,,,,true,+,store,<none>,0,,true,+,store,<none>,0,,true,+,store,<none>,0,,true,+,store,<none>,0,,true,+,store,<none>,0,,
YTD,Period,,,dynamic calc,false,,"IF(@ISMBR(&LastYr))
  @PTD(Jan:&ThisMonth);
ENDIF;",<none>,,,unspecified,stored,false,true,6df7014c-4e37-484c-927e-cc3512842a24,3022409256093772,YTD,<none>,alternate,,,,true,~,dynamic calc,<none>,0,,true,~,dynamic calc,<none>,0,,true,~,dynamic calc,<none>,0,,true,+,dynamic calc,<none>,0,,true,+,dynamic calc,<none>,0,,
QTD,Period,,,dynamic calc,false,,"IF(@ISMBR(&LastYr))
  @PTD(@REMOVE(@CHILDREN(@MBRPARENT(&ThisMonth)), @RSIBLINGS(&ThisMonth)));
ENDIF;",<none>,,,unspecified,stored,false,true,906f751b-d8c1-4b20-b852-6a2c5bca3adb,3208135802832030,QTD,<none>,alternate,,,,true,~,dynamic calc,<none>,0,,true,~,dynamic calc,<none>,0,,true,~,dynamic calc,<none>,0,,true,+,dynamic calc,<none>,0,,true,+,dynamic calc,<none>,0,,
No Period,Period,,,never share,false,,<none>,<none>,,,unspecified,stored,false,true,d8b1effa-1657-4739-b157-5def294e94ab,2810353100016924,No Period,<none>,alternate,,,,true,~,never share,<none>,0,,true,~,never share,<none>,0,,true,~,never share,<none>,0,,true,+,never share,<none>,0,,true,+,never share,<none>,0,,
Rolling,Period,,,dynamic calc,false,,"IF (@ISUDA (""Account"",""Flow""))
   &QRFPer1->&QRFYr1 + &QRFPer2->&QRFYr2 + &QRFPer3->&QRFYr3 + &QRFPer4->&QRFYr4;
ELSEIF (@ISACCTYPE(""Last""))
   &QRFPer4->&QRFYr4; 
ELSEIF (@ISACCTYPE(""First""))
  &QRFPer1->&QRFYr1; 
/*ELSEIF (@ISACCTYPE(""Average""))
  (&QRFPer1->&QRFYr1 + &QRFPer2->&QRFYr2 + &QRFPer3->&QRFYr3 + &QRFPer4->&QRFYr4)/4;*/
ELSE
  (&QRFPer1->&QRFYr1 + &QRFPer2->&QRFYr2 + &QRFPer3->&QRFYr3 + &QRFPer4->&QRFYr4)/4;
ENDIF",<none>,,,unspecified,stored,false,true,44aadcb9-f7a3-45dd-9861-88c10fdb48fe,3916188072496118,Rolling,<none>,alternate,,,,true,~,dynamic calc,<none>,0,,true,~,dynamic calc,<none>,0,,true,~,dynamic calc,<none>,0,,true,+,dynamic calc,<none>,0,,true,+,dynamic calc,<none>,0,,
