﻿#!-- HEADERBLOCK DIMENSION XML
<?xml version="1.0" encoding="UTF-8" ?>
<DIMENSIONS>
 <Dimension name="Product" EnabledForCellLevelSecurity="true" origname="Product" EnabledForApprovalGroups="true" DataId="3962082248248936" EnabledForValidIntersections="true" comment="" dimensionType="None" csversion="2.5" OldName="Product" density="Sparse" dimensionName="Custom" DimensionAlias="Product" UUID="7a0125fd-a1cf-49a2-bf4e-15cebcfbee73" OldUniqueName="" >
 <Plan1Density>Sparse</Plan1Density>
 <Plan2Density>Sparse</Plan2Density>
 <Plan3Density>Sparse</Plan3Density>
 <Plan4Density>Sparse</Plan4Density>
 <Plan5Density>Sparse</Plan5Density>
 <Plan6Density>Sparse</Plan6Density>
 <Plan7Density>Sparse</Plan7Density>
 <Plan8Density>Dense</Plan8Density>
 <Plan9Density>Dense</Plan9Density>
 <Plan10Density>Dense</Plan10Density>
 <Plan11Density>Dense</Plan11Density>
 <Plan12Density>Dense</Plan12Density>
 <Plan13Density>Dense</Plan13Density>
 <Plan14Density>Dense</Plan14Density>
 <Plan15Density>Dense</Plan15Density>
 <EnumOrder1>0</EnumOrder1>
 <EnumOrder2>0</EnumOrder2>
 <EnumOrder3>0</EnumOrder3>
 <EnumOrder4>0</EnumOrder4>
 <EnumOrder5>0</EnumOrder5>
 <EnumOrder6>0</EnumOrder6>
 <EnumOrder7>0</EnumOrder7>
 <EnumOrder8>0</EnumOrder8>
 <EnumOrder9>0</EnumOrder9>
 <EnumOrder10>0</EnumOrder10>
 <EnumOrder11>0</EnumOrder11>
 <EnumOrder12>0</EnumOrder12>
 <EnumOrder13>0</EnumOrder13>
 <EnumOrder14>0</EnumOrder14>
 <EnumOrder15>0</EnumOrder15>
 <Plan1PerfOrder>14</Plan1PerfOrder>
 <Plan2PerfOrder>14</Plan2PerfOrder>
 <Plan3PerfOrder>8</Plan3PerfOrder>
 <Plan4PerfOrder>14</Plan4PerfOrder>
 <Plan5PerfOrder>8</Plan5PerfOrder>
 <Plan6PerfOrder>8</Plan6PerfOrder>
 <Plan7PerfOrder>14</Plan7PerfOrder>
 <Plan8PerfOrder>0</Plan8PerfOrder>
 <Plan9PerfOrder>0</Plan9PerfOrder>
 <Plan10PerfOrder>0</Plan10PerfOrder>
 <Plan11PerfOrder>0</Plan11PerfOrder>
 <Plan12PerfOrder>0</Plan12PerfOrder>
 <Plan13PerfOrder>0</Plan13PerfOrder>
 <Plan14PerfOrder>0</Plan14PerfOrder>
 <Plan15PerfOrder>0</Plan15PerfOrder>
 <ApplySecurity>N</ApplySecurity>
 <PartialShare>N</PartialShare>
 <DisplayOption>MEMBER_NAME</DisplayOption>
 <Consolidation>~</Consolidation>
 <Consolidation2>NotUsed</Consolidation2>
 <Consolidation4>NotUsed</Consolidation4>
 <Consolidation8>~</Consolidation8>
 <Consolidation16>~</Consolidation16>
 <ConsolidationWF>NotUsed</ConsolidationWF>
 <ConsolidationCX>NotUsed</ConsolidationCX>
 <Consolidation128>NotUsed</Consolidation128>
 <Consolidation256>NotUsed</Consolidation256>
 <Consolidation512>NotUsed</Consolidation512>
 <Consolidation1024>NotUsed</Consolidation1024>
 <Consolidation2048>NotUsed</Consolidation2048>
 <Consolidation4096>NotUsed</Consolidation4096>
 <Consolidation8192>NotUsed</Consolidation8192>
 <Consolidation16384>NotUsed</Consolidation16384>
 <ValidForPlan1>Y</ValidForPlan1>
 <ValidForPlan2>N</ValidForPlan2>
 <ValidForPlan3>N</ValidForPlan3>
 <ValidForPlan4>Y</ValidForPlan4>
 <ValidForPlan5>Y</ValidForPlan5>
 <ValidForPlan6>N</ValidForPlan6>
 <ValidForPlan7>N</ValidForPlan7>
 <ValidForPlan8>N</ValidForPlan8>
 <ValidForPlan9>N</ValidForPlan9>
 <ValidForPlan10>N</ValidForPlan10>
 <ValidForPlan11>N</ValidForPlan11>
 <ValidForPlan12>N</ValidForPlan12>
 <ValidForPlan13>N</ValidForPlan13>
 <ValidForPlan14>N</ValidForPlan14>
 <ValidForPlan15>N</ValidForPlan15>
 <Alias table="Default" ></Alias>
 <Alias table="English" ></Alias>
 <DataStorage>NeverShare</DataStorage>
 <DataStorage2>NeverShare</DataStorage2>
 <DataStorage4>NeverShare</DataStorage4>
 <DataStorage8>NeverShare</DataStorage8>
 <DataStorage16>NeverShare</DataStorage16>
 <DataStorage32>NeverShare</DataStorage32>
 <DataStorage64>NeverShare</DataStorage64>
 <DataStorage128>NeverShare</DataStorage128>
 <DataStorage256>NeverShare</DataStorage256>
 <DataStorage512>NeverShare</DataStorage512>
 <DataStorage1024>NeverShare</DataStorage1024>
 <DataStorage2048>NeverShare</DataStorage2048>
 <DataStorage4096>NeverShare</DataStorage4096>
 <DataStorage8192>NeverShare</DataStorage8192>
 <DataStorage16384>NeverShare</DataStorage16384>
 <HierarchyType>None</HierarchyType>
 <DataType>Unspecified</DataType>
</Dimension>
</DIMENSIONS>
#--!
Product, Parent, Alias: Default, Alias: English, Valid For Consolidations, Data Storage, Two Pass Calculation, Description, Formula, Formula Description, UDA, Smart List, Data Type, Hierarchy Type, Enable for Dynamic Children, Number of Possible Dynamic Children, Access Granted to Member Creator, Allow Upper Level Entity Input, Process Management Enabled, UUID, Data Id, Old Name, Old Unique Name, Plan Type (Plan1), Aggregation (Plan1), Data Storage (Plan1), Formula (Plan1), Solve Order (Plan1), Formula Description (Plan1), Plan Type (VisASO), Aggregation (VisASO), Data Storage (VisASO), Formula (VisASO), Solve Order (VisASO), Formula Description (VisASO), Plan Type (Vis1ASO), Aggregation (Vis1ASO), Data Storage (Vis1ASO), Formula (Vis1ASO), Solve Order (Vis1ASO), Formula Description (Vis1ASO), Operation
P_TP,Product,Total Product,Total Product,false,dynamic calc,false,,<none>,<none>,,,unspecified,stored,,,,false,true,79dab2ea-992c-47a6-ad50-0de1990f76dd,3843155977978219,P_TP,<none>,true,+,dynamic calc,<none>,0,,true,+,dynamic calc,<none>,0,,true,+,dynamic calc,<none>,0,,
P_000,P_TP,No Product,No Product,false,store,false,,<none>,<none>,,,unspecified,none,,,,false,true,659f9fed-86be-4b11-adcb-6687bf2dcc4f,3678002999740513,P_000,<none>,true,+,store,<none>,0,,true,+,store,<none>,0,,true,+,store,<none>,0,,
P_TP1,P_TP,Computer Equipment,Computer Equipment,false,dynamic calc,false,,<none>,<none>,,,unspecified,none,,,,false,true,22c14e3a-8efd-4b0e-9fff-395e69abd4b1,3743599201503594,P_TP1,<none>,true,+,dynamic calc,<none>,0,,true,+,dynamic calc,<none>,0,,true,+,dynamic calc,<none>,0,,
P_100,P_TP1,Product X,Product X,false,store,false,,<none>,<none>,,,unspecified,none,,,,false,true,7e320029-aa43-491d-91a6-bc42adc41d71,819726569718052,P_100,<none>,true,+,store,<none>,0,,true,+,store,<none>,0,,true,+,store,<none>,0,,
P_110,P_TP1,Sentinal Standard Notebook,Sentinal Standard Notebook,false,store,false,,<none>,<none>,,,unspecified,none,,,,false,true,ff18bbee-18be-4e7c-bd26-974460eacfc4,1500344573577588,P_110,<none>,true,+,store,<none>,0,,true,+,store,<none>,0,,true,+,store,<none>,0,,
P_120,P_TP1,Sentinal Custom Notebook,Sentinal Custom Notebook,false,store,false,,<none>,<none>,,,unspecified,none,,,,false,true,51c6c85b-dbd7-429d-8896-3c4985393fe6,1703164578644059,P_120,<none>,true,+,store,<none>,0,,true,+,store,<none>,0,,true,+,store,<none>,0,,
P_130,P_TP1,Envoy Standard Netbook,Envoy Standard Netbook,false,store,false,,<none>,<none>,,,unspecified,none,,,,false,true,dd2ad99f-9b4d-4a59-82fd-8cbf58779ab9,1896612375118044,P_130,<none>,true,+,store,<none>,0,,true,+,store,<none>,0,,true,+,store,<none>,0,,
P_140,P_TP1,Envoy Custom Netbook,Envoy Custom Netbook,false,store,false,,<none>,<none>,,,unspecified,none,,,,false,true,201ada64-053a-4c49-b4be-10a5ae080cc2,416914876484438,P_140,<none>,true,+,store,<none>,0,,true,+,store,<none>,0,,true,+,store,<none>,0,,
P_150,P_TP1,Other Computer,Other Computer,false,store,false,,<none>,<none>,,,unspecified,none,,,,false,true,37a685fc-2b1c-4f18-b169-215abfb2d76a,3018222188382360,P_150,<none>,true,+,store,<none>,0,,true,+,store,<none>,0,,true,+,store,<none>,0,,
P_160,P_TP1,Tablet Computer,Tablet Computer,false,store,false,,<none>,<none>,,,unspecified,none,,,,false,true,054ae133-d4f5-4562-8081-a7506071f827,4208285903245215,P_160,<none>,true,+,store,<none>,0,,true,+,store,<none>,0,,true,+,store,<none>,0,,
P_TP2,P_TP,Computer Accessories,Computer Accessories,false,dynamic calc,false,,<none>,<none>,,,unspecified,none,,,,false,true,fbc34c5e-ed7c-406b-9f63-900488996e1d,3822058704356165,P_TP2,<none>,true,+,dynamic calc,<none>,0,,true,+,dynamic calc,<none>,0,,true,+,dynamic calc,<none>,0,,
P_200,P_TP2,Accessories,Accessories,false,store,false,,<none>,<none>,,,unspecified,none,,,,false,true,f120dc1f-0ba7-46c7-b49a-ffc67d86c8c8,148342897331419,P_200,<none>,true,+,store,<none>,0,,true,+,store,<none>,0,,true,+,store,<none>,0,,
P_210,P_TP2,Keyboard,Keyboard,false,store,false,,<none>,<none>,,,unspecified,none,,,,false,true,66536767-6ba9-4342-a4a8-c3dbfc2ff497,2637711974615682,P_210,<none>,true,+,store,<none>,0,,true,+,store,<none>,0,,true,+,store,<none>,0,,
P_220,P_TP2,Software Suite,Software Suite,false,store,false,,<none>,<none>,,,unspecified,none,,,,false,true,2649226c-1425-493a-8dd0-e555fd9d515c,2244357766074201,P_220,<none>,true,+,store,<none>,0,,true,+,store,<none>,0,,true,+,store,<none>,0,,
P_230,P_TP2,Monitor,Monitor,false,store,false,,<none>,<none>,,,unspecified,none,,,,false,true,be7ba0a9-13fa-42c0-9812-c119e3259db7,3647369849948095,P_230,<none>,true,+,store,<none>,0,,true,+,store,<none>,0,,true,+,store,<none>,0,,
P_240,P_TP2,Modem,Modem,false,store,false,,<none>,<none>,,,unspecified,none,,,,false,true,33df8c98-30fd-4c89-9a0b-10706d8284fc,475477283327038,P_240,<none>,true,+,store,<none>,0,,true,+,store,<none>,0,,true,+,store,<none>,0,,
P_250,P_TP2,Network Card,Network Card,false,store,false,,<none>,<none>,,,unspecified,none,,,,false,true,6c811921-97d5-4a2f-aeed-55ede9b8f02c,3032802231340201,P_250,<none>,true,+,store,<none>,0,,true,+,store,<none>,0,,true,+,store,<none>,0,,
P_260,P_TP2,Game,Game,false,store,false,,<none>,<none>,,,unspecified,none,,,,false,true,5f847f97-c3d5-49e8-93c5-b237eaa2c968,216599657007234,P_260,<none>,true,+,store,<none>,0,,true,+,store,<none>,0,,true,+,store,<none>,0,,
P_270,P_TP2,Camera,Camera,false,store,false,,<none>,<none>,,,unspecified,none,,,,false,true,a968b446-0ee3-4c13-b513-e1ec4c1bbbb0,1887823155774229,P_270,<none>,true,+,store,<none>,0,,true,+,store,<none>,0,,true,+,store,<none>,0,,
P_280,P_TP2,Television,Television,false,store,false,,<none>,<none>,,,unspecified,none,,,,false,true,136fec16-a039-4792-a639-312b47fe0978,1901977163284707,P_280,<none>,true,+,store,<none>,0,,true,+,store,<none>,0,,true,+,store,<none>,0,,
P_TP3,P_TP,Computer Services,Computer Services,false,dynamic calc,false,,<none>,<none>,,,unspecified,none,,,,false,true,49491758-e9b9-4372-8fb3-60a40804984e,1033225640690303,P_TP3,<none>,true,+,dynamic calc,<none>,0,,true,+,dynamic calc,<none>,0,,true,+,dynamic calc,<none>,0,,
P_291,P_TP3,P291:Training,P291:Training,false,store,false,,<none>,<none>,,,unspecified,none,,,,false,true,cae44f43-a29e-4372-a3fd-07de2ee4a4c7,355311265727143,P_291,<none>,true,+,store,<none>,0,,true,+,store,<none>,0,,true,+,store,<none>,0,,
P_292,P_TP3,P292:Miscellaneous,P292:Miscellaneous,false,store,false,,<none>,<none>,,,unspecified,none,,,,false,true,a3892ab6-ff48-4780-b822-c6317740f8ef,816986579093931,P_292,<none>,true,+,store,<none>,0,,true,+,store,<none>,0,,true,+,store,<none>,0,,
P_293,P_TP3,P293:Maintenance,P293:Maintenance,false,store,false,,<none>,<none>,,,unspecified,none,,,,false,true,20db28d2-1fbd-44ff-9095-9e0045ed7fdf,4226926004093699,P_293,<none>,true,+,store,<none>,0,,true,+,store,<none>,0,,true,+,store,<none>,0,,
P_294,P_TP3,P294:Consulting,P294:Consulting,false,store,false,,<none>,<none>,,,unspecified,none,,,,false,true,70e31b83-80b2-41fb-b62c-af9ad9904b0a,867900236383009,P_294,<none>,true,+,store,<none>,0,,true,+,store,<none>,0,,true,+,store,<none>,0,,
