﻿#!-- HEADERBLOCK DIMENSION XML
<?xml version="1.0" encoding="UTF-8" ?>
<DIMENSIONS>
 <Dimension name="Scenario" EnabledForCellLevelSecurity="true" origname="Scenario" EnabledForApprovalGroups="true" DataId="90845266333613" EnabledForValidIntersections="true" comment="" dimensionType="None" csversion="2.5" OldName="Scenario" density="Sparse" dimensionName="Scenario" DimensionAlias="Scenario" UUID="63c49e04-37fb-403b-aa4c-534ac5eea098" OldUniqueName="" >
 <Plan1Density>Sparse</Plan1Density>
 <Plan2Density>Sparse</Plan2Density>
 <Plan3Density>Sparse</Plan3Density>
 <Plan4Density>Sparse</Plan4Density>
 <Plan5Density>Sparse</Plan5Density>
 <Plan6Density>Sparse</Plan6Density>
 <Plan7Density>Dense</Plan7Density>
 <Plan8Density>Dense</Plan8Density>
 <Plan9Density>Dense</Plan9Density>
 <Plan10Density>Dense</Plan10Density>
 <Plan11Density>Dense</Plan11Density>
 <Plan12Density>Dense</Plan12Density>
 <Plan13Density>Dense</Plan13Density>
 <Plan14Density>Dense</Plan14Density>
 <Plan15Density>Dense</Plan15Density>
 <EnumOrder1>2</EnumOrder1>
 <EnumOrder2>0</EnumOrder2>
 <EnumOrder3>0</EnumOrder3>
 <EnumOrder4>0</EnumOrder4>
 <EnumOrder5>0</EnumOrder5>
 <EnumOrder6>0</EnumOrder6>
 <EnumOrder7>0</EnumOrder7>
 <EnumOrder8>0</EnumOrder8>
 <EnumOrder9>0</EnumOrder9>
 <EnumOrder10>0</EnumOrder10>
 <EnumOrder11>0</EnumOrder11>
 <EnumOrder12>0</EnumOrder12>
 <EnumOrder13>0</EnumOrder13>
 <EnumOrder14>0</EnumOrder14>
 <EnumOrder15>0</EnumOrder15>
 <Plan1PerfOrder>4</Plan1PerfOrder>
 <Plan2PerfOrder>4</Plan2PerfOrder>
 <Plan3PerfOrder>4</Plan3PerfOrder>
 <Plan4PerfOrder>4</Plan4PerfOrder>
 <Plan5PerfOrder>4</Plan5PerfOrder>
 <Plan6PerfOrder>4</Plan6PerfOrder>
 <Plan7PerfOrder>4</Plan7PerfOrder>
 <Plan8PerfOrder>4</Plan8PerfOrder>
 <Plan9PerfOrder>4</Plan9PerfOrder>
 <Plan10PerfOrder>4</Plan10PerfOrder>
 <Plan11PerfOrder>4</Plan11PerfOrder>
 <Plan12PerfOrder>4</Plan12PerfOrder>
 <Plan13PerfOrder>4</Plan13PerfOrder>
 <Plan14PerfOrder>4</Plan14PerfOrder>
 <Plan15PerfOrder>4</Plan15PerfOrder>
 <ApplySecurity>Y</ApplySecurity>
 <PartialShare>N</PartialShare>
 <UDA number="1" >Forecast</UDA>
 <UDA number="2" >Plan</UDA>
 <DisplayOption>MEMBER_NAME</DisplayOption>
 <Consolidation>~</Consolidation>
 <Consolidation2>~</Consolidation2>
 <Consolidation4>~</Consolidation4>
 <Consolidation8>~</Consolidation8>
 <Consolidation16>~</Consolidation16>
 <ConsolidationWF>NotUsed</ConsolidationWF>
 <ConsolidationCX>NotUsed</ConsolidationCX>
 <Consolidation128>NotUsed</Consolidation128>
 <Consolidation256>NotUsed</Consolidation256>
 <Consolidation512>NotUsed</Consolidation512>
 <Consolidation1024>NotUsed</Consolidation1024>
 <Consolidation2048>NotUsed</Consolidation2048>
 <Consolidation4096>NotUsed</Consolidation4096>
 <Consolidation8192>NotUsed</Consolidation8192>
 <Consolidation16384>NotUsed</Consolidation16384>
 <ValidForPlan1>Y</ValidForPlan1>
 <ValidForPlan2>Y</ValidForPlan2>
 <ValidForPlan3>Y</ValidForPlan3>
 <ValidForPlan4>Y</ValidForPlan4>
 <ValidForPlan5>Y</ValidForPlan5>
 <ValidForPlan6>N</ValidForPlan6>
 <ValidForPlan7>N</ValidForPlan7>
 <ValidForPlan8>N</ValidForPlan8>
 <ValidForPlan9>N</ValidForPlan9>
 <ValidForPlan10>N</ValidForPlan10>
 <ValidForPlan11>N</ValidForPlan11>
 <ValidForPlan12>N</ValidForPlan12>
 <ValidForPlan13>N</ValidForPlan13>
 <ValidForPlan14>N</ValidForPlan14>
 <ValidForPlan15>N</ValidForPlan15>
 <Alias table="Default" ></Alias>
 <Alias table="English" ></Alias>
 <DataStorage>NeverShare</DataStorage>
 <DataStorage2>NeverShare</DataStorage2>
 <DataStorage4>NeverShare</DataStorage4>
 <DataStorage8>NeverShare</DataStorage8>
 <DataStorage16>NeverShare</DataStorage16>
 <DataStorage32>NeverShare</DataStorage32>
 <DataStorage64>NeverShare</DataStorage64>
 <DataStorage128>NeverShare</DataStorage128>
 <DataStorage256>NeverShare</DataStorage256>
 <DataStorage512>NeverShare</DataStorage512>
 <DataStorage1024>NeverShare</DataStorage1024>
 <DataStorage2048>NeverShare</DataStorage2048>
 <DataStorage4096>NeverShare</DataStorage4096>
 <DataStorage8192>NeverShare</DataStorage8192>
 <DataStorage16384>NeverShare</DataStorage16384>
 <HierarchyType>None</HierarchyType>
 <DataType>Unspecified</DataType>
</Dimension>
</DIMENSIONS>
#--!
Scenario, Parent, Alias: Default, Alias: English, Data Storage, Two Pass Calculation, Description, Formula, Formula Description, UDA, Smart List, Data Type, Hierarchy Type, Enable for Dynamic Children, Number of Possible Dynamic Children, Access Granted to Member Creator, Allow Upper Level Entity Input, Process Management Enabled, UUID, Data Id, Old Name, Old Unique Name, Start Year, End Year, Start Period, End Period, Include BegBal, Exchange Table, Aggregation (Plan1), Data Storage (Plan1), Formula (Plan1), Solve Order (Plan1), Formula Description (Plan1), Aggregation (Plan2), Data Storage (Plan2), Formula (Plan2), Solve Order (Plan2), Formula Description (Plan2), Aggregation (Plan3), Data Storage (Plan3), Formula (Plan3), Solve Order (Plan3), Formula Description (Plan3), Aggregation (VisASO), Data Storage (VisASO), Formula (VisASO), Solve Order (VisASO), Formula Description (VisASO), Aggregation (Vis1ASO), Data Storage (Vis1ASO), Formula (Vis1ASO), Solve Order (Vis1ASO), Formula Description (Vis1ASO), Operation
Current,Scenario,,,store,false,,<none>,<none>,,,unspecified,stored,,,,false,false,b8924324-d86e-4824-a2f2-a300f0e8d2d9,911313182147606,Current,<none>,FY12,FY20,Jan,Dec,false,,~,store,<none>,0,,~,store,<none>,0,,~,store,<none>,0,,~,store,<none>,0,,~,store,<none>,0,,
Variance,Scenario,,,never share,false,,<none>,<none>,,,unspecified,none,,,,false,false,6ccfb185-5bfb-4798-866d-9b52ba6df00d,4028716817927469,Variance,<none>,FY12,FY20,Jan,Dec,false,,+,never share,<none>,0,,~,never share,<none>,0,,~,never share,<none>,0,,+,never share,<none>,0,,~,never share,<none>,0,,
Variance Comments,Scenario,,,never share,false,,<none>,<none>,,,unspecified,none,,,,false,false,490b9500-cd11-4a06-a06e-ef615972141b,1051856689057731,Variance Comments,<none>,FY12,FY20,Jan,Dec,false,,+,never share,<none>,0,,~,never share,<none>,0,,~,never share,<none>,0,,+,never share,<none>,0,,~,never share,<none>,0,,
No Scenario,Scenario,,,store,false,,<none>,<none>,,,unspecified,stored,,,,false,false,9f141daa-5340-45f5-b4cf-3b738320c99b,2111848869218802,No Scenario,<none>,FY12,FY20,Jan,Dec,true,,~,store,<none>,0,,~,store,<none>,0,,~,store,<none>,0,,+,store,<none>,0,,+,store,<none>,0,,
Actual,Scenario,,,store,false,,<none>,<none>,,,unspecified,stored,,,,false,false,7631ddc2-5988-49ee-b5c7-033724565f39,545222355993192,Actual,<none>,FY12,FY20,Jan,Dec,true,,~,store,<none>,0,,~,store,<none>,0,,~,store,<none>,0,,+,store,<none>,0,,~,store,<none>,0,,
Plan,Scenario,,,store,false,,<none>,<none>,Plan,,unspecified,stored,,,,false,true,4293dfdf-3efe-4fb8-8475-3836895823a5,2052449060867411,Plan,<none>,FY16,FY20,Jan,Dec,true,,~,store,<none>,0,,~,store,<none>,0,,~,store,<none>,0,,+,store,<none>,0,,~,store,<none>,0,,
Adj Plan,Scenario,,,store,false,,<none>,<none>,,,unspecified,stored,,,,false,false,7d2608d5-aa6d-46f6-abcf-51546c9869f7,142504108838733,Adj Plan,<none>,FY16,FY20,Jan,Dec,true,,~,store,<none>,0,,~,store,<none>,0,,~,store,<none>,0,,+,store,<none>,0,,+,store,<none>,0,,
Revised Plan,Scenario,,,store,false,,<none>,<none>,,,unspecified,stored,,,,false,true,95fdab72-f0a0-4d32-8d0d-a1663ebe66e5,2602475976281479,Revised Plan,<none>,FY16,FY20,Jan,Dec,false,,~,store,<none>,0,,~,store,<none>,0,,~,store,<none>,0,,+,store,<none>,0,,+,store,<none>,0,,
Forecast,Scenario,,,store,false,,<none>,<none>,Forecast,,unspecified,stored,,,,false,true,32eb0d20-f73b-4bc7-bab3-96286369fd51,782022607915955,Forecast,<none>,FY16,FY20,Jan,Dec,true,,~,store,<none>,0,,~,store,<none>,0,,~,store,<none>,0,,+,store,<none>,0,,~,store,<none>,0,,
Act vs Plan,Scenario,,,dynamic calc,true,,"if(""Actual""<>#Missing)
@var(""Actual""->&ActVersion,""Plan""->&PlanVersion);
else
#Missing;
endif",<none>,,,unspecified,stored,,,,false,false,9a0aef90-9454-4bda-ac77-f0f219151ef6,4159149910412618,Act vs Plan,<none>,FY12,FY20,Jan,Dec,false,,~,dynamic calc,<none>,0,,~,dynamic calc,<none>,0,,~,dynamic calc,<none>,0,,+,dynamic calc,<none>,0,,+,dynamic calc,<none>,0,,
Act vs Plan %,Scenario,,,dynamic calc,true,,"if(""Actual""<>#Missing)
@varper(""Actual""->&ActVersion,""Plan""->&PlanVersion)/100;
else
#Missing;
endif",<none>,,,percentage,stored,,,,false,false,db298eb6-402b-4ea9-b04f-3b633af598b5,4039227426686892,Act vs Plan %,<none>,FY12,FY20,Jan,Dec,false,,~,dynamic calc,<none>,0,,~,dynamic calc,<none>,0,,~,dynamic calc,<none>,0,,+,dynamic calc,<none>,0,,+,dynamic calc,<none>,0,,
Act vs Forecast,Scenario,,,dynamic calc,true,,"@var(""Actual""->""Final"",""Forecast"");",<none>,,,unspecified,stored,,,,false,false,35a79a81-c6dd-4a03-b144-03b8143673f5,798536231045683,Act vs Forecast,<none>,FY12,FY20,Jan,Dec,false,,~,dynamic calc,<none>,0,,~,dynamic calc,<none>,0,,~,dynamic calc,<none>,0,,+,dynamic calc,<none>,0,,+,dynamic calc,<none>,0,,
Forecast vs Plan,Scenario,,,dynamic calc,true,,"IF(""Forecast"" <> #MISSING)
      @var( ""Forecast"", ""Plan"");
ElSE
       #MISSING;
ENDIF",<none>,,,unspecified,stored,,,,false,false,af3be734-bc19-4676-9ed1-eed94dc8600c,2377777859151380,Forecast vs Plan,<none>,FY12,FY20,Jan,Dec,false,,~,dynamic calc,<none>,0,,~,dynamic calc,<none>,0,,~,dynamic calc,<none>,0,,+,dynamic calc,<none>,0,,+,dynamic calc,<none>,0,,
Plan Adj %,Scenario,,,dynamic calc,true,,"""BegBalance"" = ""Revised Plan""->""YearTotal""/ ""Plan""->""YearTotal"";",<none>,,,percentage,stored,,,,false,false,2e3e2390-d9c7-4381-8bd2-30c0d07b55fc,1910636755830357,Plan Adj %,<none>,FY16,FY20,Jan,Dec,false,,~,dynamic calc,<none>,0,,~,dynamic calc,<none>,0,,~,dynamic calc,<none>,0,,+,dynamic calc,<none>,0,,+,dynamic calc,<none>,0,,
