﻿#!-- HEADERBLOCK DIMENSION XML
<?xml version="1.0" encoding="UTF-8" ?>
<DIMENSIONS>
 <Dimension name="Year" EnabledForCellLevelSecurity="true" origname="Year" EnabledForApprovalGroups="true" DataId="2822947230597882" EnabledForValidIntersections="true" comment="" dimensionType="None" csversion="2.5" OldName="Year" density="Sparse" dimensionName="Year" DimensionAlias="Year" UUID="20df0c5d-a287-4057-8b9e-1f99add8dbb1" OldUniqueName="" >
 <Plan1Density>Sparse</Plan1Density>
 <Plan2Density>Sparse</Plan2Density>
 <Plan3Density>Sparse</Plan3Density>
 <Plan4Density>Sparse</Plan4Density>
 <Plan5Density>Sparse</Plan5Density>
 <Plan6Density>Sparse</Plan6Density>
 <Plan7Density>Sparse</Plan7Density>
 <Plan8Density>Sparse</Plan8Density>
 <Plan9Density>Sparse</Plan9Density>
 <Plan10Density>Sparse</Plan10Density>
 <Plan11Density>Sparse</Plan11Density>
 <Plan12Density>Sparse</Plan12Density>
 <Plan13Density>Sparse</Plan13Density>
 <Plan14Density>Sparse</Plan14Density>
 <Plan15Density>Sparse</Plan15Density>
 <EnumOrder1>0</EnumOrder1>
 <EnumOrder2>0</EnumOrder2>
 <EnumOrder3>0</EnumOrder3>
 <EnumOrder4>0</EnumOrder4>
 <EnumOrder5>0</EnumOrder5>
 <EnumOrder6>0</EnumOrder6>
 <EnumOrder7>0</EnumOrder7>
 <EnumOrder8>0</EnumOrder8>
 <EnumOrder9>0</EnumOrder9>
 <EnumOrder10>0</EnumOrder10>
 <EnumOrder11>0</EnumOrder11>
 <EnumOrder12>0</EnumOrder12>
 <EnumOrder13>0</EnumOrder13>
 <EnumOrder14>0</EnumOrder14>
 <EnumOrder15>0</EnumOrder15>
 <Plan1PerfOrder>4</Plan1PerfOrder>
 <Plan2PerfOrder>4</Plan2PerfOrder>
 <Plan3PerfOrder>4</Plan3PerfOrder>
 <Plan4PerfOrder>4</Plan4PerfOrder>
 <Plan5PerfOrder>4</Plan5PerfOrder>
 <Plan6PerfOrder>4</Plan6PerfOrder>
 <Plan7PerfOrder>4</Plan7PerfOrder>
 <Plan8PerfOrder>4</Plan8PerfOrder>
 <Plan9PerfOrder>4</Plan9PerfOrder>
 <Plan10PerfOrder>4</Plan10PerfOrder>
 <Plan11PerfOrder>4</Plan11PerfOrder>
 <Plan12PerfOrder>4</Plan12PerfOrder>
 <Plan13PerfOrder>4</Plan13PerfOrder>
 <Plan14PerfOrder>4</Plan14PerfOrder>
 <Plan15PerfOrder>4</Plan15PerfOrder>
 <ApplySecurity>N</ApplySecurity>
 <PartialShare>N</PartialShare>
 <DisplayOption>MEMBER_NAME</DisplayOption>
 <Consolidation>~</Consolidation>
 <Consolidation2>~</Consolidation2>
 <Consolidation4>~</Consolidation4>
 <Consolidation8>~</Consolidation8>
 <Consolidation16>~</Consolidation16>
 <ConsolidationWF>NotUsed</ConsolidationWF>
 <ConsolidationCX>NotUsed</ConsolidationCX>
 <Consolidation128>NotUsed</Consolidation128>
 <Consolidation256>NotUsed</Consolidation256>
 <Consolidation512>NotUsed</Consolidation512>
 <Consolidation1024>NotUsed</Consolidation1024>
 <Consolidation2048>NotUsed</Consolidation2048>
 <Consolidation4096>NotUsed</Consolidation4096>
 <Consolidation8192>NotUsed</Consolidation8192>
 <Consolidation16384>NotUsed</Consolidation16384>
 <ValidForPlan1>Y</ValidForPlan1>
 <ValidForPlan2>Y</ValidForPlan2>
 <ValidForPlan3>Y</ValidForPlan3>
 <ValidForPlan4>Y</ValidForPlan4>
 <ValidForPlan5>Y</ValidForPlan5>
 <ValidForPlan6>N</ValidForPlan6>
 <ValidForPlan7>N</ValidForPlan7>
 <ValidForPlan8>N</ValidForPlan8>
 <ValidForPlan9>N</ValidForPlan9>
 <ValidForPlan10>N</ValidForPlan10>
 <ValidForPlan11>N</ValidForPlan11>
 <ValidForPlan12>N</ValidForPlan12>
 <ValidForPlan13>N</ValidForPlan13>
 <ValidForPlan14>N</ValidForPlan14>
 <ValidForPlan15>N</ValidForPlan15>
 <Alias table="Default" ></Alias>
 <Alias table="English" ></Alias>
 <DataStorage>NeverShare</DataStorage>
 <DataStorage2>NeverShare</DataStorage2>
 <DataStorage4>NeverShare</DataStorage4>
 <DataStorage8>NeverShare</DataStorage8>
 <DataStorage16>NeverShare</DataStorage16>
 <DataStorage32>NeverShare</DataStorage32>
 <DataStorage64>NeverShare</DataStorage64>
 <DataStorage128>NeverShare</DataStorage128>
 <DataStorage256>NeverShare</DataStorage256>
 <DataStorage512>NeverShare</DataStorage512>
 <DataStorage1024>NeverShare</DataStorage1024>
 <DataStorage2048>NeverShare</DataStorage2048>
 <DataStorage4096>NeverShare</DataStorage4096>
 <DataStorage8192>NeverShare</DataStorage8192>
 <DataStorage16384>NeverShare</DataStorage16384>
 <HierarchyType>None</HierarchyType>
 <DataType>Unspecified</DataType>
</Dimension>
</DIMENSIONS>
#--!
Year, Parent, Alias: Default, Alias: English, Data Storage, Two Pass Calculation, Description, Formula, Formula Description, UDA, Smart List, Data Type, Allow Upper Level Entity Input, Process Management Enabled, UUID, Data Id, Old Name, Old Unique Name, Operation
FY11,Year,,,store,false,,<none>,<none>,,,unspecified,false,true,79844c31-3bb0-42b0-813f-3d2249359689,2470778865796831,FY11,<none>,
FY12,Year,,,store,false,,<none>,<none>,,,unspecified,false,true,31a3385a-acbf-44ec-8f29-3cf841342dd4,2401600011913216,FY12,<none>,
FY13,Year,,,store,false,,<none>,<none>,,,unspecified,false,true,ab61c19f-1b55-4879-a689-a4eacb7fed1d,2189566780394447,FY13,<none>,
FY14,Year,,,store,false,,<none>,<none>,,,unspecified,false,true,06ee6543-0188-4faa-ac48-bb0ae9171169,2873320694563274,FY14,<none>,
FY15,Year,,,store,false,,<none>,<none>,,,unspecified,false,true,91b94322-2973-4dbd-876d-67a2cae8b0d8,1696972625757700,FY15,<none>,
FY16,Year,,,store,false,,<none>,<none>,,,unspecified,false,true,56da5636-eb29-48f7-9d4e-81515fee06c9,3492951517120641,FY16,<none>,
FY17,Year,,,store,false,,<none>,<none>,,,unspecified,false,true,51f67b41-3970-4437-8b9a-7ed9429c062b,2460596279593658,FY17,<none>,
FY18,Year,,,store,false,,<none>,<none>,,,unspecified,false,true,751416bc-58e0-4442-8d77-5c495717ce94,1260817547087435,FY18,<none>,
FY19,Year,,,store,false,,<none>,<none>,,,unspecified,false,true,28129860-9716-4424-9f8a-472487fdee55,1958863242478294,FY19,<none>,
FY20,Year,,,store,false,,<none>,<none>,,,unspecified,false,true,8fb870e5-8cc4-40df-8e56-261a94121bbb,4271273010218649,FY20,<none>,
