<?xml version="1.0" encoding="UTF-8" ?>
 <TaskList xmlns:xsi="http://www.w3.org/2001/XMLSchema-instance" name="Operating Forecast" folder="Task Lists" >
 <TaskItem name="Operating Forecast" type="descriptive" pos="0.0" Dependency="No" >
 <Instructions>&lt;p style=&quot;MARGIN: 0in 0in 0pt&quot; class=&quot;MsoNormal&quot;&gt;&lt;span style=&quot;LINE-HEIGHT: 115%; FONT-SIZE: 12pt&quot;&gt;&lt;font face=&quot;Calibri&quot;&gt;In a traditional forecast, the forecast cycle is always tied to the fiscal year end, and the months in the forecast period keep reducing as the months in the fiscal year progress.&lt;span style=&quot;mso-spacerun: yes&quot;&gt;&amp;nbsp; &lt;/span&gt;Rolling forecasts differ from traditional forecasts in that they are continuous without regard to the annual fiscal year end period. &lt;span style=&quot;mso-spacerun: yes&quot;&gt;&amp;nbsp;&lt;/span&gt;The periods in a rolling forecast roll along based on the predefined window for the rolling forecast. The periods are generally defined on a monthly or quarterly basis. Monthly rolling forecasts are generally in 12-month, 18-month, or 24-month cycles. In a 12-month cycle, the 12-month period constantly shifts each month, and every month the forecast is for the next twelve months without regard to the actual fiscal year end.&lt;/font&gt;&lt;/span&gt;&lt;/p&gt;&lt;p style=&quot;MARGIN: 0in 0in 0pt&quot; class=&quot;MsoNormal&quot;&gt;&lt;span style=&quot;LINE-HEIGHT: 115%; FONT-SIZE: 12pt&quot;&gt;&lt;font face=&quot;Calibri&quot;&gt;&amp;nbsp;&lt;/font&gt;&lt;/span&gt;&lt;/p&gt;&lt;p style=&quot;MARGIN: 0in 0in 0pt&quot; class=&quot;MsoNormal&quot;&gt;&lt;span style=&quot;LINE-HEIGHT: 115%; FONT-SIZE: 12pt&quot;&gt;&lt;font face=&quot;Calibri&quot;&gt;For example, assume a company has a traditional calendar for January through December. In the first month of the year (Jan, FY13) the company’s planners fill in the forecast scenario for the periods Jan 13 – Dec 13. &lt;span style=&quot;mso-spacerun: yes&quot;&gt;&amp;nbsp;&lt;/span&gt;In the next month (Feb, 13), the planners again fill in the forecast scenario with numbers for the next 12 months (Feb 13- Jan 14), even though the period of Jan 14 pertains to the next calendar&lt;span style=&quot;mso-spacerun: yes&quot;&gt;&amp;nbsp; &lt;/span&gt;year.&lt;/font&gt;&lt;/span&gt;&lt;/p&gt;&lt;p style=&quot;MARGIN: 0in 0in 0pt&quot; class=&quot;MsoNormal&quot;&gt;&lt;span style=&quot;LINE-HEIGHT: 115%; FONT-SIZE: 12pt&quot;&gt;&lt;font face=&quot;Calibri&quot;&gt;&amp;nbsp;&lt;/font&gt;&lt;/span&gt;&lt;/p&gt;&lt;p style=&quot;MARGIN: 0in 0in 0pt&quot; class=&quot;MsoNormal&quot;&gt;&lt;span style=&quot;LINE-HEIGHT: 115%; FONT-SIZE: 12pt&quot;&gt;&lt;font face=&quot;Calibri&quot;&gt;Administrators set variables that define the Start Period, Start Year, End Period, and End Year for the rolling forecast.&lt;span style=&quot;mso-spacerun: yes&quot;&gt;&amp;nbsp; &lt;/span&gt;When these variables are updated for the next rolling forecast period, all data forms, business rules, reports, etc., that reference these variables are automatically updated, significantly reducing maintenance of the forecasting process.&lt;/font&gt;&lt;/span&gt;&lt;/p&gt;</Instructions>
 <TaskItem name="Revenue Forecast - Products" type="dataForm" pos="10000.0" Dependency="No" >
 <dataForm>Revenue Forecast</dataForm>
 <Instructions>&lt;p style=&quot;margin:0in 0in 0pt;&quot; class=&quot;MsoNormal&quot;&gt;&lt;span style=&quot;font-family:&apos;Calibri&apos;,&apos;sans-serif&apos;;font-size:9pt;mso-ascii-theme-font:minor-latin;mso-hansi-theme-font:minor-latin;mso-bidi-theme-font:minor-latin;&quot;&gt;You
 can change your assumptions about volume, pricing, and gross margin on 
this form for each product, or you can make adjustments for all products
 in a region.&amp;nbsp;&amp;nbsp;&lt;span style=&quot;mso-spacerun:yes;&quot;&gt;&lt;/span&gt;For example, if 
you put the cursor on the intersection of Product Family (the bottom 
row) and one of the quarter columns, then right-click and select Grid 
Spread, you can adjust the total value and have it spread back to the 
underlying periods and products.&lt;span style=&quot;mso-spacerun:yes;&quot;&gt;&amp;nbsp; &lt;/span&gt;You
 can adjust data by value or percentage, and it will spread the data 
proportionally, evenly, or by filling, depending on the Spread Type you 
selected. When you’ve chosen the appropriate options click Adjust, then 
click Spread,&lt;span style=&quot;mso-spacerun:yes;&quot;&gt;&amp;nbsp;&amp;nbsp; &lt;/span&gt;The impacted cells will turn color, and once the data is saved, the total will be updated to the adjusted value.&lt;span style=&quot;mso-spacerun:yes;&quot;&gt;&amp;nbsp; &lt;/span&gt;Revenue, Cost of Sales and Gross Margin will also be automatically recalculated based on the new assumptions.&lt;span style=&quot;mso-spacerun:yes;&quot;&gt;&amp;nbsp;&lt;/span&gt;&lt;/span&gt;&lt;/p&gt;&lt;p style=&quot;margin:0in 0in 0pt;&quot; class=&quot;MsoNormal&quot;&gt;&lt;span style=&quot;font-family:&apos;Calibri&apos;,&apos;sans-serif&apos;;font-size:9pt;mso-ascii-theme-font:minor-latin;mso-hansi-theme-font:minor-latin;mso-bidi-theme-font:minor-latin;&quot;&gt;&amp;nbsp;&lt;/span&gt;&lt;/p&gt;</Instructions>
</TaskItem>
 <TaskItem name="Revenue Forecast - Services" type="dataForm" pos="10010.0" Dependency="No" >
 <dataForm>Set Services Revenue Forecast Assumptions</dataForm>
 <Instructions>&lt;p style=&quot;margin:0in 0in 0pt;&quot; class=&quot;MsoNormal&quot;&gt;&lt;span style=&quot;font-family:&apos;Calibri&apos;,&apos;sans-serif&apos;;font-size:9pt;mso-ascii-theme-font:minor-latin;mso-hansi-theme-font:minor-latin;mso-bidi-theme-font:minor-latin;&quot;&gt;Services
 revenue is calculated as a percent of Computer Equipment sales revenue,
 while Cost of Sales is calculated as a percent of the corresponding 
revenue account.&lt;span style=&quot;mso-spacerun:yes;&quot;&gt;&amp;nbsp; &lt;/span&gt;If you change Computer Equipment sales revenue, services revenue and costs are automatically updated.&lt;span style=&quot;mso-spacerun:yes;&quot;&gt;&amp;nbsp; &lt;/span&gt;Likewise, if you change the percent of sales assumptions, services revenue and costs are recalculated.&lt;/span&gt;&lt;/p&gt;</Instructions>
</TaskItem>
 <TaskItem name="Expense Drivers" type="dataForm" pos="10020.0" Dependency="No" >
 <dataForm>Forecast Expense Drivers</dataForm>
 <Instructions>&lt;p style=&quot;margin:0in 0in 0pt;&quot; class=&quot;MsoNormal&quot;&gt;&lt;span style=&quot;font-family:&apos;Calibri&apos;,&apos;sans-serif&apos;;font-size:9pt;mso-ascii-theme-font:minor-latin;mso-hansi-theme-font:minor-latin;mso-bidi-theme-font:minor-latin;&quot;&gt;Expense Drivers are used to generate operating expenses.&lt;span style=&quot;mso-spacerun:yes;&quot;&gt;&amp;nbsp; &lt;/span&gt;For example, the number of trips planned could be used to derive Travel and Entertainment expenses.&lt;span style=&quot;mso-spacerun:yes;&quot;&gt;&amp;nbsp; &lt;/span&gt;When you make changes to these drivers, operating expenses are automatically recalculated.&lt;span style=&quot;mso-spacerun:yes;&quot;&gt;&amp;nbsp; &lt;/span&gt;You
 can select a different driver by clicking the down arrow in the page 
dropdown, selecting a driver, and clicking on the right arrow.&lt;/span&gt;&lt;/p&gt;&lt;p style=&quot;margin:0in 0in 0pt;&quot; class=&quot;MsoNormal&quot;&gt;&lt;span style=&quot;font-family:&apos;Calibri&apos;,&apos;sans-serif&apos;;font-size:9pt;mso-ascii-theme-font:minor-latin;mso-hansi-theme-font:minor-latin;mso-bidi-theme-font:minor-latin;&quot;&gt;&amp;nbsp;&lt;/span&gt;&lt;br/&gt;&lt;span style=&quot;font-family:&apos;Calibri&apos;,&apos;sans-serif&apos;;font-size:9pt;mso-ascii-theme-font:minor-latin;mso-hansi-theme-font:minor-latin;mso-bidi-theme-font:minor-latin;&quot;&gt;&lt;span style=&quot;font-family:&apos;Calibri&apos;,&apos;sans-serif&apos;;font-size:9pt;mso-fareast-font-family:&apos;Times New Roman&apos;;mso-ansi-language:EN-US;mso-fareast-language:EN-US;mso-bidi-language:AR-SA;mso-ascii-theme-font:minor-latin;mso-hansi-theme-font:minor-latin;mso-bidi-theme-font:minor-latin;&quot;&gt;The
 Sales Driver Assumption tab provides an example of how a driver, number
 of sales calls, could be derived from sales volume as well as other 
assumptions.&lt;span style=&quot;mso-spacerun:yes;&quot;&gt;&amp;nbsp; &lt;/span&gt;If you click on the
 f icon in the Sales Call cell (bottom left on the form), you can view 
the formula that calculates the derived value.&lt;span style=&quot;mso-spacerun:yes;&quot;&gt;&amp;nbsp; &lt;/span&gt;In this case, total units for the year for the computer equipment product line (P_TP1) is divided by the average order size.&lt;span style=&quot;mso-spacerun:yes;&quot;&gt;&amp;nbsp; &lt;/span&gt;The number of orders is then divided by the close percentage to determine the number of leads that must be generated.&lt;span style=&quot;mso-spacerun:yes;&quot;&gt;&amp;nbsp; &lt;/span&gt;This number is then multiplied by the percentage of leads that require an in-person visit.&lt;span style=&quot;mso-spacerun:yes;&quot;&gt;&amp;nbsp; &lt;/span&gt;Finally, his driver is used to derive certain travel and entertainment expenses.&lt;span style=&quot;mso-spacerun:yes;&quot;&gt;&amp;nbsp; &lt;/span&gt;If revenue changes, those expenses will be automatically recalculated.&lt;/span&gt;&lt;/span&gt;&lt;/p&gt;&lt;span style=&quot;font-family:&apos;Calibri&apos;,&apos;sans-serif&apos;;font-size:9pt;mso-fareast-font-family:&apos;Times New Roman&apos;;mso-ansi-language:EN-US;mso-fareast-language:EN-US;mso-bidi-language:AR-SA;mso-ascii-theme-font:minor-latin;mso-hansi-theme-font:minor-latin;mso-bidi-theme-font:minor-latin;&quot;&gt;&lt;/span&gt;</Instructions>
</TaskItem>
 <TaskItem name="Headcount and Salary Forecast" type="dataForm" pos="10030.0" Dependency="No" >
 <dataForm>Set Headcount and Salary Forecast Assumptions</dataForm>
 <pageInfo>410</pageInfo>
 <Instructions>&lt;span style=&quot;font-family:&apos;Calibri&apos;,&apos;sans-serif&apos;;font-size:9pt;mso-ascii-theme-font:minor-latin;mso-hansi-theme-font:minor-latin;mso-bidi-theme-font:minor-latin;&quot;&gt;The
 Headcount and Salary Forecast form calculates salaries and benefits 
expenses based on headcount, average salary, and employee benefits % 
drivers. If you change these drivers in the form, salaries and expenses 
will automatically be recalculated.&lt;/span&gt;</Instructions>
</TaskItem>
 <TaskItem name="Capital Expenditure Forecast" type="dataForm" pos="10040.0" Dependency="No" >
 <dataForm>Set Capital Expenditure Forecast Assumptions</dataForm>
 <pageInfo>410</pageInfo>
 <Instructions>&lt;p style=&quot;margin:0in 0in 0pt;&quot; class=&quot;MsoNormal&quot;&gt;&lt;span style=&quot;font-family:&apos;Calibri&apos;,&apos;sans-serif&apos;;font-size:9pt;mso-ascii-theme-font:minor-latin;mso-hansi-theme-font:minor-latin;mso-bidi-theme-font:minor-latin;&quot;&gt;The Capital Expenditure Forecast form calculates depreciation for new capital assets by asset class and useful life.&lt;span style=&quot;mso-spacerun:yes;&quot;&gt;&amp;nbsp; &lt;/span&gt;In
 the Page dropdown in the top left, ensure International Sales is 
selected, then right-click on the blue cell for CapEx: Furniture for Aug
 and select Supporting Detail. Next, expand New Cubicles by clicking the
 left arrow in the first column.&lt;span style=&quot;mso-spacerun:yes;&quot;&gt;&amp;nbsp; &lt;/span&gt;Notice
 the Supporting Detail shows the calculations that were used to 
determine the number of new laptops. Supporting detail allows you to 
enter your own calculations below the account level in order to document
 plan details.&lt;span style=&quot;mso-spacerun:yes;&quot;&gt;&amp;nbsp; &lt;/span&gt;You can also attach documents or URLs to a data cell.&lt;/span&gt;&lt;/p&gt;</Instructions>
</TaskItem>
 <TaskItem name="Operating Expense Forecast" type="dataForm" pos="10050.0" Dependency="No" >
 <dataForm>OpEx Forecast</dataForm>
 <Instructions>&lt;p style=&quot;margin:0in 0in 0pt;&quot; class=&quot;MsoNormal&quot;&gt;&lt;span style=&quot;font-family:&apos;Calibri&apos;,&apos;sans-serif&apos;;font-size:9pt;mso-ascii-theme-font:minor-latin;mso-hansi-theme-font:minor-latin;mso-bidi-theme-font:minor-latin;&quot;&gt;The Operating Expense Forecast form shows the calculation of expenses based on the drivers and rates for that account.&lt;span style=&quot;mso-spacerun:yes;&quot;&gt;&amp;nbsp; &lt;/span&gt;&lt;/span&gt;&lt;/p&gt;&lt;p style=&quot;margin:0in 0in 0pt;&quot; class=&quot;MsoNormal&quot;&gt;&lt;span style=&quot;font-family:&apos;Calibri&apos;,&apos;sans-serif&apos;;font-size:9pt;mso-ascii-theme-font:minor-latin;mso-hansi-theme-font:minor-latin;mso-bidi-theme-font:minor-latin;&quot;&gt;&amp;nbsp;&lt;/span&gt;&lt;/p&gt;&lt;p style=&quot;margin:0in 0in 0pt;&quot; class=&quot;MsoNormal&quot;&gt;&lt;span style=&quot;font-family:&apos;Calibri&apos;,&apos;sans-serif&apos;;font-size:9pt;mso-ascii-theme-font:minor-latin;mso-hansi-theme-font:minor-latin;mso-bidi-theme-font:minor-latin;&quot;&gt;In this example, you can select a driver and enter a rate, such as % of revenue, to derive expenses.&lt;span style=&quot;mso-spacerun:yes;&quot;&gt;&amp;nbsp; &lt;/span&gt;The tab labeled Operating Expenses – Forecast, displays the results of the driver and rate calculations.&lt;/span&gt;&lt;/p&gt;</Instructions>
</TaskItem>
 <TaskItem name="Income Statement" type="dataForm" pos="10060.0" Dependency="No" >
 <dataForm>Dept Income Statement - Forecast</dataForm>
 <Instructions>&lt;p style=&quot;margin:0in 0in 0pt;&quot; class=&quot;MsoNormal&quot;&gt;&lt;span style=&quot;font-family:&apos;Calibri&apos;,&apos;sans-serif&apos;;font-size:9pt;mso-ascii-theme-font:minor-latin;mso-hansi-theme-font:minor-latin;mso-bidi-theme-font:minor-latin;&quot;&gt;The Income Statement combines all of the information from the various plan components.&lt;span style=&quot;mso-spacerun:yes;&quot;&gt;&amp;nbsp; &lt;/span&gt;To update the Income Statement, right-click and select Calculate Income Statement.&lt;/span&gt;&lt;/p&gt;</Instructions>
</TaskItem>
 <TaskItem name="Predictive Forecast" type="dataForm" pos="10070.0" Dependency="No" >
 <dataForm>Sales Forecast - Products</dataForm>
</TaskItem>
 <TaskItem name="Submit Forecast" type="workFlow" pos="10080.0" Dependency="No" >
 <scenario>Forecast</scenario>
 <version>Working</version>
 <Instructions>&lt;p style=&quot;MARGIN: 0in 0in 0pt&quot; class=&quot;MsoNormal&quot;&gt;&lt;span style=&quot;FONT-FAMILY: &apos;Calibri&apos;,&apos;sans-serif&apos;; FONT-SIZE: 9pt; mso-ascii-theme-font: minor-latin; mso-hansi-theme-font: minor-latin; mso-bidi-theme-font: minor-latin&quot;&gt;In this task, you can submit plans to reviewers or approvers.&lt;span style=&quot;mso-spacerun: yes&quot;&gt;&amp;nbsp; &lt;/span&gt;Planning units can be submitted individually or as a group, e.g., Sales.&lt;span style=&quot;mso-spacerun: yes&quot;&gt;&amp;nbsp; &lt;/span&gt;To display the approval path, highlight the Sales row by clicking in the row and then click on the icon in the Path column.&lt;span style=&quot;mso-spacerun: yes&quot;&gt;&amp;nbsp; &lt;/span&gt;The Sales regions are then submitted for approval to the Finance Management group.&lt;span style=&quot;mso-spacerun: yes&quot;&gt;&amp;nbsp; &lt;/span&gt;&lt;/span&gt;&lt;/p&gt;&lt;p style=&quot;MARGIN: 0in 0in 0pt&quot; class=&quot;MsoNormal&quot;&gt;&lt;span style=&quot;FONT-FAMILY: &apos;Calibri&apos;,&apos;sans-serif&apos;; FONT-SIZE: 9pt; mso-ascii-theme-font: minor-latin; mso-hansi-theme-font: minor-latin; mso-bidi-theme-font: minor-latin&quot;&gt;&amp;nbsp;&lt;/span&gt;&lt;/p&gt;&lt;span style=&quot;FONT-FAMILY: &apos;Calibri&apos;,&apos;sans-serif&apos;; FONT-SIZE: 9pt; mso-fareast-font-family: &apos;Times New Roman&apos;; mso-ansi-language: EN-US; mso-fareast-language: EN-US; mso-bidi-language: AR-SA; mso-ascii-theme-font: minor-latin; mso-hansi-theme-font: minor-latin; mso-bidi-theme-font: minor-latin&quot;&gt;The Validate icon (located above the table) will indicate whether there are any conditions that need to be met, e.g., an additional level of approval before you can submit the plan.&lt;span style=&quot;mso-spacerun: yes&quot;&gt;&amp;nbsp; &lt;/span&gt;You can also add an annotation with comments on your plan.&lt;/span&gt;</Instructions>
</TaskItem>
</TaskItem>
</TaskList>
