<?xml version="1.0" encoding="UTF-8" ?>
 <TaskList xmlns:xsi="http://www.w3.org/2001/XMLSchema-instance" name="Operating Plan" folder="Task Lists" >
 <TaskItem name="Operating Plan" type="descriptive" pos="0.0" Dependency="No" >
 <Instructions>&lt;p&gt;&lt;/p&gt;&lt;p style=&quot;TEXT-ALIGN: left; MARGIN-TOP: 0pt; unicode-bidi: embed; DIRECTION: ltr; MARGIN-BOTTOM: 0pt; VERTICAL-ALIGN: baseline; language: en-US; mso-line-break-override: none; punctuation-wrap: hanging&quot;&gt;&lt;span style=&quot;FONT-FAMILY: Calibri; COLOR: black; FONT-SIZE: 12pt; language: en-US; mso-ascii-font-family: Calibri; mso-fareast-font-family: +mn-ea; mso-bidi-font-family: +mn-cs; mso-color-index: 1; mso-font-kerning: 12.0pt&quot;&gt;Administrators can set up task lists to help with budget cycles. For example, a task might help you complete forms, launch business rules, or promote planning units. Tasks can display instructions, due dates, completed dates, and alerts. Tasks can include web pages, forms, Approvals, business rules, or descriptions.&lt;/span&gt;&lt;/p&gt;</Instructions>
 <TaskItem name="Review Actual vs Plan" type="dataForm" pos="10000.0" Dependency="No" >
 <dataForm>Actual vs Plan</dataForm>
 <Instructions>&lt;span style=&quot;FONT-FAMILY: &apos;Calibri&apos;,&apos;sans-serif&apos;; FONT-SIZE: 9pt; mso-fareast-font-family: &apos;Times New Roman&apos;; mso-ansi-language: EN-US; mso-fareast-language: EN-US; mso-bidi-language: AR-SA; mso-ascii-theme-font: minor-latin; mso-hansi-theme-font: minor-latin; mso-bidi-theme-font: minor-latin&quot;&gt;Your first task in the process is to provide explanations for significant variances.&lt;span style=&quot;mso-spacerun: yes&quot;&gt;&amp;nbsp; &lt;/span&gt;In the top right of the form, &lt;b style=&quot;mso-bidi-font-weight: normal&quot;&gt;Click on the Data Validation Messages link.&lt;/b&gt;&lt;span style=&quot;mso-spacerun: yes&quot;&gt;&amp;nbsp; &lt;/span&gt;For example, any negative variance greater than 10% is flagged and an explanation is required. With PBCS, you can design data forms that include predefined validation rules that help implement business policies and practices.&lt;span style=&quot;mso-spacerun: yes&quot;&gt;&amp;nbsp; &lt;/span&gt;You can also specify cell colors and messages that are generated on the data form if the entered data violates a validation rule.&lt;/span&gt;</Instructions>
</TaskItem>
 <TaskItem name="Revenue Plan - Products" type="dataForm" pos="10010.0" Dependency="No" >
 <dataForm>Revenue Plan</dataForm>
 <Instructions>&lt;p style=&quot;text-align:justify;margin:0in 0in 0pt;&quot; class=&quot;MsoNormal&quot;&gt;&lt;span style=&quot;font-family:&apos;Calibri&apos;,&apos;sans-serif&apos;;font-size:9pt;mso-ascii-theme-font:minor-latin;mso-hansi-theme-font:minor-latin;mso-bidi-theme-font:minor-latin;&quot;&gt;You
 can change your assumptions about volume, pricing, and gross margin on 
this form for each product, or you can make adjustments for all products
 in a region.&lt;span style=&quot;mso-spacerun:yes;&quot;&gt;&amp;nbsp; &lt;/span&gt;For example, if 
you put the cursor on the intersection of Product Family (the bottom 
row) and YearTotal (the right-most column), then right-click and select 
Grid Spread, you can adjust the total value and have it spread back to 
the underlying periods and products.&lt;span style=&quot;mso-spacerun:yes;&quot;&gt;&amp;nbsp; &lt;/span&gt;You
 can adjust data by value or percentage, and it will spread the data 
proportionally, evenly, or by filling, depending on the Spread Type 
selected. When you’ve chosen the appropriate options, click Adjust, then
 click Spread,&lt;span style=&quot;mso-spacerun:yes;&quot;&gt;&amp;nbsp;&amp;nbsp; &lt;/span&gt;The impacted cells will turn color, and once the data is saved, the total will be updated to the adjusted value.&lt;span style=&quot;mso-spacerun:yes;&quot;&gt;&amp;nbsp; &lt;/span&gt;Revenue, Cost of Sales and Gross Margin will also be automatically recalculated based on the new assumptions.&lt;span style=&quot;mso-spacerun:yes;&quot;&gt;&amp;nbsp;&amp;nbsp;&lt;/span&gt;&lt;/span&gt;&lt;/p&gt;&lt;p style=&quot;text-align:justify;margin:0in 0in 0pt;&quot; class=&quot;MsoNormal&quot;&gt;&lt;span style=&quot;font-family:&apos;Calibri&apos;,&apos;sans-serif&apos;;font-size:9pt;mso-ascii-theme-font:minor-latin;mso-hansi-theme-font:minor-latin;mso-bidi-theme-font:minor-latin;&quot;&gt;&amp;nbsp;&lt;/span&gt;&lt;/p&gt;&lt;span style=&quot;font-family:&apos;Calibri&apos;,&apos;sans-serif&apos;;font-size:9pt;mso-fareast-font-family:&apos;Times New Roman&apos;;mso-ansi-language:EN-US;mso-fareast-language:EN-US;mso-bidi-language:AR-SA;mso-ascii-theme-font:minor-latin;mso-hansi-theme-font:minor-latin;mso-bidi-theme-font:minor-latin;&quot;&gt;&lt;/span&gt;</Instructions>
</TaskItem>
 <TaskItem name="Revenue Plan - Services" type="dataForm" pos="10020.0" Dependency="No" >
 <dataForm>Set Services Revenue Assumptions</dataForm>
 <Instructions>&lt;span style=&quot;font-family:&apos;Calibri&apos;,&apos;sans-serif&apos;;font-size:9pt;mso-ascii-theme-font:minor-latin;mso-hansi-theme-font:minor-latin;mso-bidi-theme-font:minor-latin;&quot;&gt;Services
 revenue is calculated as a percent of Computer Equipment sales revenue,
 while Cost of Sales is calculated as a percent of the corresponding 
revenue account.&lt;span style=&quot;mso-spacerun:yes;&quot;&gt;&amp;nbsp; &lt;/span&gt;If Computer Equipment sales revenue is changed, services revenue and costs are automatically updated.&lt;span style=&quot;mso-spacerun:yes;&quot;&gt;&amp;nbsp; &lt;/span&gt;Likewise, if the percent of sales assumptions are changed, services revenue and costs are recalculated.&lt;/span&gt;</Instructions>
</TaskItem>
 <TaskItem name="Expense Drivers" type="dataForm" pos="10030.0" Dependency="No" >
 <dataForm>Expense Drivers</dataForm>
 <Instructions>&lt;p style=&quot;text-align:justify;margin:0in 0in 0pt;&quot; class=&quot;MsoNormal&quot;&gt;&lt;span style=&quot;font-family:&apos;Calibri&apos;,&apos;sans-serif&apos;;font-size:9pt;mso-ascii-theme-font:minor-latin;mso-hansi-theme-font:minor-latin;mso-bidi-theme-font:minor-latin;&quot;&gt;Expense Drivers are used to generate operating expenses.&lt;span style=&quot;mso-spacerun:yes;&quot;&gt;&amp;nbsp; &lt;/span&gt;For example, the number of trips planned could be used to derive Travel and Entertainment expenses.&lt;span style=&quot;mso-spacerun:yes;&quot;&gt;&amp;nbsp; &lt;/span&gt;When you make changes to these drivers, operating expenses are automatically recalculated.&lt;/span&gt;&lt;/p&gt;&lt;span style=&quot;font-family:&apos;Calibri&apos;,&apos;sans-serif&apos;;font-size:9pt;mso-ascii-theme-font:minor-latin;mso-hansi-theme-font:minor-latin;mso-bidi-theme-font:minor-latin;&quot;&gt;&lt;p style=&quot;text-align:justify;margin:0in 0in 0pt;&quot; class=&quot;MsoNormal&quot;&gt;&lt;span style=&quot;font-family:&apos;Calibri&apos;,&apos;sans-serif&apos;;font-size:9pt;mso-ascii-theme-font:minor-latin;mso-hansi-theme-font:minor-latin;mso-bidi-theme-font:minor-latin;&quot;&gt;&amp;nbsp;&lt;/span&gt;&lt;/p&gt;&lt;p style=&quot;text-align:justify;margin:0in 0in 0pt;&quot; class=&quot;MsoNormal&quot;&gt;&lt;span style=&quot;font-family:&apos;Calibri&apos;,&apos;sans-serif&apos;;font-size:9pt;mso-fareast-font-family:&apos;Times New Roman&apos;;mso-ansi-language:EN-US;mso-fareast-language:EN-US;mso-bidi-language:AR-SA;mso-ascii-theme-font:minor-latin;mso-hansi-theme-font:minor-latin;mso-bidi-theme-font:minor-latin;&quot;&gt;The
 Sales Driver Assumption tab provides an example of how a driver, number
 of sales calls, could be derived from sales volume as well as other 
assumptions.&lt;span style=&quot;mso-spacerun:yes;&quot;&gt;&amp;nbsp; &lt;/span&gt;If you click on the
 f icon in the Sales Call cell (bottom left on the form), you can view 
the formula that calculates the derived value.&lt;span style=&quot;mso-spacerun:yes;&quot;&gt;&amp;nbsp; &lt;/span&gt;In this case, total units for the year for the computer equipment product line (P_TP1) is divided by the average order size.&lt;span style=&quot;mso-spacerun:yes;&quot;&gt;&amp;nbsp; &lt;/span&gt;The number of orders is then divided by the close percentage to determine the number of leads that must be generated.&lt;span style=&quot;mso-spacerun:yes;&quot;&gt;&amp;nbsp; &lt;/span&gt;This number is then multiplied by the percentage of leads that require an in-person visit.&lt;span style=&quot;mso-spacerun:yes;&quot;&gt;&amp;nbsp; &lt;/span&gt;Finally, his driver is used to derive certain travel and entertainment expenses.&lt;span style=&quot;mso-spacerun:yes;&quot;&gt;&amp;nbsp; &lt;/span&gt;If revenue changes, those expenses will be automatically recalculated.&lt;/span&gt;&lt;/p&gt;&lt;/span&gt;</Instructions>
</TaskItem>
 <TaskItem name="Headcount and Salary Plan" type="dataForm" pos="10040.0" Dependency="No" >
 <dataForm>Set Headcount and Salary Plan Assumptions</dataForm>
 <pageInfo>410</pageInfo>
 <Instructions>&lt;span style=&quot;font-family:&apos;Calibri&apos;,&apos;sans-serif&apos;;font-size:9pt;mso-ascii-theme-font:minor-latin;mso-hansi-theme-font:minor-latin;mso-bidi-theme-font:minor-latin;&quot;&gt;The
 Headcount and Salary Plan form calculates salaries and benefits 
expenses based on headcount, average salary, and employee benefits % 
drivers. When you change these drivers in the form, the salaries and 
expenses are automatically recalculated.&lt;/span&gt;</Instructions>
</TaskItem>
 <TaskItem name="Capital Expenditure Plan" type="dataForm" pos="10050.0" Dependency="No" >
 <dataForm>Set Capital Expenditure Plan Assumptions</dataForm>
 <pageInfo>410</pageInfo>
 <Instructions>&lt;span style=&quot;font-family:&apos;Calibri&apos;,&apos;sans-serif&apos;;font-size:9pt;mso-ascii-theme-font:minor-latin;mso-hansi-theme-font:minor-latin;mso-bidi-theme-font:minor-latin;&quot;&gt;The Capital Expenditure Plan form calculates depreciation for new capital assets by asset class and useful life.&lt;span style=&quot;mso-spacerun:yes;&quot;&gt;&amp;nbsp; &lt;/span&gt;In
 the Page dropdown in the top left, ensure International Sales is 
selected, then right-click on the blue cell for CapEx: Computers &amp;amp; 
Software for Feb and select Supporting Detail. Next, expand New Laptops 
by clicking the left arrow in the first column.&lt;span style=&quot;mso-spacerun:yes;&quot;&gt;&amp;nbsp; &lt;/span&gt;Notice
 the Supporting Detail shows the calculations that were used to 
calculate the number of new laptops. Supporting detail allows you to 
enter your own calculations below the account level in order to document
 plan details.&lt;span style=&quot;mso-spacerun:yes;&quot;&gt;&amp;nbsp; &lt;/span&gt;You can also attach documents or URLs to a data cell.&lt;/span&gt;</Instructions>
</TaskItem>
 <TaskItem name="Operating Expenses - Plan" type="dataForm" pos="10060.0" Dependency="No" >
 <dataForm>Adjust Plan Operating Expenses</dataForm>
 <Instructions>&lt;p style=&quot;text-align:justify;margin:0in 0in 0pt;&quot; class=&quot;MsoNormal&quot;&gt;&lt;span style=&quot;font-family:&apos;Calibri&apos;,&apos;sans-serif&apos;;font-size:9pt;mso-ascii-theme-font:minor-latin;mso-hansi-theme-font:minor-latin;mso-bidi-theme-font:minor-latin;&quot;&gt;The Operating Expense Plan form shows the calculation of expenses based on the drivers and rates for that account.&lt;span style=&quot;mso-spacerun:yes;&quot;&gt;&amp;nbsp; &lt;/span&gt;&lt;/span&gt;&lt;/p&gt;&lt;p style=&quot;text-align:justify;margin:0in 0in 0pt;&quot; class=&quot;MsoNormal&quot;&gt;&lt;span style=&quot;font-family:&apos;Calibri&apos;,&apos;sans-serif&apos;;font-size:9pt;mso-ascii-theme-font:minor-latin;mso-hansi-theme-font:minor-latin;mso-bidi-theme-font:minor-latin;&quot;&gt;&amp;nbsp;&lt;/span&gt;&lt;/p&gt;&lt;p style=&quot;text-align:justify;margin:0in 0in 0pt;&quot; class=&quot;MsoNormal&quot;&gt;&lt;span style=&quot;font-family:&apos;Calibri&apos;,&apos;sans-serif&apos;;font-size:9pt;mso-ascii-theme-font:minor-latin;mso-hansi-theme-font:minor-latin;mso-bidi-theme-font:minor-latin;&quot;&gt;The
 administrator selects the method to use to calculate the rate, (e.g., 
last year actual, current year plan, or current year forecast), a rate, 
such as percent of revenue or an inflation factor), and the driver.&lt;span style=&quot;mso-spacerun:yes;&quot;&gt;&amp;nbsp; &lt;/span&gt;To
 override or adjust these derived amounts, you can enter new values for 
the driver rates or you can simply change the values in the YearTotal 
column.&lt;span style=&quot;mso-spacerun:yes;&quot;&gt;&amp;nbsp; &lt;/span&gt;&lt;/span&gt;&lt;/p&gt;&lt;p style=&quot;text-align:justify;margin:0in 0in 0pt;&quot; class=&quot;MsoNormal&quot;&gt;&lt;span style=&quot;font-family:&apos;Calibri&apos;,&apos;sans-serif&apos;;font-size:9pt;mso-ascii-theme-font:minor-latin;mso-hansi-theme-font:minor-latin;mso-bidi-theme-font:minor-latin;&quot;&gt;&amp;nbsp;&lt;/span&gt;&lt;/p&gt;&lt;p style=&quot;text-align:justify;margin:0in 0in 0pt;&quot; class=&quot;MsoNormal&quot;&gt;&lt;span style=&quot;font-family:&apos;Calibri&apos;,&apos;sans-serif&apos;;font-size:9pt;mso-ascii-theme-font:minor-latin;mso-hansi-theme-font:minor-latin;mso-bidi-theme-font:minor-latin;&quot;&gt;The Revised Plan column is the sum of the original plan and the adjusted plan.&lt;span style=&quot;mso-spacerun:yes;&quot;&gt;&amp;nbsp; &lt;/span&gt;The
 Plan Adj % column shows the percentage difference of the adjusted plan 
from the original plan, and if the difference is significant, a data 
validation message will ask you to add a comment to justify your change.&lt;span style=&quot;mso-spacerun:yes;&quot;&gt;&amp;nbsp; &lt;/span&gt;To add or view comments, right-click and select Comments.&lt;span style=&quot;mso-spacerun:yes;&quot;&gt;&amp;nbsp; &lt;/span&gt;An existing comment will be indicated by a cell with a blue triangle in the upper-right corner.&lt;/span&gt;&lt;/p&gt;&lt;p style=&quot;text-align:justify;margin:0in 0in 0pt;&quot; class=&quot;MsoNormal&quot;&gt;&lt;span style=&quot;font-family:&apos;Calibri&apos;,&apos;sans-serif&apos;;font-size:9pt;mso-ascii-theme-font:minor-latin;mso-hansi-theme-font:minor-latin;mso-bidi-theme-font:minor-latin;&quot;&gt;&amp;nbsp;&lt;/span&gt;&lt;/p&gt;&lt;span style=&quot;font-family:&apos;Calibri&apos;,&apos;sans-serif&apos;;font-size:9pt;mso-fareast-font-family:&apos;Times New Roman&apos;;mso-ansi-language:EN-US;mso-fareast-language:EN-US;mso-bidi-language:AR-SA;mso-ascii-theme-font:minor-latin;mso-hansi-theme-font:minor-latin;mso-bidi-theme-font:minor-latin;&quot;&gt;The Operating Expenses Plan – History tab shows the historical data used to calculate driver rates.&lt;/span&gt;</Instructions>
</TaskItem>
 <TaskItem name="Income Statement and Target Variances" type="dataForm" pos="10070.0" Dependency="No" >
 <dataForm>Target Variances</dataForm>
 <Instructions>&lt;p style=&quot;text-align:justify;margin:0in 0in 0pt;&quot; class=&quot;MsoNormal&quot;&gt;&lt;span style=&quot;font-family:&apos;Calibri&apos;,&apos;sans-serif&apos;;font-size:9pt;mso-ascii-theme-font:minor-latin;mso-hansi-theme-font:minor-latin;mso-bidi-theme-font:minor-latin;&quot;&gt;The Income Statement combines all of the information from the various plan components.&lt;span style=&quot;mso-spacerun:yes;&quot;&gt;&amp;nbsp; &lt;/span&gt;To update the Income Statement, right-click and select Calculate Income Statement.&lt;/span&gt;&lt;/p&gt;</Instructions>
</TaskItem>
 <TaskItem name="Submit Plan" type="workFlow" pos="10080.0" Dependency="No" >
 <scenario>Plan</scenario>
 <version>Working</version>
 <Instructions>&lt;p style=&quot;text-align:justify;margin:0in 0in 0pt;&quot; class=&quot;MsoNormal&quot;&gt;&lt;span style=&quot;font-family:&apos;Calibri&apos;,&apos;sans-serif&apos;;font-size:9pt;mso-ascii-theme-font:minor-latin;mso-hansi-theme-font:minor-latin;mso-bidi-theme-font:minor-latin;&quot;&gt;In this task, you can submit plans to reviewers or approvers.&lt;span style=&quot;mso-spacerun:yes;&quot;&gt;&amp;nbsp; &lt;/span&gt;Planning units can be submitted individually or as a group, e.g., Sales.&lt;span style=&quot;mso-spacerun:yes;&quot;&gt;&amp;nbsp; &lt;/span&gt;To display the approval path, highlight the Sales row by clicking in the row and then click on the icon in the Path column.&lt;span style=&quot;mso-spacerun:yes;&quot;&gt;&amp;nbsp; &lt;/span&gt;The Sales regions are then submitted for approval to the Finance Management group.&lt;span style=&quot;mso-spacerun:yes;&quot;&gt;&amp;nbsp; &lt;/span&gt;&lt;/span&gt;&lt;/p&gt;&lt;p style=&quot;text-align:justify;margin:0in 0in 0pt;&quot; class=&quot;MsoNormal&quot;&gt;&lt;span style=&quot;font-family:&apos;Calibri&apos;,&apos;sans-serif&apos;;font-size:9pt;mso-ascii-theme-font:minor-latin;mso-hansi-theme-font:minor-latin;mso-bidi-theme-font:minor-latin;&quot;&gt;&amp;nbsp;&lt;/span&gt;&lt;/p&gt;&lt;span style=&quot;font-family:&apos;Calibri&apos;,&apos;sans-serif&apos;;font-size:9pt;mso-fareast-font-family:&apos;Times New Roman&apos;;mso-ansi-language:EN-US;mso-fareast-language:EN-US;mso-bidi-language:AR-SA;mso-ascii-theme-font:minor-latin;mso-hansi-theme-font:minor-latin;mso-bidi-theme-font:minor-latin;&quot;&gt;The Validate icon (located above the table) will indicate whether there are any conditions that need to be met, e.g., an additional level of approval, before you can submit the plan.&lt;span style=&quot;mso-spacerun:yes;&quot;&gt;&amp;nbsp; &lt;/span&gt;You can also add an annotation with comments on your plan.&lt;/span&gt;</Instructions>
</TaskItem>
 <TaskItem name="Other Tasks" type="descriptive" pos="10090.0" Dependency="No" >
 <TaskItem name="Other Operating Expenses" type="dataForm" pos="10000.0" Dependency="No" >
 <dataForm>Set Operating Expenses for Overhead Depts</dataForm>
 <pageInfo>710</pageInfo>
</TaskItem>
 <TaskItem name="Project Planning" type="dataForm" pos="10010.0" Dependency="No" >
 <dataForm>Set Project Assumptions</dataForm>
 <Instructions>This task shows how you can use different account methods to input data, e.g. for project planning, you can use date, text, Smart List, or numeric values including percentage, currency, and non-currency.</Instructions>
</TaskItem>
</TaskItem>
</TaskItem>
</TaskList>
