<?xml version="1.0" encoding="UTF-8" ?>
 <PlanningUnitHierarchy xmlns:xsi="http://www.w3.org/2001/XMLSchema-instance" >
 <PMDimension>
 <dimension>Entity Hierarchy Plan</dimension>
 <description></description>
 <defaultEnabledSetting>2</defaultEnabledSetting>
 <primaryAscendant>Total Entity</primaryAscendant>
 <defaultEnabledGens>1-4</defaultEnabledGens>
 <applyDefaultSettingOnMove>false</applyDefaultSettingOnMove>
 <pmRuleListId>1</pmRuleListId>
 <usedIn></usedIn>
 <extendedApprovalFlowType>SECONDARY</extendedApprovalFlowType>
 <phasedDependency>false</phasedDependency>
 <secondaryMembersApplyAt>-9</secondaryMembersApplyAt>
</PMDimension>
 <PMPrimaryMember>
 <dimension>Entity Hierarchy Plan</dimension>
 <primaryMember>Enterprise Global</primaryMember>
 <secondaryDim></secondaryDim>
 <secondaryAscendant></secondaryAscendant>
 <allowedSecondaryRelGens></allowedSecondaryRelGens>
 <autoEnabledByRelGen>false</autoEnabledByRelGen>
 <enabledForPM>false</enabledForPM>
</PMPrimaryMember>
 <PMSVDimBinding>
 <dimension>Entity Hierarchy Plan</dimension>
 <scenario>Forecast</scenario>
 <version>Working</version>
 <dpMember></dpMember>
</PMSVDimBinding>
 <PMSVDimBinding>
 <dimension>Entity Hierarchy Plan</dimension>
 <scenario>Plan</scenario>
 <version>Best Case</version>
 <dpMember></dpMember>
</PMSVDimBinding>
 <PMSVDimBinding>
 <dimension>Entity Hierarchy Plan</dimension>
 <scenario>Plan</scenario>
 <version>Most Likely</version>
 <dpMember></dpMember>
</PMSVDimBinding>
 <PMSVDimBinding>
 <dimension>Entity Hierarchy Plan</dimension>
 <scenario>Plan</scenario>
 <version>What If</version>
 <dpMember></dpMember>
</PMSVDimBinding>
 <PMSVDimBinding>
 <dimension>Entity Hierarchy Plan</dimension>
 <scenario>Plan</scenario>
 <version>Working</version>
 <dpMember></dpMember>
</PMSVDimBinding>
 <PMSVDimBinding>
 <dimension>Entity Hierarchy Plan</dimension>
 <scenario>Revised Plan</scenario>
 <version>Working</version>
 <dpMember></dpMember>
</PMSVDimBinding>
</PlanningUnitHierarchy>
