<?xml version="1.0" encoding="UTF-8" ?>
 <PlanningUnitHierarchy xmlns:xsi="http://www.w3.org/2001/XMLSchema-instance" >
 <PMDimension>
 <dimension>Entity Hierarchy Forecast</dimension>
 <description></description>
 <defaultEnabledSetting>2</defaultEnabledSetting>
 <primaryAscendant>Total Entity</primaryAscendant>
 <defaultEnabledGens>1-4</defaultEnabledGens>
 <applyDefaultSettingOnMove>false</applyDefaultSettingOnMove>
 <pmRuleListId>1</pmRuleListId>
 <usedIn></usedIn>
 <extendedApprovalFlowType>SECONDARY</extendedApprovalFlowType>
 <phasedDependency>false</phasedDependency>
 <secondaryMembersApplyAt>-9</secondaryMembersApplyAt>
</PMDimension>
 <PMPrimaryMember>
 <dimension>Entity Hierarchy Forecast</dimension>
 <primaryMember>403</primaryMember>
 <secondaryDim></secondaryDim>
 <secondaryAscendant></secondaryAscendant>
 <allowedSecondaryRelGens></allowedSecondaryRelGens>
 <autoEnabledByRelGen>false</autoEnabledByRelGen>
 <enabledForPM>true</enabledForPM>
</PMPrimaryMember>
 <PMPrimaryMember>
 <dimension>Entity Hierarchy Forecast</dimension>
 <primaryMember>Enterprise Global</primaryMember>
 <secondaryDim></secondaryDim>
 <secondaryAscendant></secondaryAscendant>
 <allowedSecondaryRelGens></allowedSecondaryRelGens>
 <autoEnabledByRelGen>false</autoEnabledByRelGen>
 <enabledForPM>false</enabledForPM>
</PMPrimaryMember>
 <PMPrimaryMember>
 <dimension>Entity Hierarchy Forecast</dimension>
 <primaryMember>TD</primaryMember>
 <secondaryDim></secondaryDim>
 <secondaryAscendant></secondaryAscendant>
 <allowedSecondaryRelGens></allowedSecondaryRelGens>
 <autoEnabledByRelGen>false</autoEnabledByRelGen>
 <enabledForPM>true</enabledForPM>
</PMPrimaryMember>
</PlanningUnitHierarchy>
