<?xml version="1.0" encoding="UTF-8"?>
<Package>
    <LOCALE>en_US</LOCALE>
    <User name="" password=""/>
    <Task>
        <Source type="Application" product="HUB" project="Foundation" application="Shared Services"/>
        <Target type="FileSystem" filePath="/HSS-Shared Services"/>
        <Artifact recursive="true" parentPath="/" pattern="*"/>
    </Task>
    <Task>
        <Source type="Application" product="HP" project="Default Application Group" application="Vision"/>
        <Target type="FileSystem" filePath="/HP-Vision"/>
        <Artifact recursive="true" parentPath="/" pattern="*"/>
    </Task>
    <Task>
        <Source type="Application" product="DOCREP" project="Default Application Group" application="Document Repository"/>
        <Target type="FileSystem" filePath="/DOCREP-Document Repository"/>
        <Artifact recursive="true" parentPath="/" pattern="*"/>
    </Task>
    <Task>
        <Source type="Application" product="CALC" project="Foundation" application="Calculation Manager"/>
        <Target type="FileSystem" filePath="/CALC-Calculation Manager"/>
        <Artifact recursive="true" parentPath="/" pattern="*"/>
    </Task>
    <Task>
        <Source type="Application" product="AIF" project="FDM" application="FDM Enterprise Edition"/>
        <Target type="FileSystem" filePath="/FDMEE-FDM Enterprise Edition"/>
        <Artifact recursive="true" parentPath="/" pattern="*"/>
    </Task>
</Package>
