<?xml version="1.0" encoding="UTF-8"?>
<Package>
    <LOCALE>en_US</LOCALE>
    <User name="" password=""/>
    <ExportedVersion>23.11.60</ExportedVersion>
    <ExportedDateUTC>20231129</ExportedDateUTC>
    <ExportedTimeUTC>08:19</ExportedTimeUTC>
    <ExportedBy>epm_default_cloud_admin</ExportedBy>
    <IDMDomain></IDMDomain>
    <ServiceInstance>phoenix229383</ServiceInstance>
    <Task>
        <Source type="FileSystem" filePath="/HSS-Shared Services"/>
        <Target type="Application" product="HUB" project="Foundation" application="Shared Services"/>
        <Artifact recursive="true" parentPath="/" pattern="*"/>
    </Task>
    <Task>
        <Source type="FileSystem" filePath="/HP-Vision"/>
        <Target type="Application" product="HP" project="Default Application Group" application="Vision"/>
        <Artifact recursive="true" parentPath="/" pattern="*"/>
    </Task>
    <Task>
        <Source type="FileSystem" filePath="/DOCREP-Document Repository"/>
        <Target type="Application" product="DOCREP" project="Default Application Group" application="Document Repository"/>
        <Artifact recursive="true" parentPath="/" pattern="*"/>
    </Task>
    <Task>
        <Source type="FileSystem" filePath="/CALC-Calculation Manager"/>
        <Target type="Application" product="CALC" project="Foundation" application="Calculation Manager"/>
        <Artifact recursive="true" parentPath="/" pattern="*"/>
    </Task>
    <Task>
        <Source type="FileSystem" filePath="/FDMEE-FDM Enterprise Edition"/>
        <Target type="Application" product="AIF" project="FDM" application="FDM Enterprise Edition"/>
        <Artifact recursive="true" parentPath="/" pattern="*"/>
    </Task>
</Package>
