<?xml version="1.0" encoding="UTF-8" ?>
 <menu xmlns:xsi="http://www.w3.org/2001/XMLSchema-instance" name="Allocate HR Expenses" >
 <menuItem name="Allocate HR Expenses" type="menuHeader" >
 <openInNewWindow>No</openInNewWindow>
 <menuItem name="Allocate HR Expenses" label="Allocate HR Expenses" type="busRule" >
 <busRule>HR Allocation</busRule>
 <cubeName>1</cubeName>
 <ruleType>graphical</ruleType>
 <rtpViewType>classic</rtpViewType>
 <windowTitle>Allocate HR Expenses</windowTitle>
 <okButtonLabel>LABEL_OK</okButtonLabel>
 <cancelButtonLabel>LABEL_CANCEL</cancelButtonLabel>
 <confirmLaunchMessage></confirmLaunchMessage>
 <hidePrompt>Yes</hidePrompt>
 <openInNewWindow>Yes</openInNewWindow>
</menuItem>
 <menuItem name="Clear HR Allocation" label="Clear HR Allocation" type="busRule" >
 <busRule>Clear HR Allocation</busRule>
 <cubeName>1</cubeName>
 <ruleType>graphical</ruleType>
 <rtpViewType>classic</rtpViewType>
 <windowTitle>Clear HR Allocation</windowTitle>
 <okButtonLabel>LABEL_OK</okButtonLabel>
 <cancelButtonLabel>LABEL_CANCEL</cancelButtonLabel>
 <confirmLaunchMessage></confirmLaunchMessage>
 <hidePrompt>Yes</hidePrompt>
 <openInNewWindow>Yes</openInNewWindow>
</menuItem>
</menuItem>
</menu>
