<?xml version="1.0" encoding="UTF-8" ?>
 <menu xmlns:xsi="http://www.w3.org/2001/XMLSchema-instance" name="Allocate Facilities" >
 <menuItem name="Allocate Facilities" type="menuHeader" >
 <openInNewWindow>No</openInNewWindow>
 <menuItem name="Allocate Facilities Expenses" label="Allocate Facilities Expenses" type="busRule" >
 <busRule>Facilities Allocation</busRule>
 <cubeName>1</cubeName>
 <ruleType>graphical</ruleType>
 <rtpViewType>classic</rtpViewType>
 <windowTitle>Allocate Facilities Expenses</windowTitle>
 <okButtonLabel>LABEL_OK</okButtonLabel>
 <cancelButtonLabel>LABEL_CANCEL</cancelButtonLabel>
 <confirmLaunchMessage></confirmLaunchMessage>
 <hidePrompt>Yes</hidePrompt>
 <openInNewWindow>Yes</openInNewWindow>
</menuItem>
 <menuItem name="Clear Facilities Allocation" label="Clear Facilities Allocation" type="busRule" >
 <busRule>Clear Facilities Allocation</busRule>
 <cubeName>1</cubeName>
 <ruleType>graphical</ruleType>
 <rtpViewType>classic</rtpViewType>
 <windowTitle>Clear Facilities Allocation</windowTitle>
 <okButtonLabel>LABEL_OK</okButtonLabel>
 <cancelButtonLabel>LABEL_CANCEL</cancelButtonLabel>
 <confirmLaunchMessage></confirmLaunchMessage>
 <hidePrompt>Yes</hidePrompt>
 <openInNewWindow>Yes</openInNewWindow>
</menuItem>
</menuItem>
</menu>
