<?xml version="1.0" encoding="UTF-8" ?>
 <menu xmlns:xsi="http://www.w3.org/2001/XMLSchema-instance" name="Calculate Fin Stmts Plan" >
 <menuItem name="Calculate Fin Stmts Plan" type="menuHeader" >
 <openInNewWindow>No</openInNewWindow>
 <menuItem name="Calculate Financial Statements" label="Calculate Financial Statements" type="busRule" >
 <busRule>Financial Statements - Plan</busRule>
 <cubeName>1</cubeName>
 <ruleType>sequence</ruleType>
 <rtpViewType>streamline</rtpViewType>
 <windowTitle>Calculate Financial Statements</windowTitle>
 <okButtonLabel>LABEL_OK</okButtonLabel>
 <cancelButtonLabel>LABEL_CANCEL</cancelButtonLabel>
 <confirmLaunchMessage></confirmLaunchMessage>
 <hidePrompt>No</hidePrompt>
 <openInNewWindow>Yes</openInNewWindow>
</menuItem>
</menuItem>
</menu>
