<?xml version="1.0" encoding="utf-8"?><artifactListing><resource name="Accum Deprec Template" id="Accum Deprec Template" type="Template" cloneOnly="false" size="0" path="/Planning/Vision/Plan1/Templates" pathAlias="/Planning/Vision/Plan1/Templates" modifiedBy="epm_default_cloud_admin" lastUpdated="1701235699666" description="" /><resource name="Balance Sheet Opening Balance Template" id="Balance Sheet Opening Balance Template" type="Template" cloneOnly="false" size="0" path="/Planning/Vision/Plan1/Templates" pathAlias="/Planning/Vision/Plan1/Templates" modifiedBy="epm_default_cloud_admin" lastUpdated="1701235699674" description="" /><resource name="Cash Flow Template" id="Cash Flow Template" type="Template" cloneOnly="false" size="0" path="/Planning/Vision/Plan1/Templates" pathAlias="/Planning/Vision/Plan1/Templates" modifiedBy="epm_default_cloud_admin" lastUpdated="1701235699682" description="" /><resource name="Derive Balance Sheet Accounts Template" id="Derive Balance Sheet Accounts Template" type="Template" cloneOnly="false" size="0" path="/Planning/Vision/Plan1/Templates" pathAlias="/Planning/Vision/Plan1/Templates" modifiedBy="epm_default_cloud_admin" lastUpdated="1701235699689" description="" /><resource name="Plug Balance Sheet Template" id="Plug Balance Sheet Template" type="Template" cloneOnly="false" size="0" path="/Planning/Vision/Plan1/Templates" pathAlias="/Planning/Vision/Plan1/Templates" modifiedBy="epm_default_cloud_admin" lastUpdated="1701235699699" description="" /><resource name="Retained Earnings Template" id="Retained Earnings Template" type="Template" cloneOnly="false" size="0" path="/Planning/Vision/Plan1/Templates" pathAlias="/Planning/Vision/Plan1/Templates" modifiedBy="epm_default_cloud_admin" lastUpdated="1701235699706" description="" /><resource name="Add Department" id="Add Department" type="Rule" cloneOnly="false" size="0" path="/Planning/Vision/Plan1/Rules" pathAlias="/Planning/Vision/Plan1/Rules" modifiedBy="epm_default_cloud_admin" lastUpdated="1701235697903" description="" /><resource name="Aggregate Strategic Plan Versions" id="Aggregate Strategic Plan Versions" type="Rule" cloneOnly="false" size="0" path="/Planning/Vision/Plan1/Rules" pathAlias="/Planning/Vision/Plan1/Rules" modifiedBy="epm_default_cloud_admin" lastUpdated="1701235697945" description="" /><resource name="Allocate Plan Targets" id="Allocate Plan Targets" type="Rule" cloneOnly="false" size="0" path="/Planning/Vision/Plan1/Rules" pathAlias="/Planning/Vision/Plan1/Rules" modifiedBy="epm_default_cloud_admin" lastUpdated="1701235697976" description="" /><resource name="Balance Sheet - Forecast" id="Balance Sheet - Forecast" type="Rule" cloneOnly="false" size="0" path="/Planning/Vision/Plan1/Rules" pathAlias="/Planning/Vision/Plan1/Rules" modifiedBy="epm_default_cloud_admin" lastUpdated="1701235699373" description="" /><resource name="Balance Sheet - Plan" id="Balance Sheet - Plan" type="Rule" cloneOnly="false" size="0" path="/Planning/Vision/Plan1/Rules" pathAlias="/Planning/Vision/Plan1/Rules" modifiedBy="epm_default_cloud_admin" lastUpdated="1701235699643" description="" /><resource name="Balance Sheet and Cash Flow - Actual" id="Balance Sheet and Cash Flow - Actual" type="Rule" cloneOnly="false" size="0" path="/Planning/Vision/Plan1/Rules" pathAlias="/Planning/Vision/Plan1/Rules" modifiedBy="epm_default_cloud_admin" lastUpdated="1701235698371" description="" /><resource name="Calc Actual for Prediction" id="Calc Actual for Prediction" type="Rule" cloneOnly="false" size="0" path="/Planning/Vision/Plan1/Rules" pathAlias="/Planning/Vision/Plan1/Rules" modifiedBy="epm_default_cloud_admin" lastUpdated="1701235698386" description="" /><resource name="Cash Flow - Forecast" id="Cash Flow - Forecast" type="Rule" cloneOnly="false" size="0" path="/Planning/Vision/Plan1/Rules" pathAlias="/Planning/Vision/Plan1/Rules" modifiedBy="epm_default_cloud_admin" lastUpdated="1701235699386" description="" /><resource name="Cash Flow - Plan" id="Cash Flow - Plan" type="Rule" cloneOnly="false" size="0" path="/Planning/Vision/Plan1/Rules" pathAlias="/Planning/Vision/Plan1/Rules" modifiedBy="epm_default_cloud_admin" lastUpdated="1701235699650" description="" /><resource name="Clear Data" id="Clear Data" type="Rule" cloneOnly="false" size="0" path="/Planning/Vision/Plan1/Rules" pathAlias="/Planning/Vision/Plan1/Rules" modifiedBy="epm_default_cloud_admin" lastUpdated="1701235698481" description="" /><resource name="Clear Facilities Allocation" id="Clear Facilities Allocation" type="Rule" cloneOnly="false" size="0" path="/Planning/Vision/Plan1/Rules" pathAlias="/Planning/Vision/Plan1/Rules" modifiedBy="epm_default_cloud_admin" lastUpdated="1701235698502" description="" /><resource name="Clear GL Data" id="Clear GL Data" type="Rule" cloneOnly="false" size="0" path="/Planning/Vision/Plan1/Rules" pathAlias="/Planning/Vision/Plan1/Rules" modifiedBy="epm_default_cloud_admin" lastUpdated="1701235698517" description="" /><resource name="Clear HR Allocation" id="Clear HR Allocation" type="Rule" cloneOnly="false" size="0" path="/Planning/Vision/Plan1/Rules" pathAlias="/Planning/Vision/Plan1/Rules" modifiedBy="epm_default_cloud_admin" lastUpdated="1701235698536" description="" /><resource name="Clear Plan Targets" id="Clear Plan Targets" type="Rule" cloneOnly="false" size="0" path="/Planning/Vision/Plan1/Rules" pathAlias="/Planning/Vision/Plan1/Rules" modifiedBy="epm_default_cloud_admin" lastUpdated="1701235698549" description="" /><resource name="Clear What If" id="Clear What If" type="Rule" cloneOnly="false" size="0" path="/Planning/Vision/Plan1/Rules" pathAlias="/Planning/Vision/Plan1/Rules" modifiedBy="epm_default_cloud_admin" lastUpdated="1701235698563" description="" /><resource name="Copy Channel" id="Copy Channel" type="Rule" cloneOnly="false" size="0" path="/Planning/Vision/Plan1/Rules" pathAlias="/Planning/Vision/Plan1/Rules" modifiedBy="epm_default_cloud_admin" lastUpdated="1701235699743" description="" /><resource name="Create Forecast" id="Create Forecast" type="Rule" cloneOnly="false" size="0" path="/Planning/Vision/Plan1/Rules" pathAlias="/Planning/Vision/Plan1/Rules" modifiedBy="epm_default_cloud_admin" lastUpdated="1701235698606" description="" /><resource name="Facilities Allocation" id="Facilities Allocation" type="Rule" cloneOnly="false" size="0" path="/Planning/Vision/Plan1/Rules" pathAlias="/Planning/Vision/Plan1/Rules" modifiedBy="epm_default_cloud_admin" lastUpdated="1701235698628" description="" /><resource name="HR Allocation" id="HR Allocation" type="Rule" cloneOnly="false" size="0" path="/Planning/Vision/Plan1/Rules" pathAlias="/Planning/Vision/Plan1/Rules" modifiedBy="epm_default_cloud_admin" lastUpdated="1701235698648" description="" /><resource name="Income Statement - Actual" id="Income Statement - Actual" type="Rule" cloneOnly="false" size="0" path="/Planning/Vision/Plan1/Rules" pathAlias="/Planning/Vision/Plan1/Rules" modifiedBy="epm_default_cloud_admin" lastUpdated="1701235698662" description="" /><resource name="Income Statement - Forecast" id="Income Statement - Forecast" type="Rule" cloneOnly="false" size="0" path="/Planning/Vision/Plan1/Rules" pathAlias="/Planning/Vision/Plan1/Rules" modifiedBy="epm_default_cloud_admin" lastUpdated="1701235699394" description="" /><resource name="Income Statement - Plan" id="Income Statement - Plan" type="Rule" cloneOnly="false" size="0" path="/Planning/Vision/Plan1/Rules" pathAlias="/Planning/Vision/Plan1/Rules" modifiedBy="epm_default_cloud_admin" lastUpdated="1701235699655" description="" /><resource name="Income Statement - Plan PY" id="Income Statement - Plan PY" type="Rule" cloneOnly="false" size="0" path="/Planning/Vision/Plan1/Rules" pathAlias="/Planning/Vision/Plan1/Rules" modifiedBy="epm_default_cloud_admin" lastUpdated="1701235698709" description="" /><resource name="Operating Expense Adj Plan" id="Operating Expense Adj Plan" type="Rule" cloneOnly="false" size="0" path="/Planning/Vision/Plan1/Rules" pathAlias="/Planning/Vision/Plan1/Rules" modifiedBy="epm_default_cloud_admin" lastUpdated="1701235699141" description="" /><resource name="Operating Expenses Forecast" id="Operating Expenses Forecast" type="Rule" cloneOnly="false" size="0" path="/Planning/Vision/Plan1/Rules" pathAlias="/Planning/Vision/Plan1/Rules" modifiedBy="epm_default_cloud_admin" lastUpdated="1701235698901" description="" /><resource name="Operating Expenses Plan" id="Operating Expenses Plan" type="Rule" cloneOnly="false" size="0" path="/Planning/Vision/Plan1/Rules" pathAlias="/Planning/Vision/Plan1/Rules" modifiedBy="epm_default_cloud_admin" lastUpdated="1701235699146" description="" /><resource name="Operating Expenses Set Driver" id="Operating Expenses Set Driver" type="Rule" cloneOnly="false" size="0" path="/Planning/Vision/Plan1/Rules" pathAlias="/Planning/Vision/Plan1/Rules" modifiedBy="epm_default_cloud_admin" lastUpdated="1701235698939" description="" /><resource name="Revenue Forecast" id="Revenue Forecast" type="Rule" cloneOnly="false" size="0" path="/Planning/Vision/Plan1/Rules" pathAlias="/Planning/Vision/Plan1/Rules" modifiedBy="epm_default_cloud_admin" lastUpdated="1701235698964" description="" /><resource name="Revenue Plan" id="Revenue Plan" type="Rule" cloneOnly="false" size="0" path="/Planning/Vision/Plan1/Rules" pathAlias="/Planning/Vision/Plan1/Rules" modifiedBy="epm_default_cloud_admin" lastUpdated="1701235699748" description="" /><resource name="Services Revenue" id="Services Revenue" type="Rule" cloneOnly="false" size="0" path="/Planning/Vision/Plan1/Rules" pathAlias="/Planning/Vision/Plan1/Rules" modifiedBy="epm_default_cloud_admin" lastUpdated="1701235699012" description="" /><resource name="Services Revenue - Forecast" id="Services Revenue - Forecast" type="Rule" cloneOnly="false" size="0" path="/Planning/Vision/Plan1/Rules" pathAlias="/Planning/Vision/Plan1/Rules" modifiedBy="epm_default_cloud_admin" lastUpdated="1701235699033" description="" /><resource name="Calculate Plan Operating Expenses" id="Calculate Plan Operating Expenses" type="RuleSet" cloneOnly="false" size="0" path="/Planning/Vision/RuleSets" pathAlias="/Planning/Vision/RuleSets" modifiedBy="epm_default_cloud_admin" lastUpdated="1701235699153" description="" /><resource name="Financial Statements - Forecast" id="Financial Statements - Forecast" type="RuleSet" cloneOnly="false" size="0" path="/Planning/Vision/RuleSets" pathAlias="/Planning/Vision/RuleSets" modifiedBy="epm_default_cloud_admin" lastUpdated="1701235699404" description="" /><resource name="Financial Statements - Plan" id="Financial Statements - Plan" type="RuleSet" cloneOnly="false" size="0" path="/Planning/Vision/RuleSets" pathAlias="/Planning/Vision/RuleSets" modifiedBy="epm_default_cloud_admin" lastUpdated="1701235699662" description="" /><resource name="Revenue Plan" id="Revenue Plan" type="RuleSet" cloneOnly="false" size="0" path="/Planning/Vision/RuleSets" pathAlias="/Planning/Vision/RuleSets" modifiedBy="epm_default_cloud_admin" lastUpdated="1701235699754" description="" /><folder name="Planning" type="Folder" size="" id="" path="/Planning" pathAlias="/Planning" modifiedBy="" lastUpdated="" description="" /><folder name="Vision" type="Folder" size="" id="" path="/Planning/Vision" pathAlias="/Planning/Vision" modifiedBy="" lastUpdated="" description="" /><folder name="RuleSets" type="Folder" size="" id="" path="/Planning/Vision/RuleSets" pathAlias="/Planning/Vision/RuleSets" modifiedBy="" lastUpdated="" description="" /><folder name="Plan1" type="Folder" size="" id="" path="/Planning/Vision/Plan1" pathAlias="/Planning/Vision/Plan1" modifiedBy="" lastUpdated="" description="" /><folder name="Rules" type="Folder" size="" id="" path="/Planning/Vision/Plan1/Rules" pathAlias="/Planning/Vision/Plan1/Rules" modifiedBy="" lastUpdated="" description="" /><folder name="Formulas" type="Folder" size="" id="" path="/Planning/Vision/Plan1/Formulas" pathAlias="/Planning/Vision/Plan1/Formulas" modifiedBy="" lastUpdated="" description="" /><folder name="Scripts" type="Folder" size="" id="" path="/Planning/Vision/Plan1/Scripts" pathAlias="/Planning/Vision/Plan1/Scripts" modifiedBy="" lastUpdated="" description="" /><folder name="Templates" type="Folder" size="" id="" path="/Planning/Vision/Plan1/Templates" pathAlias="/Planning/Vision/Plan1/Templates" modifiedBy="" lastUpdated="" description="" /><folder name="Plan2" type="Folder" size="" id="" path="/Planning/Vision/Plan2" pathAlias="/Planning/Vision/Plan2" modifiedBy="" lastUpdated="" description="" /><folder name="Rules" type="Folder" size="" id="" path="/Planning/Vision/Plan2/Rules" pathAlias="/Planning/Vision/Plan2/Rules" modifiedBy="" lastUpdated="" description="" /><folder name="Formulas" type="Folder" size="" id="" path="/Planning/Vision/Plan2/Formulas" pathAlias="/Planning/Vision/Plan2/Formulas" modifiedBy="" lastUpdated="" description="" /><folder name="Scripts" type="Folder" size="" id="" path="/Planning/Vision/Plan2/Scripts" pathAlias="/Planning/Vision/Plan2/Scripts" modifiedBy="" lastUpdated="" description="" /><folder name="Templates" type="Folder" size="" id="" path="/Planning/Vision/Plan2/Templates" pathAlias="/Planning/Vision/Plan2/Templates" modifiedBy="" lastUpdated="" description="" /><folder name="Plan3" type="Folder" size="" id="" path="/Planning/Vision/Plan3" pathAlias="/Planning/Vision/Plan3" modifiedBy="" lastUpdated="" description="" /><folder name="Rules" type="Folder" size="" id="" path="/Planning/Vision/Plan3/Rules" pathAlias="/Planning/Vision/Plan3/Rules" modifiedBy="" lastUpdated="" description="" /><folder name="Formulas" type="Folder" size="" id="" path="/Planning/Vision/Plan3/Formulas" pathAlias="/Planning/Vision/Plan3/Formulas" modifiedBy="" lastUpdated="" description="" /><folder name="Scripts" type="Folder" size="" id="" path="/Planning/Vision/Plan3/Scripts" pathAlias="/Planning/Vision/Plan3/Scripts" modifiedBy="" lastUpdated="" description="" /><folder name="Templates" type="Folder" size="" id="" path="/Planning/Vision/Plan3/Templates" pathAlias="/Planning/Vision/Plan3/Templates" modifiedBy="" lastUpdated="" description="" /><folder name="VisASO" type="Folder" size="" id="" path="/Planning/Vision/VisASO" pathAlias="/Planning/Vision/VisASO" modifiedBy="" lastUpdated="" description="" /><folder name="Rules" type="Folder" size="" id="" path="/Planning/Vision/VisASO/Rules" pathAlias="/Planning/Vision/VisASO/Rules" modifiedBy="" lastUpdated="" description="" /><folder name="Formulas" type="Folder" size="" id="" path="/Planning/Vision/VisASO/Formulas" pathAlias="/Planning/Vision/VisASO/Formulas" modifiedBy="" lastUpdated="" description="" /><folder name="Vis1ASO" type="Folder" size="" id="" path="/Planning/Vision/Vis1ASO" pathAlias="/Planning/Vision/Vis1ASO" modifiedBy="" lastUpdated="" description="" /><folder name="Rules" type="Folder" size="" id="" path="/Planning/Vision/Vis1ASO/Rules" pathAlias="/Planning/Vision/Vis1ASO/Rules" modifiedBy="" lastUpdated="" description="" /><folder name="Formulas" type="Folder" size="" id="" path="/Planning/Vision/Vis1ASO/Formulas" pathAlias="/Planning/Vision/Vis1ASO/Formulas" modifiedBy="" lastUpdated="" description="" /></artifactListing>