<?xml version="1.0" encoding="UTF-8" ?>
 <form xmlns:xsi="http://www.w3.org/2001/XMLSchema-instance" options2="0" suppressMissingRowsNative="false" enableOffline="false" smartForm="false" hide="false" disableSpreading="false" suppressZero="false" calcOnAutoSubmit="false" enableCubeView="false" repeatMemberLabels="false" suppressInvalidScenarioTPs="false" disableSheetProtection="false" planType="1" dir="Forms/Plan" autoSubmit="false" readOnly="true" enableFlexForm="false" nativeSuppressMissingRowsOfSmartPush="false" runSmartPushAsynchronously="false" globalAssumptions="false" disableFormatting="false" name="Plan vs Target" >
 <query>
 <columns width="100" >
 <segment>
 <dimension displayMemberFormulaDesc="false" name="Version" allowFlexibleDefinition="false" displayAlias="false" applyToAllDim="false" displayMemberFormula="false" dimWidth="0" hide="false" showQualifiedName="never" drillOnSharedMbrs="false" displayName="true" expand="false" displayConsolidationOperators="false" showCurrency="false" >
 <member name="&amp;CurVersion" selectionType="Auto" />
</dimension>
 <dimension displayMemberFormulaDesc="false" name="Scenario" allowFlexibleDefinition="false" displayAlias="false" applyToAllDim="false" displayMemberFormula="false" dimWidth="0" hide="true" showQualifiedName="never" drillOnSharedMbrs="false" displayName="true" expand="false" displayConsolidationOperators="false" showCurrency="false" >
 <member name="Revised Plan" selectionType="Auto" />
</dimension>
</segment>
 <segment>
 <dimension displayMemberFormulaDesc="false" name="Version" allowFlexibleDefinition="false" displayAlias="false" applyToAllDim="false" displayMemberFormula="false" dimWidth="0" hide="false" showQualifiedName="never" drillOnSharedMbrs="false" displayName="true" expand="false" displayConsolidationOperators="false" showCurrency="false" >
 <member name="Target" selectionType="Auto" />
</dimension>
 <dimension displayMemberFormulaDesc="false" name="Scenario" allowFlexibleDefinition="false" displayAlias="false" applyToAllDim="false" displayMemberFormula="false" dimWidth="0" hide="true" showQualifiedName="never" drillOnSharedMbrs="false" displayName="true" expand="false" displayConsolidationOperators="false" showCurrency="false" >
 <member name="Plan" selectionType="Auto" />
</dimension>
</segment>
 <segment>
 <dimension displayMemberFormulaDesc="false" name="Version" allowFlexibleDefinition="false" displayAlias="false" applyToAllDim="false" displayMemberFormula="false" dimWidth="0" hide="false" showQualifiedName="never" drillOnSharedMbrs="false" displayName="true" expand="false" displayConsolidationOperators="false" showCurrency="false" >
 <formula ordinal="1.0" dataType="1" label="Target Variance" formulaValue="Variance([A],[B])" />
</dimension>
 <dimension displayMemberFormulaDesc="false" name="Scenario" allowFlexibleDefinition="false" displayAlias="false" applyToAllDim="false" displayMemberFormula="false" dimWidth="0" hide="true" showQualifiedName="never" drillOnSharedMbrs="false" displayName="true" expand="false" displayConsolidationOperators="false" showCurrency="false" >
 <formula ordinal="2.0" dataType="1" label="Plan" formulaValue="Variance([A],[B])" />
</dimension>
</segment>
 <segment>
 <dimension displayMemberFormulaDesc="false" name="Version" allowFlexibleDefinition="false" displayAlias="false" applyToAllDim="false" displayMemberFormula="false" dimWidth="0" hide="false" showQualifiedName="never" drillOnSharedMbrs="false" displayName="true" expand="false" displayConsolidationOperators="false" showCurrency="false" >
 <formula ordinal="1.0" dataType="3" label="Target Variance %" formulaValue="VariancePercent([A],[B])" />
</dimension>
 <dimension displayMemberFormulaDesc="false" name="Scenario" allowFlexibleDefinition="false" displayAlias="false" applyToAllDim="false" displayMemberFormula="false" dimWidth="0" hide="true" showQualifiedName="never" drillOnSharedMbrs="false" displayName="true" expand="false" displayConsolidationOperators="false" showCurrency="false" >
 <formula ordinal="2.0" dataType="3" label="Plan" formulaValue="VariancePercent([A],[B])" />
</dimension>
</segment>
</columns>
 <rows height="22" suppressMissingBlocks="true" suppressMissing="true" >
 <segment>
 <dimension displayMemberFormulaDesc="false" name="Account" allowFlexibleDefinition="false" displayAlias="true" applyToAllDim="false" displayMemberFormula="false" dimWidth="0" hide="false" enableDropdown="false" showQualifiedName="never" drillOnSharedMbrs="false" displayName="false" expand="false" displayConsolidationOperators="false" showCurrency="false" >
 <function name="Children" offset="0" >
 <member name="GP" selectionType="Auto" />
</function>
</dimension>
</segment>
 <segment>
 <dimension displayMemberFormulaDesc="false" name="Account" allowFlexibleDefinition="false" displayAlias="true" applyToAllDim="false" displayMemberFormula="false" dimWidth="0" hide="false" enableDropdown="false" showQualifiedName="never" drillOnSharedMbrs="false" displayName="false" expand="false" displayConsolidationOperators="false" showCurrency="false" >
 <member name="GP" selectionType="Auto" />
</dimension>
</segment>
 <segment>
 <dimension displayMemberFormulaDesc="false" name="Account" allowFlexibleDefinition="false" displayAlias="true" applyToAllDim="false" displayMemberFormula="false" dimWidth="0" hide="false" enableDropdown="false" showQualifiedName="never" drillOnSharedMbrs="false" displayName="false" expand="false" displayConsolidationOperators="false" showCurrency="false" >
 <member name="OpEx" selectionType="Auto" />
</dimension>
</segment>
 <segment>
 <dimension displayMemberFormulaDesc="false" name="Account" allowFlexibleDefinition="false" displayAlias="true" applyToAllDim="false" displayMemberFormula="false" dimWidth="0" hide="false" enableDropdown="false" showQualifiedName="never" drillOnSharedMbrs="false" displayName="false" expand="false" displayConsolidationOperators="false" showCurrency="false" >
 <member name="0002" selectionType="Auto" />
</dimension>
</segment>
</rows>
 <pages>
 <segment>
 <dimension displayMemberFormulaDesc="false" name="Entity" allowFlexibleDefinition="false" displayAlias="true" applyToAllDim="false" displayMemberFormula="false" dimWidth="0" hide="true" showQualifiedName="never" drillOnSharedMbrs="false" displayName="false" displayConsolidationOperators="false" showCurrency="false" >
 <function include="true" name="Descendants" offset="0" >
 <member name="&amp;Entity View" selectionType="Auto" />
</function>
</dimension>
</segment>
</pages>
 <pov enableDynamicUVs="true" dynamicUVs="Entity View" >
 <dynamicUV>Entity View</dynamicUV>
 <dimension displayMemberFormulaDesc="false" name="HSP_View" allowFlexibleDefinition="false" displayAlias="true" applyToAllDim="true" displayMemberFormula="false" dimWidth="0" hide="true" showQualifiedName="never" drillOnSharedMbrs="false" displayName="false" displayConsolidationOperators="false" showCurrency="false" >
 <member name="BaseData" selectionType="Auto" visible="true" />
</dimension>
 <dimension displayMemberFormulaDesc="false" name="Product" allowFlexibleDefinition="false" displayAlias="true" applyToAllDim="true" displayMemberFormula="false" dimWidth="0" hide="true" showQualifiedName="never" drillOnSharedMbrs="false" displayName="false" displayConsolidationOperators="false" showCurrency="false" >
 <member name="P_TP" selectionType="Auto" visible="true" />
</dimension>
 <dimension displayMemberFormulaDesc="false" name="Period" allowFlexibleDefinition="false" displayAlias="true" applyToAllDim="true" displayMemberFormula="false" dimWidth="0" hide="true" showQualifiedName="never" drillOnSharedMbrs="false" displayName="false" displayConsolidationOperators="false" showCurrency="false" >
 <member name="YearTotal" selectionType="Auto" visible="true" />
</dimension>
 <dimension displayMemberFormulaDesc="false" name="Year" allowFlexibleDefinition="false" displayAlias="true" applyToAllDim="true" displayMemberFormula="false" dimWidth="0" hide="true" showQualifiedName="never" drillOnSharedMbrs="false" displayName="false" displayConsolidationOperators="false" showCurrency="false" >
 <member name="&amp;NextYear" selectionType="Auto" visible="true" />
</dimension>
</pov>
</query>
 <businessRules>
 <businessRule calcType="3" name="DEFAULT" planType="1" />
</businessRules>
 <displayOptions>
 <precision useCurrencyPrecision="false" nonCurrencyMax="0" nonCurrencyMin="0" currencyMax="0" percentageMax="1" currencyMin="0" percentageMin="1" />
 <display multiCurrency="false" enableMassAllocation="false" enableGridSpread="true" hideSaveConfirmMessage="false" accountAnnotation="false" enableAdHoc="false" poundMissing="true" enableAttributeDisplay="false" enableCellAttach="true" />
 <printOptions>
 <pageSettings pageSize="A4" orientation="0" font="" fontSize="8" rowHeaderPercentage="35" numDataCols="10" />
 <format supportingDetails="false" applyPrecision="false" repeatHeaders="true" reverseSupport="false" formatData="true" />
 <printDisplay currency="true" shading="true" cellNotes="false" attribute="true" accountAnnotation="true" />
</printOptions>
 <smartViewOptions enableForSmartSlice="false" enableOfflineUsage="false" />
</displayOptions>
 <dataValidationRules>
 <dataValidationRule position="1" name="Variance" enabled="true" description="" rowLocation="-1.0" colLocation="1.0" >
 <dataValidationCond toolTip="" groupOpenNestingLevel="0" operator="1" displayMessageInDVPane="true" honorPmRules="false" negate="false" groupCloseNestingLevel="0" position="1" styleId="0" type="1" bgColor="" Valid="true" logicalOperator="0" >
 <compareValue type="1" value="" >
</compareValue>
 <compareToValue type="7" value="-0.1" >
</compareToValue>
</dataValidationCond>
 <dataValidationCond toolTip="Your plan has a negative variance from target of more than 10%. " groupOpenNestingLevel="0" operator="0" displayMessageInDVPane="true" honorPmRules="false" negate="false" groupCloseNestingLevel="0" position="2" styleId="0" type="5" bgColor="16032864" Valid="true" logicalOperator="0" >
 <compareValue type="6" value="" >
</compareValue>
 <compareToValue type="0" value="" >
</compareToValue>
</dataValidationCond>
</dataValidationRule>
 <dataValidationRule position="1" name="Variance" enabled="true" description="" rowLocation="-1.0" colLocation="4.0" >
 <dataValidationCond toolTip="" groupOpenNestingLevel="0" operator="1" displayMessageInDVPane="true" honorPmRules="false" negate="false" groupCloseNestingLevel="0" position="1" styleId="0" type="1" bgColor="" Valid="true" logicalOperator="0" >
 <compareValue type="1" value="" >
</compareValue>
 <compareToValue type="7" value="-0.1" >
</compareToValue>
</dataValidationCond>
 <dataValidationCond toolTip="Your plan has a negative variance from target of more than 10%. " groupOpenNestingLevel="0" operator="0" displayMessageInDVPane="true" honorPmRules="false" negate="false" groupCloseNestingLevel="0" position="2" styleId="0" type="5" bgColor="16753920" Valid="true" logicalOperator="0" >
 <compareValue type="6" value="" >
</compareValue>
 <compareToValue type="0" value="" >
</compareToValue>
</dataValidationCond>
</dataValidationRule>
 <dataValidationRulesOptions>
 <RunValidationsAsLoggedInUser>true</RunValidationsAsLoggedInUser>
 <ValidateOnlyForPagesWithBlocks>true</ValidateOnlyForPagesWithBlocks>
 <ValidateOnlyForUsersWithAccessToForm>true</ValidateOnlyForUsersWithAccessToForm>
 <ReplaceUserVarWithPuMember>false</ReplaceUserVarWithPuMember>
 <LoopOverEveryPossiblePuUserVarValue>false</LoopOverEveryPossiblePuUserVarValue>
</dataValidationRulesOptions>
</dataValidationRules>
 <formFormattings>
</formFormattings>
 <smartpush>
</smartpush>
</form>
