<?xml version="1.0" encoding="UTF-8" ?>
 <form xmlns:xsi="http://www.w3.org/2001/XMLSchema-instance" options2="0" suppressMissingRowsNative="false" enableOffline="false" smartForm="false" hide="false" disableSpreading="false" suppressZero="false" calcOnAutoSubmit="true" enableCubeView="false" repeatMemberLabels="false" suppressInvalidScenarioTPs="false" disableSheetProtection="false" planType="1" dir="Forms/Plan" autoSubmit="true" readOnly="false" enableFlexForm="false" nativeSuppressMissingRowsOfSmartPush="false" runSmartPushAsynchronously="false" globalAssumptions="false" disableFormatting="false" name="Set Services Revenue Assumptions" >
 <query>
 <columns width="0" >
 <segment>
 <dimension displayMemberFormulaDesc="false" name="Period" allowFlexibleDefinition="false" displayAlias="true" applyToAllDim="false" displayMemberFormula="false" dimWidth="0" hide="false" showQualifiedName="never" drillOnSharedMbrs="false" displayName="false" expand="false" displayConsolidationOperators="false" showCurrency="false" >
 <member name="BegBalance" selectionType="Auto" />
</dimension>
 <dimension displayMemberFormulaDesc="false" name="Version" allowFlexibleDefinition="false" displayAlias="false" applyToAllDim="false" displayMemberFormula="false" dimWidth="0" hide="false" showQualifiedName="never" drillOnSharedMbrs="false" displayName="true" expand="true" displayConsolidationOperators="false" showCurrency="false" >
 <member name="Pct" selectionType="Auto" />
</dimension>
</segment>
 <segment readOnly="true" >
 <dimension displayMemberFormulaDesc="false" name="Period" allowFlexibleDefinition="false" displayAlias="true" applyToAllDim="false" displayMemberFormula="false" dimWidth="0" hide="false" showQualifiedName="never" drillOnSharedMbrs="false" displayName="false" expand="false" displayConsolidationOperators="false" showCurrency="false" >
 <function name="Descendants" offset="0" >
 <member name="YearTotal" selectionType="Auto" />
</function>
</dimension>
 <dimension displayMemberFormulaDesc="false" name="Version" allowFlexibleDefinition="false" displayAlias="false" applyToAllDim="false" displayMemberFormula="false" dimWidth="0" hide="false" showQualifiedName="never" drillOnSharedMbrs="false" displayName="true" expand="true" displayConsolidationOperators="false" showCurrency="false" >
 <member name="&amp;Version View" selectionType="Auto" />
</dimension>
</segment>
 <segment>
 <dimension displayMemberFormulaDesc="false" name="Period" allowFlexibleDefinition="false" displayAlias="true" applyToAllDim="false" displayMemberFormula="false" dimWidth="0" hide="false" showQualifiedName="never" drillOnSharedMbrs="false" displayName="false" expand="false" displayConsolidationOperators="false" showCurrency="false" >
 <member name="YearTotal" selectionType="Auto" />
</dimension>
 <dimension displayMemberFormulaDesc="false" name="Version" allowFlexibleDefinition="false" displayAlias="false" applyToAllDim="false" displayMemberFormula="false" dimWidth="0" hide="false" showQualifiedName="never" drillOnSharedMbrs="false" displayName="true" expand="true" displayConsolidationOperators="false" showCurrency="false" >
 <member name="&amp;Version View" selectionType="Auto" />
</dimension>
</segment>
</columns>
 <rows height="22" >
 <segment showSeparator="true" >
 <dimension displayMemberFormulaDesc="false" name="Product" allowFlexibleDefinition="false" displayAlias="true" applyToAllDim="false" displayMemberFormula="false" dimWidth="0" hide="false" enableDropdown="false" showQualifiedName="never" drillOnSharedMbrs="false" displayName="false" expand="true" displayConsolidationOperators="false" showCurrency="false" >
 <member name="P_TP1" selectionType="Auto" />
</dimension>
 <dimension displayMemberFormulaDesc="false" name="Account" allowFlexibleDefinition="false" displayAlias="true" applyToAllDim="false" displayMemberFormula="false" dimWidth="0" hide="false" enableDropdown="false" showQualifiedName="never" drillOnSharedMbrs="false" displayName="false" expand="true" displayConsolidationOperators="false" showCurrency="false" >
 <member name="Units" selectionType="Auto" />
 <member name="Average Price" selectionType="Auto" />
 <member name="4001" selectionType="Auto" />
</dimension>
</segment>
 <segment>
 <dimension displayMemberFormulaDesc="false" name="Product" allowFlexibleDefinition="false" displayAlias="true" applyToAllDim="false" displayMemberFormula="false" dimWidth="0" hide="false" enableDropdown="false" showQualifiedName="never" drillOnSharedMbrs="false" displayName="false" expand="true" displayConsolidationOperators="false" showCurrency="false" >
 <member name="P_293" selectionType="Auto" />
</dimension>
 <dimension displayMemberFormulaDesc="false" name="Account" allowFlexibleDefinition="false" displayAlias="true" applyToAllDim="false" displayMemberFormula="false" dimWidth="0" hide="false" enableDropdown="false" showQualifiedName="never" drillOnSharedMbrs="false" displayName="false" expand="true" displayConsolidationOperators="false" showCurrency="false" >
 <member name="4120" selectionType="Auto" />
</dimension>
</segment>
 <segment>
 <dimension displayMemberFormulaDesc="false" name="Product" allowFlexibleDefinition="false" displayAlias="true" applyToAllDim="false" displayMemberFormula="false" dimWidth="0" hide="false" enableDropdown="false" showQualifiedName="never" drillOnSharedMbrs="false" displayName="false" expand="true" displayConsolidationOperators="false" showCurrency="false" >
 <member name="P_294" selectionType="Auto" />
</dimension>
 <dimension displayMemberFormulaDesc="false" name="Account" allowFlexibleDefinition="false" displayAlias="true" applyToAllDim="false" displayMemberFormula="false" dimWidth="0" hide="false" enableDropdown="false" showQualifiedName="never" drillOnSharedMbrs="false" displayName="false" expand="true" displayConsolidationOperators="false" showCurrency="false" >
 <member name="4130" selectionType="Auto" />
</dimension>
</segment>
 <segment>
 <dimension displayMemberFormulaDesc="false" name="Product" allowFlexibleDefinition="false" displayAlias="true" applyToAllDim="false" displayMemberFormula="false" dimWidth="0" hide="false" enableDropdown="false" showQualifiedName="never" drillOnSharedMbrs="false" displayName="false" expand="true" displayConsolidationOperators="false" showCurrency="false" >
 <member name="P_291" selectionType="Auto" />
</dimension>
 <dimension displayMemberFormulaDesc="false" name="Account" allowFlexibleDefinition="false" displayAlias="true" applyToAllDim="false" displayMemberFormula="false" dimWidth="0" hide="false" enableDropdown="false" showQualifiedName="never" drillOnSharedMbrs="false" displayName="false" expand="true" displayConsolidationOperators="false" showCurrency="false" >
 <member name="4140" selectionType="Auto" />
</dimension>
</segment>
 <segment>
 <dimension displayMemberFormulaDesc="false" name="Product" allowFlexibleDefinition="false" displayAlias="true" applyToAllDim="false" displayMemberFormula="false" dimWidth="0" hide="false" enableDropdown="false" showQualifiedName="never" drillOnSharedMbrs="false" displayName="false" expand="true" displayConsolidationOperators="false" showCurrency="false" >
 <member name="P_292" selectionType="Auto" />
</dimension>
 <dimension displayMemberFormulaDesc="false" name="Account" allowFlexibleDefinition="false" displayAlias="true" applyToAllDim="false" displayMemberFormula="false" dimWidth="0" hide="false" enableDropdown="false" showQualifiedName="never" drillOnSharedMbrs="false" displayName="false" expand="true" displayConsolidationOperators="false" showCurrency="false" >
 <member name="4150" selectionType="Auto" />
</dimension>
</segment>
 <segment>
 <dimension displayMemberFormulaDesc="false" name="Product" allowFlexibleDefinition="false" displayAlias="true" applyToAllDim="false" displayMemberFormula="false" dimWidth="0" hide="false" enableDropdown="false" showQualifiedName="never" drillOnSharedMbrs="false" displayName="false" expand="true" displayConsolidationOperators="false" showCurrency="false" >
 <member name="P_TP3" selectionType="Auto" />
</dimension>
 <dimension displayMemberFormulaDesc="false" name="Account" allowFlexibleDefinition="false" displayAlias="true" applyToAllDim="false" displayMemberFormula="false" dimWidth="0" hide="false" enableDropdown="false" showQualifiedName="never" drillOnSharedMbrs="false" displayName="false" expand="true" displayConsolidationOperators="false" showCurrency="false" >
 <member name="4001" selectionType="Auto" />
</dimension>
</segment>
 <segment>
 <dimension displayMemberFormulaDesc="false" name="Product" allowFlexibleDefinition="false" displayAlias="true" applyToAllDim="false" displayMemberFormula="false" dimWidth="0" hide="false" enableDropdown="false" showQualifiedName="never" drillOnSharedMbrs="false" displayName="false" expand="true" displayConsolidationOperators="false" showCurrency="false" >
 <member name="P_293" selectionType="Auto" />
 <member name="P_294" selectionType="Auto" />
 <member name="P_291" selectionType="Auto" />
 <member name="P_292" selectionType="Auto" />
</dimension>
 <dimension displayMemberFormulaDesc="false" name="Account" allowFlexibleDefinition="false" displayAlias="true" applyToAllDim="false" displayMemberFormula="false" dimWidth="0" hide="false" enableDropdown="false" showQualifiedName="never" drillOnSharedMbrs="false" displayName="false" expand="true" displayConsolidationOperators="false" showCurrency="false" >
 <member name="5110" selectionType="Auto" />
</dimension>
</segment>
 <segment>
 <dimension displayMemberFormulaDesc="false" name="Product" allowFlexibleDefinition="false" displayAlias="true" applyToAllDim="false" displayMemberFormula="false" dimWidth="0" hide="false" enableDropdown="false" showQualifiedName="never" drillOnSharedMbrs="false" displayName="false" expand="true" displayConsolidationOperators="false" showCurrency="false" >
 <member name="P_TP3" selectionType="Auto" />
</dimension>
 <dimension displayMemberFormulaDesc="false" name="Account" allowFlexibleDefinition="false" displayAlias="true" applyToAllDim="false" displayMemberFormula="false" dimWidth="0" hide="false" enableDropdown="false" showQualifiedName="never" drillOnSharedMbrs="false" displayName="false" expand="true" displayConsolidationOperators="false" showCurrency="false" >
 <member name="5110" selectionType="Auto" />
 <member name="GP" selectionType="Auto" />
</dimension>
</segment>
</rows>
 <pov enableDynamicUVs="true" dynamicUVs="Sales Entity,Version View" >
 <dynamicUV>Sales Entity</dynamicUV>
 <dynamicUV>Version View</dynamicUV>
 <dimension displayMemberFormulaDesc="false" name="HSP_View" allowFlexibleDefinition="false" displayAlias="false" applyToAllDim="false" displayMemberFormula="false" dimWidth="0" hide="true" showQualifiedName="never" drillOnSharedMbrs="false" displayName="true" displayConsolidationOperators="false" showCurrency="false" >
 <member name="BaseData" selectionType="Auto" visible="true" />
</dimension>
 <dimension displayMemberFormulaDesc="false" name="Scenario" allowFlexibleDefinition="false" displayAlias="true" applyToAllDim="false" displayMemberFormula="false" dimWidth="0" hide="false" showQualifiedName="never" drillOnSharedMbrs="false" displayName="false" displayConsolidationOperators="false" showCurrency="false" >
 <member name="Plan" selectionType="Auto" visible="true" />
</dimension>
 <dimension displayMemberFormulaDesc="false" name="Year" allowFlexibleDefinition="false" displayAlias="false" applyToAllDim="false" displayMemberFormula="false" dimWidth="0" hide="false" showQualifiedName="never" drillOnSharedMbrs="false" displayName="true" displayConsolidationOperators="false" showCurrency="false" >
 <member name="&amp;NextYear" selectionType="Auto" visible="true" />
</dimension>
 <dimension displayMemberFormulaDesc="false" name="Entity" allowFlexibleDefinition="false" displayAlias="true" applyToAllDim="false" displayMemberFormula="false" dimWidth="0" hide="true" showQualifiedName="never" drillOnSharedMbrs="false" displayName="false" displayConsolidationOperators="false" showCurrency="false" >
 <member name="&amp;Sales Entity" selectionType="Auto" visible="true" />
</dimension>
</pov>
</query>
 <businessRules>
 <businessRule calcType="3" name="DEFAULT" planType="1" runOnSave="true" runOnLoad="true" />
 <businessRule calcType="0" name="Services Revenue" planType="1" hidePrompt="true" useMRU="true" />
</businessRules>
 <displayOptions>
 <precision useCurrencyPrecision="false" nonCurrencyMax="0" nonCurrencyMin="0" currencyMax="0" percentageMax="2" currencyMin="0" percentageMin="2" />
 <display multiCurrency="false" enableMassAllocation="false" enableGridSpread="true" hideSaveConfirmMessage="true" accountAnnotation="false" enableAdHoc="false" poundMissing="true" enableAttributeDisplay="false" enableCellAttach="true" />
 <printOptions>
 <pageSettings pageSize="A4" orientation="0" font="" fontSize="8" rowHeaderPercentage="35" numDataCols="10" />
 <format supportingDetails="false" applyPrecision="false" repeatHeaders="true" reverseSupport="false" formatData="true" />
 <printDisplay currency="true" shading="true" cellNotes="false" attribute="true" accountAnnotation="true" />
</printOptions>
 <smartViewOptions enableForSmartSlice="false" enableOfflineUsage="false" />
</displayOptions>
 <dataValidationRules>
 <dataValidationRule position="1" name="COS %" enabled="true" description="" rowLocation="9.0" colLocation="1.0" >
 <dataValidationCond toolTip="" groupOpenNestingLevel="0" operator="5" displayMessageInDVPane="true" honorPmRules="false" negate="false" groupCloseNestingLevel="0" position="1" styleId="0" type="1" bgColor="" Valid="true" logicalOperator="0" >
 <compareValue type="1" value="" >
</compareValue>
 <compareToValue type="7" value="&quot;#Missing&quot;" >
</compareToValue>
</dataValidationCond>
 <dataValidationCond toolTip="You must enter a cost of sales percentage." groupOpenNestingLevel="0" operator="0" displayMessageInDVPane="true" honorPmRules="false" negate="false" groupCloseNestingLevel="0" position="2" styleId="0" type="5" bgColor="16711680" Valid="true" logicalOperator="0" >
 <compareValue type="6" value="" >
</compareValue>
 <compareToValue type="0" value="" >
</compareToValue>
</dataValidationCond>
</dataValidationRule>
 <dataValidationRulesOptions>
 <RunValidationsAsLoggedInUser>true</RunValidationsAsLoggedInUser>
 <ValidateOnlyForPagesWithBlocks>true</ValidateOnlyForPagesWithBlocks>
 <ValidateOnlyForUsersWithAccessToForm>true</ValidateOnlyForUsersWithAccessToForm>
 <ReplaceUserVarWithPuMember>false</ReplaceUserVarWithPuMember>
 <LoopOverEveryPossiblePuUserVarValue>false</LoopOverEveryPossiblePuUserVarValue>
</dataValidationRulesOptions>
</dataValidationRules>
 <formFormattings>
</formFormattings>
 <smartpush>
</smartpush>
</form>
