<?xml version = '1.0' encoding = 'UTF-8'?>
<BatchesForLcmVO>
   <BatchesForLcmVORow>
      <BatchName>BatchDef</BatchName>
      <BatchType>DATA</BatchType>
      <BatchDescription null="true"/>
      <DataloadMode>REPLACE</DataloadMode>
      <ImportFromSource>Y</ImportFromSource>
      <ExportToTarget>Y</ExportToTarget>
      <BatchExecutionMode>SERIAL</BatchExecutionMode>
      <BatchExitMode>NOWAIT</BatchExitMode>
      <BatchWaitInit>0S</BatchWaitInit>
      <BatchWaitTimeout null="true"/>
      <BatchWaitFrequency>10S</BatchWaitFrequency>
      <UserPovPeriod>N</UserPovPeriod>
      <StartPeriodkey>2014-05-31</StartPeriodkey>
      <EndPeriodkey>2014-05-31</EndPeriodkey>
      <LoadExchangeRateFlag>N</LoadExchangeRateFlag>
      <ExportMode>STORE_DATA</ExportMode>
      <TargetApplicationName>Vision</TargetApplicationName>
      <ApplicationName>Vision</ApplicationName>
      <FilenameSeparator>_</FilenameSeparator>
      <PlanType>PLAN1</PlanType>
      <BatchGroupName null="true"/>
      <BatchJobsForLcmVO>
         <BatchJobsForLcmVORow>
            <RuleName>DelimitedFileDL</RuleName>
            <RuleType>DATA</RuleType>
            <JobSequence>1</JobSequence>
            <Partname>DelimitedLoc</Partname>
         </BatchJobsForLcmVORow>
      </BatchJobsForLcmVO>
   </BatchesForLcmVORow>
</BatchesForLcmVO>