<?xml version = '1.0' encoding = 'UTF-8'?>
<CheckEntityGroupForLcmVO>
   <CheckEntityGroupForLcmVORow>
      <TargetApplicationName>Vision</TargetApplicationName>
      <ApplicationName>Vision</ApplicationName>
      <Valentgroupdesc null="true"/>
      <Valentgroupkey>CheckEG1</Valentgroupkey>
      <CheckEntityItemForLcmVO>
         <CheckEntityItemForLcmVORow>
            <Valentgroupkey>CheckEG1</Valentgroupkey>
            <Valentlistconsol>0</Valentlistconsol>
            <Valentlistentonreport>1</Valentlistentonreport>
            <Valentlistenttype>0</Valentlistenttype>
            <Valentlistname>110</Valentlistname>
            <Valentlistorg null="true"/>
            <Valentlistseq>1</Valentlistseq>
            <Valentliststartperiod>0</Valentliststartperiod>
         </CheckEntityItemForLcmVORow>
      </CheckEntityItemForLcmVO>
   </CheckEntityGroupForLcmVORow>
</CheckEntityGroupForLcmVO>