<?xml version = '1.0' encoding = 'UTF-8'?>
<ImportFormats>
   <ImportGroupsLcmVO/>
   <ImportGroupsAdapterVO/>
   <ImportGroupsFileLcmVO>
      <ImportGroupsFileLcmVORow>
         <Impgroupkey>DelimitedIF</Impgroupkey>
         <Impgroupdesc null="true"/>
         <SourceSystemName>File</SourceSystemName>
         <Impgroupfiletype>DELIMITED</Impgroupfiletype>
         <Impgroupdelimiter>:</Impgroupdelimiter>
         <Impdrillrequestmethod null="true"/>
         <Impdrillurl>US</Impdrillurl>
         <EpmSourceSystemName null="true"/>
         <TargetApplicationName>Vision</TargetApplicationName>
         <ApplicationName>Vision</ApplicationName>
         <ImportItemDetailsForFileLcmVO>
            <ImportItemDetailsForFileLcmVORow>
               <Impfldfieldname>ACCOUNT</Impfldfieldname>
               <Impfldfixedtext null="true"/>
               <Impfldsourcecolname>Acct</Impfldsourcecolname>
               <Impfldstartpos>1</Impfldstartpos>
               <Impfldlength>0</Impfldlength>
               <Impfldtargetexp null="true"/>
            </ImportItemDetailsForFileLcmVORow>
            <ImportItemDetailsForFileLcmVORow>
               <Impfldfieldname>AMOUNT</Impfldfieldname>
               <Impfldfixedtext>Sign=,Cr;NZP</Impfldfixedtext>
               <Impfldsourcecolname>Amt</Impfldsourcecolname>
               <Impfldstartpos>3</Impfldstartpos>
               <Impfldlength>0</Impfldlength>
               <Impfldtargetexp null="true"/>
            </ImportItemDetailsForFileLcmVORow>
            <ImportItemDetailsForFileLcmVORow>
               <Impfldfieldname>ENTITY</Impfldfieldname>
               <Impfldfixedtext>01</Impfldfixedtext>
               <Impfldsourcecolname>Ent</Impfldsourcecolname>
               <Impfldstartpos>1</Impfldstartpos>
               <Impfldlength>0</Impfldlength>
               <Impfldtargetexp null="true"/>
            </ImportItemDetailsForFileLcmVORow>
         </ImportItemDetailsForFileLcmVO>
      </ImportGroupsFileLcmVORow>
      <ImportGroupsFileLcmVORow>
         <Impgroupkey>Vision</Impgroupkey>
         <Impgroupdesc null="true"/>
         <SourceSystemName>File</SourceSystemName>
         <Impgroupfiletype>DELIMITED</Impgroupfiletype>
         <Impgroupdelimiter>,</Impgroupdelimiter>
         <Impdrillrequestmethod null="true"/>
         <Impdrillurl null="true"/>
         <EpmSourceSystemName null="true"/>
         <TargetApplicationName>Vision</TargetApplicationName>
         <ApplicationName>Vision</ApplicationName>
         <ImportItemDetailsForFileLcmVO>
            <ImportItemDetailsForFileLcmVORow>
               <Impfldfieldname>ACCOUNT</Impfldfieldname>
               <Impfldfixedtext null="true"/>
               <Impfldsourcecolname>Account</Impfldsourcecolname>
               <Impfldstartpos>1</Impfldstartpos>
               <Impfldlength>5</Impfldlength>
               <Impfldtargetexp null="true"/>
            </ImportItemDetailsForFileLcmVORow>
            <ImportItemDetailsForFileLcmVORow>
               <Impfldfieldname>AMOUNT</Impfldfieldname>
               <Impfldfixedtext null="true"/>
               <Impfldsourcecolname>Amount</Impfldsourcecolname>
               <Impfldstartpos>5</Impfldstartpos>
               <Impfldlength>5</Impfldlength>
               <Impfldtargetexp null="true"/>
            </ImportItemDetailsForFileLcmVORow>
            <ImportItemDetailsForFileLcmVORow>
               <Impfldfieldname>ENTITY</Impfldfieldname>
               <Impfldfixedtext null="true"/>
               <Impfldsourcecolname>Entity</Impfldsourcecolname>
               <Impfldstartpos>2</Impfldstartpos>
               <Impfldlength>5</Impfldlength>
               <Impfldtargetexp null="true"/>
            </ImportItemDetailsForFileLcmVORow>
            <ImportItemDetailsForFileLcmVORow>
               <Impfldfieldname>UD2</Impfldfieldname>
               <Impfldfixedtext null="true"/>
               <Impfldsourcecolname>HSP_View</Impfldsourcecolname>
               <Impfldstartpos>3</Impfldstartpos>
               <Impfldlength>5</Impfldlength>
               <Impfldtargetexp null="true"/>
            </ImportItemDetailsForFileLcmVORow>
            <ImportItemDetailsForFileLcmVORow>
               <Impfldfieldname>UD3</Impfldfieldname>
               <Impfldfixedtext null="true"/>
               <Impfldsourcecolname>Product</Impfldsourcecolname>
               <Impfldstartpos>4</Impfldstartpos>
               <Impfldlength>5</Impfldlength>
               <Impfldtargetexp null="true"/>
            </ImportItemDetailsForFileLcmVORow>
         </ImportItemDetailsForFileLcmVO>
      </ImportGroupsFileLcmVORow>
   </ImportGroupsFileLcmVO>
</ImportFormats>