<?xml version = '1.0' encoding = 'UTF-8'?>
<LogicGroupForLcmVO>
   <LogicGroupForLcmVORow>
      <Calcgroupkey>DelimitLG</Calcgroupkey>
      <Calcgrouptype>SIMPLE_LOGIC</Calcgrouptype>
      <TargetApplicationName>Vision</TargetApplicationName>
      <ApplicationName>Vision</ApplicationName>
      <LogicAccountForLcmVO>
         <LogicAccountForLcmVORow>
            <Calcgroupkey>DelimitLG</Calcgroupkey>
            <Calcstmtaccount>LGitem1</Calcstmtaccount>
            <Calcstmtaccountdesc>LG item description</Calcstmtaccountdesc>
            <Calcstmtwhereclausetype>IN</Calcstmtwhereclausetype>
            <Calcstmtwhereclausevalue>1190,1515</Calcstmtwhereclausevalue>
            <Calcstmtmathoperator>X</Calcstmtmathoperator>
            <Calcstmtsequence>1</Calcstmtsequence>
            <Calcstmtexportaccount>1</Calcstmtexportaccount>
            <Calcstmtmathvalue>2</Calcstmtmathvalue>
            <Includecalculated>1</Includecalculated>
         </LogicAccountForLcmVORow>
      </LogicAccountForLcmVO>
   </LogicGroupForLcmVORow>
</LogicGroupForLcmVO>