<?xml version="1.0" encoding="UTF-8" ?>
 <UserPreferences xmlns:xsi="http://www.w3.org/2001/XMLSchema-instance" >
 <UserPreference UserName="epm_default_cloud_admin" >
 <EmailOptions>
 <EnableEmail>No</EnableEmail>
 <PMNotification>No</PMNotification>
 <EmailId></EmailId>
 <CopyAppOwner>No</CopyAppOwner>
 <NotifyJobStatusChange>No</NotifyJobStatusChange>
</EmailOptions>
 <DisplayAlias AliasTable="Default" />
 <MemberNameAliasDisplay>Alias</MemberNameAliasDisplay>
 <MemberSelectionOptions ShowMemberDesc="No" ShowMemberAlias="No" />
 <PUOptions DisplayPUNotStarted="No" DisplayPUAliasInEmail="No" DisplayPUAlias="Yes" />
 <OutOfOfficeOptions>
 <EnableOutOfOffice>No</EnableOutOfOffice>
</OutOfOfficeOptions>
 <PipUserPrefs><![CDATA[{"_sP":{"_sVer":1.2},"predictionInterval":3,"predictionStartYear":-1,"predictionStartPeriod":-1,"predictionEndYear":-1,"predictionEndPeriod":-1,"predictionStartScenario":-1,"autoDetectSeasonality":true,"periodsPerCycle":12,"fillinMissing":true,"adjustOutliers":true,"methodNonseasonal":true,"methodSeasonal":true,"methodArima":true,"errorMeasure":3,"extraDataIgnored":true,"insufficientData":true,"manyMissingValues":true,"manyOutliers":true,"accuracyLow":true,"accuracyThreshold":50,"formPrefs":{"historicalScenarioId":-1,"historicalVersionId":-1,"historicalSource":-1,"historicalCubePrefsMap":{},"memberOverride":[],"_predictionOptions":{"_predictionInterval":2,"_ErrorMeasure":3,"_forecastTechnique":0,"_leadValue":0,"_holdOutPeriod":0,"_AdjustOutliers":true,"_FillInMissingValues":true,"_PeriodsPerCycle":0,"_yearlySeasonalOverride":false,"_SeasonalMethods":true,"_NonSeasonalMethods":true,"_ARIMA":true,"_ARIMAExtendedSearch":false,"_BoxCoxTransformationType":0,"_ARIMAModelSelectionType":2,"_ScreenDetectionMethod":0,"_MSDStdDev":3.0,"_MADStdDev":3.0,"_IQDStdDev":2.22,"_ScreenAdjustmentMethod":0,"_neighborInterpolationType":0,"_Neighbors":1,"_IncludeEvents":false,"_AutomaticallyDetectEvents":0,"_accuracyThreshold":0.0,"_minimumMissingValueThreshold":50.0,"_predictionPeriodOverride":false},"_calendarUuid":null},"_sVer":1.2}]]></PipUserPrefs>
 <OptionsJson><![CDATA[{"enableConsolidationLogging":false,"smartViewSuppression":1,"smartViewAdhocBehavior":1,"artifactDisplays":[],"currencyScenarioTPOption":false,"smPrefs":null,"mrPrefs":{},"enableDataLoadForAdhocReadOnlyRole":false,"maxRuleUIBlockTime":180000,"showAutocorrectErrorsOption":false,"webAdhocGrid":2,"uiLogLevel":3,"clientSideFormulaCreationEnabled":false,"gridTooltipEnabled":true,"fccsDateViewCalcsDisabled":false,"filterOutExcludedMembersInSegDropdown":true,"dynamicTabInNavFlow":false,"dashboardSeriesColor":"N","formsMode":0,"renderGridForInvalidInterSection":true,"pcmcsPrefs":{},"13PeriodModelWeekDayClosestToEndMonth":false,"13PeriodModelEndMonth":0,"13PeriodModelEndWeekDay":0,"13PeriodModelLeapWeekPeriod":0,"13PeriodModelExtraPeriodInQtr":0}]]></OptionsJson>
 <NumberFormat>
 <ThousandSeparator>comma</ThousandSeparator>
 <DecimalSeparator>dot</DecimalSeparator>
 <NegativeSeparator>Parentheses</NegativeSeparator>
 <NegativeColor>Red</NegativeColor>
</NumberFormat>
 <PageOptions PageDisplay="Indent level-zero members only" EnableMRU="Yes" AllowPageSerach="10" />
 <OtherOptions>
 <EnableMRUScreen>Yes</EnableMRUScreen>
 <MRUScreenProps></MRUScreenProps>
 <UserImageFileName></UserImageFileName>
 <FormWarning>10000</FormWarning>
 <PartialGridFetchSize>25,17</PartialGridFetchSize>
 <PageSize>25</PageSize>
 <AccessControlPageSize>25</AccessControlPageSize>
 <showConsolidationOperators>Data Form Setting</showConsolidationOperators>
 <DateFormat>UseAppDefault</DateFormat>
</OtherOptions>
 <PrintingOptions>
</PrintingOptions>
 <UserVariables>
 <Variable Name="Account View" Value="Units" />
 <Variable Name="Entity" Value="No Entity" />
 <Variable Name="Entity View" Value="410" />
 <Variable Name="HSP_View" Value="BaseData" />
 <Variable Name="Market View" Value="Large Market" />
 <Variable Name="Period" Value="Jan" />
 <Variable Name="Product" Value="P_000" />
 <Variable Name="ProductFamily" Value="P_TP1" />
 <Variable Name="Sales Entity" Value="410" />
 <Variable Name="Scenario" Value="Plan" />
 <Variable Name="Scenario View" Value="Plan" />
 <Variable Name="Version" Value="Working" />
 <Variable Name="Version View" Value="Working" />
 <Variable Name="Year" Value="FY17" />
</UserVariables>
 <ReportingCurrency></ReportingCurrency>
 <TimeZone>null</TimeZone>
 <Language>en</Language>
 <AccesibilityPrefs>0</AccesibilityPrefs>
 <StructureID>0</StructureID>
 <StructureName></StructureName>
 <AdhocPreferences>
 <ZoomInLevel>0</ZoomInLevel>
 <AncestorPosition>1</AncestorPosition>
 <AdhocMemberDisplay>2</AdhocMemberDisplay>
 <AdhocAliasTable>Default</AdhocAliasTable>
 <NavigateWithData>Yes</NavigateWithData>
 <SuppressZeroRows>No</SuppressZeroRows>
 <SuppressZeroCols>No</SuppressZeroCols>
 <SuppressMissingBlocks>No</SuppressMissingBlocks>
 <SuppressMissingRows>No</SuppressMissingRows>
 <SuppressMissingCols>No</SuppressMissingCols>
 <PrecisionCurrencyMaximum>-1</PrecisionCurrencyMaximum>
 <PrecisionCurrencyMinimum>0</PrecisionCurrencyMinimum>
 <PrecisionNonCurrencyMaximum>-1</PrecisionNonCurrencyMaximum>
 <PrecisionNonCurrencyMinimum>0</PrecisionNonCurrencyMinimum>
 <PrecisionPercentageCurrencyMaximum>-1</PrecisionPercentageCurrencyMaximum>
 <PrecisionPercentageCurrencyMinimum>0</PrecisionPercentageCurrencyMinimum>
 <MissingLabelText>#missing</MissingLabelText>
 <NoAccessText>#noaccess</NoAccessText>
 <Indentation>1</Indentation>
 <SubmitZeros>No</SubmitZeros>
 <MemberReturnOptions>1</MemberReturnOptions>
 <AdhocOptions>0</AdhocOptions>
</AdhocPreferences>
</UserPreference>
</UserPreferences>
