<?xml version="1.0" encoding="UTF-8"?>
<Package>
    <LOCALE>en_US</LOCALE>
    <User name="" password=""/>
    <ExportedVersion>23.11.60</ExportedVersion>
    <ExportedDateUTC>20231129</ExportedDateUTC>
    <ExportedTimeUTC>08:19</ExportedTimeUTC>
    <ExportedBy>epm_default_cloud_admin</ExportedBy>
    <IDMDomain></IDMDomain>
    <ServiceInstance>phoenix229383</ServiceInstance>
    <Task>
        <Source type="FileSystem" filePath="/"/>
        <Target type="Application" product="AIF" project="FDM" application="FDM Enterprise Edition"/>
        <Artifact recursive="true" parentPath="/" pattern="*"/>
    </Task>
</Package>
