<?xml version="1.0" encoding="UTF-8"?>
<HBRRepo>
  <variables></variables>
  <rulesets></rulesets>
  <rules>
    <rule id="1" name="Calc Actual for Prediction" product="Planning">
      <property name="application">Vision</property>
      <property name="plantype">Plan1</property>
      <script type="calcscript"><![CDATA[FIX("BaseData")
FIX ("Actual","Working","FY14":"FY16",@CHILDREN("P_TP2"),"Sales East")
   "4110" = @ROUND("Units" * "ASP",2);
   "5110" = @ROUND("Units" * "COS Rate",2);
ENDFIX
ENDFIX]]></script>
    </rule>
  </rules>
  <components></components>
</HBRRepo>