<?xml version="1.0" encoding="UTF-8"?>
<HBRRepo>
  <variables></variables>
  <rulesets></rulesets>
  <rules>
    <rule id="1" name="Cash Flow - Forecast" product="Planning">
      <property name="application">Vision</property>
      <property name="plantype">Plan1</property>
      <property name="display_label">Cash Flow - Forecast</property>
      <script type="calcscript"><![CDATA[FIX ("BaseData")
                  SET UPDATECALC OFF ;
                  
                                    SET AGGMISSG ON;
                  
                  
  SET COPYMISSINGBLOCK OFF;  FIX(@IDESCENDANTS("CF"),"Jan":&ThisMonth,&CurYr)
  DATACOPY "Actual"->&ActVersion->"000"->"P_000" TO &CurForecast->&CurVersion->"000"->"P_000";  
  ENDFIX
  FIX (&CurForecast,&CurVersion)
    FIX ("000")
      "P_000"(
        IF ((@ISMBR(&QRFYr1) AND @ISDESC(&QRFPer1)) OR (@ISMBR(&QRFYr2) AND @ISDESC(&QRFPer2)) OR (@ISMBR(&QRFYr3) AND @ISDESC(&QRFPer3)) OR (@ISMBR(&QRFYr4) AND @ISDESC(&QRFPer4)))
          IF (@ISDESC("YearTotal"))
            "Change in Accounts Receivable" = @PRIOR("1200") - "1200";
            "Change in Inventory" = @PRIOR("1400") - "1400";
            "Change in Prepaid" = @PRIOR("1300") - "1300";
            "Change in Accounts Payable" = "2210" - @PRIOR("2210");
            "Change in Other Accrued Liabilities" = "Accrued Liabilities Total" - @PRIOR("Accrued Liabilities Total");
            "Capital Equipment Purchases" = @PRIOR("1500") - "1500";
            "Changes in Other Assets" = @PRIOR("1700") - "1700";
            "Increase or Decrease in Long Term Debt" = "2999" - @PRIOR("2999");
            "Issuance or Repurchase of Common Stock" = "3100" - @PRIOR("3100");
            "Changes in Other Equity" = "Other Equity Total" - @PRIOR("Other Equity Total");
            "Cash Beginning Balance" = @PRIOR("1100");
          ENDIF
        ENDIF
      )
    ENDFIX
    @IDESCENDANTS("CF");
    FIX (@DESCENDANTS("CF"))
    
        CALC DIM ("Entity");
    
    ENDFIX
    
    
  ENDFIX
ENDFIX]]></script>
    </rule>
  </rules>
  <components></components>
</HBRRepo>