<?xml version="1.0" encoding="UTF-8"?>
<HBRRepo>
  <variables>
    <variable name="Department" type="member" usage="const" id="1" product="Planning">
      <property name="application">Vision</property>
      <property name="dimensionType">Entity</property>
      <property name="prompt_text">Select Department</property>
      <property name="useLastValue">false</property>
      <value>"000"</value>
    </variable>
  </variables>
  <rulesets></rulesets>
  <rules>
    <rule id="1" name="Copy Channel" product="Planning">
      <property name="application">Vision</property>
      <property name="plantype">Plan1</property>
      <property name="display_label">Copy Channel</property>
      <variable_references>
        <variable_reference name="Department" id="1">
          <property name="application">Vision</property>
          <property name="hasvalue">true</property>
          <property name="hidden">false</property>
          <property name="rule_name">Copy Channel</property>
          <property name="seq">1</property>
          <property name="type">3</property>
          <property name="useAsOverrideValue">false</property>
        </variable_reference>
      </variable_references>
      <script type="calcscript"><![CDATA[FIX("BaseData")
FIX ("Plan", &CurVersion,{Department},&NextYear,"Product Channel",@IDescendants("P_TP1"))

"Jan"="begbalance";
"Feb"="begbalance";
"Mar"="begbalance";
"Apr"="begbalance";
"May"="begbalance";
"Jun"="begbalance";
"Jul"="begbalance";
"Aug"="begbalance";
"Sep"="begbalance";
"Oct"="begbalance";
"Nov"="begbalance";
"Dec"="begbalance";

ENDFIX
ENDFIX]]></script>
    </rule>
  </rules>
  <components></components>
</HBRRepo>