<?xml version = '1.0' encoding = 'UTF-8'?>
<FRFolder isInternal="false" isBrowsable="true">
   <identifier>0000014977c60c58-0000-9477-0adf8033</identifier>
   <Author>demoadmin</Author>
   <CreationDate>Tue Jul 17 22:25:37 UTC 2018</CreationDate>
   <Description/>
   <LastModifiedBy/>
   <LastModifiedDate/>
   <ParentUUID>0000012886daf238-0000-b431-7f000001</ParentUUID>
   <Path>/Vision</Path>
   <Name>Plan1</Name>
   <Type>FOLDER</Type>
   <ACL ACLUUID="WORLD" ACLTYPE="GR" ACLPERMISSION="{http://www.jcp.org/jcr/1.0}read"/>
   <Properties/>
   <Properties size="9">
      <BINARY NAME="Value">ZmFsc2U=</BINARY>
      <Property Name="AUTO_DELETE"/>
      <Property Name="DESCRIPTION" Value=""/>
      <Property Name="NAME" Value="Plan1"/>
      <BINARY NAME="Value">ZmFsc2U=</BINARY>
      <Property Name="Value"/>
      <BINARY NAME="Value">NDA=</BINARY>
      <Property Name="fileSize"/>
      <BINARY NAME="Value">TmFtZT0wMDAwMDE0OTc3YzYwYzU4LTAwMDAtOTQ3Ny0wYWRmODAzMw==</BINARY>
      <Property Name="jcr:data"/>
      <Property Name="fileSize" Value="40"/>
      <Property Name="lastModified" Value="Tue Jul 17 22:25:37 UTC 2018"/>
      <BINARY NAME="Value">VHVlIEp1bCAxNyAxNToyNTozNyBQRFQgMjAxOA==</BINARY>
      <Property Name="lastModified"/>
   </Properties>
</FRFolder>