<?xml version="1.0" encoding="UTF-8"?>
<HBRRepo>
  <variables>
    <variable name="DynDepartment" type="member" usage="const" id="1" product="Planning">
      <property name="application">Vision</property>
      <property name="plantype">Plan1</property>
      <property name="dimension">Entity</property>
      <property name="dynamicMemberParent">"403"</property>
      <property name="prompt_text">New Department</property>
      <property name="useLastValue">false</property>
      <value></value>
      <limits type="expression">
        <property name="value">@Children("403")</property>
      </limits>
    </variable>
  </variables>
  <rulesets></rulesets>
  <rules>
    <rule id="1" name="Add Department" product="Planning">
      <property name="application">Vision</property>
      <property name="plantype">Plan1</property>
      <property name="display_label">Add Department</property>
      <property name="enablePostProcessing">false</property>
      <property name="enablePreProcessing">true</property>
      <variable_references>
        <variable_reference name="DynDepartment" id="1">
          <property name="application">Vision</property>
          <property name="hidden">false</property>
          <property name="plantype">Plan1</property>
          <property name="rule_name">Add Department</property>
          <property name="seq">1</property>
          <property name="type">3</property>
          <property name="useAsOverrideValue">false</property>
        </variable_reference>
      </variable_references>
      <script type="calcscript"><![CDATA[{DynDepartment};]]></script>
    </rule>
  </rules>
  <components></components>
</HBRRepo>