<?xml version="1.0" encoding="UTF-8"?>
<HBRRepo>
  <variables></variables>
  <rulesets></rulesets>
  <rules>
    <rule id="1" name="Aggregate Strategic Plan Versions" product="Planning">
      <property name="application">Vision</property>
      <property name="plantype">Plan1</property>
      <property name="display_label">Aggregate Strategic Plan Versions</property>
      <property name="enablePostProcessing">false</property>
      <property name="enablePreProcessing">false</property>
      <script type="calcscript"><![CDATA[SET AGGMISSG OFF;
FIX("BaseData")

FIX ("Baseline","Expansion","Acquisition","Plan",&CurYr:&Yr5)
   CALC DIM ("Entity");
ENDFIX
ENDFIX]]></script>
    </rule>
  </rules>
  <components></components>
</HBRRepo>