<?xml version="1.0" encoding="UTF-8"?>
<HBRRepo>
  <variables></variables>
  <rulesets></rulesets>
  <rules>
    <rule id="1" name="Balance Sheet - Forecast" product="Planning">
      <property name="application">Vision</property>
      <property name="plantype">Plan1</property>
      <property name="display_label">Balance Sheet - Forecast</property>
      <script type="calcscript"><![CDATA[SET UPDATECALC OFF ;

SET AGGMISSG ON;

/*SET CREATENONMISSINGBLK ON ;*/

SET COPYMISSINGBLOCK OFF;FIX("BaseData",@IDESCENDANTS("BS"),"Jan":&ThisMonth,&CurYr)
DATACOPY "Actual"->&ActVersion TO &CurForecast->&CurVersion;
ENDFIX
FIX ("BaseData",&CurForecast,&CurVersion)
  LOOP (2)
    @IDESCENDANTS("BS");
    FIX (@IDESCENDANTS("BS"))
       CALC DIM ("Entity");
    ENDFIX
    FIX ("000")
      "P_000"(
        IF ((@ISMBR(&QRFYr1) AND @ISDESC(&QRFPer1) AND @ISMBR(&CurYr)) OR (@ISMBR(&QRFYr2) AND @ISDESC(&QRFPer2) AND @ISMBR(&CurYr)) OR (@ISMBR(&QRFYr3) AND @ISDESC(&QRFPer3) AND @ISMBR(&CurYr)) OR (@ISMBR(&QRFYr4) AND @ISDESC(&QRFPer4) AND @ISMBR(&CurYr)))
          IF (@ISDESC("BS")) 
            "No Period" = @MDSHIFT(@CURRMBR("Account")->"Entity"->"Product"->"Dec"->"Actual"->&ActVersion,-1,"Year",);
            "3310"->"No Period" = "3310"->"No Period" + "3320"->"No Period";
            "3320"->"No Period" = #missing;
          ENDIF
        ENDIF
      )
      "P_000"(
        IF ((@ISMBR(&QRFYr1) AND @ISDESC(&QRFPer1) AND @ISMBR(&NextYear)) OR (@ISMBR(&QRFYr2) AND @ISDESC(&QRFPer2) AND @ISMBR(&NextYear)) OR (@ISMBR(&QRFYr3) AND @ISDESC(&QRFPer3) AND @ISMBR(&NextYear)) OR (@ISMBR(&QRFYr4) AND @ISDESC(&QRFPer4) AND @ISMBR(&NextYear)))
          IF (@ISDESC("BS")) 
            "No Period" = @MDSHIFT(@CURRMBR("Account")->"Entity"->"Product"->"Dec"->"Forecast"->&CurVersion,-1,"Year",);
            "3310"->"No Period" = "3310"->"No Period" + "3320"->"No Period";
            "3320"->"No Period" = #missing;
          ENDIF
        ENDIF
      )
      "P_000"(
        IF ((@ISMBR(&QRFYr1) AND @ISDESC(&QRFPer1)) OR (@ISMBR(&QRFYr2) AND @ISDESC(&QRFPer2)) OR (@ISMBR(&QRFYr3) AND @ISDESC(&QRFPer3)) OR (@ISMBR(&QRFYr4) AND @ISDESC(&QRFPer4)))
          IF (@ISDESC("YearTotal"))
            "1210" = "4001"->"Entity"->"Product" / 30 * "DSO";
          ENDIF
          IF (@ISDESC("YearTotal"))
            "1260" = @PRIOR("1260"->"000"->"P_000")  -  "7730";
          ENDIF
          IF (@ISDESC("YearTotal"))
            "1410" = "5000"->"Entity"->"Product" / 30 * "DaysInv";
          ENDIF
          IF (@ISDESC("YearTotal"))
            "1340" = "7001"->"Entity"->"Product"  * "PrepaidPct";
          ENDIF
          IF (@ISDESC("YearTotal"))
            "1510" = @PRIOR("1510")  +  "CapEx: Land";
          ENDIF
          IF (@ISDESC("YearTotal"))
            "1520" = @PRIOR("1520")  +  "CapEx: Building and Improvements";
          ENDIF
          IF (@ISDESC("YearTotal"))
            "1530" = @PRIOR("1530")  +  "CapEx: Machinery & Equipment";
          ENDIF
          IF (@ISDESC("YearTotal"))
            "1540" = @PRIOR("1540")  +  "CapEx: Furniture";
          ENDIF
          IF (@ISDESC("YearTotal"))
            "1550" = @PRIOR("1550")  +  "CapEx: Vehicles";
          ENDIF
          IF (@ISDESC("YearTotal"))
            "1560" = @PRIOR("1560")  +  "CapEx: Computers & Software";
          ENDIF
          IF (@ISDESC("YearTotal"))
            "1570" = @PRIOR("1570");
          ENDIF
          IF (@ISDESC("YearTotal"))
            "1580" = @PRIOR("1580");
          ENDIF
          IF (@ISDESC("YearTotal"))
            "1565" = @PRIOR("1565")  +  "CapEx: Intangible Assets";
          ENDIF
          IF (@ISDESC("YearTotal"))
            "1610" = @PRIOR("1610") - "7310"->"Entity"->"Product";
          ENDIF
          IF (@ISDESC("YearTotal"))
            "1620" = @PRIOR("1620") - "7320"->"Entity"->"Product";
          ENDIF
          IF (@ISDESC("YearTotal"))
            "1630" = @PRIOR("1630") - "7330"->"Entity"->"Product";
          ENDIF
          IF (@ISDESC("YearTotal"))
            "1640" = @PRIOR("1640") - "7340"->"Entity"->"Product";
          ENDIF
          IF (@ISDESC("YearTotal"))
            "1650" = @PRIOR("1650") - "7350"->"Entity"->"Product";
          ENDIF
          IF (@ISDESC("YearTotal"))
            "1660" = @PRIOR("1660") - "7360"->"Entity"->"Product";
          ENDIF
          IF (@ISDESC("YearTotal"))
            "1665" = @PRIOR("1665") - "7365"->"Entity"->"Product";
          ENDIF
          IF (@ISDESC("YearTotal"))
            "1720" = @PRIOR("1720");
          ENDIF
          IF (@ISDESC("YearTotal"))
            "1810" = @PRIOR("1810");
          ENDIF
          IF (@ISDESC("YearTotal"))
            "1820" = @PRIOR("1820");
          ENDIF
          IF (@ISDESC("YearTotal"))
            "2210" = "5000"->"Entity"->"Product" / 30 * "DPO";
          ENDIF
          IF (@ISDESC("YearTotal"))
            "2225" = "6000"->"Entity"->"Product"  * "AccrPRPct";
          ENDIF
          IF (@ISDESC("YearTotal"))
            "2370" = @PRIOR("2370")  +  "ICPayIncr";
          ENDIF
          IF (@ISDESC("YearTotal"))
            "2530" = @PRIOR("2530");
          ENDIF
          IF (@ISDESC("YearTotal"))
            "2300" = @PRIOR("2300");
          ENDIF
          IF (@ISDESC("YearTotal"))
            "2600" = @PRIOR("2600")  +  "LTDebtIncr";
          ENDIF
          IF (@ISDESC("YearTotal"))
            "3100" = @PRIOR("3100");
          ENDIF
          IF (@ISDESC("YearTotal"))
            "3200" = @PRIOR("3200");
          ENDIF
          IF (@ISMBR("Jan"))
            "3310" = @PRIOR("3310");
            "3320" = "NI"->"Entity"->"Product";
          ELSEIF (NOT @ISMBR("Jan") AND @ISDESC("YearTotal"))
            "3310" = @PRIOR("3310");
            "3320" = @PRIOR("3320") + "NI"->"Entity"->"Product";
          ENDIF
          "1110" = #missing;
          
        ENDIF
      )
      FIX ("P_000")
        @IDESCENDANTS("BS");
        
        "1110" (
        
             IF ((@ISMBR(&QRFYr1) AND @ISDESC(&QRFPer1)) OR (@ISMBR(&QRFYr2) AND @ISDESC(&QRFPer2)) OR (@ISMBR(&QRFYr3) AND @ISDESC(&QRFPer3)) OR (@ISMBR(&QRFYr4) AND @ISDESC(&QRFPer4)))
        
        	 IF (@ISUDA("Account","Asset"))
        
                  "1110" = "TLOE" - "1001";
        
                ELSE
        
                  "1110" = "1001" - "TLOE";
        
        	ENDIF
        
        ENDIF
        
        )
        
      ENDFIX
    ENDFIX
    @IDESCENDANTS("BS");
    FIX (@IDESCENDANTS("BS"))
       CALC DIM ("Entity");
    ENDFIX
    
    
    
  ENDLOOP
ENDFIX]]></script>
    </rule>
  </rules>
  <components></components>
</HBRRepo>