<?xml version="1.0" encoding="UTF-8"?>
<HBRRepo>
  <variables></variables>
  <rulesets></rulesets>
  <rules>
    <rule id="1" name="Balance Sheet - Plan" product="Planning">
      <property name="application">Vision</property>
      <property name="plantype">Plan1</property>
      <property name="display_label">Balance Sheet - Plan</property>
      <script type="calcscript"><![CDATA[SET AGGMISSG ON;

SET UPDATECALC OFF;
FIX ("BaseData","Plan","Revised Plan",&CurVersion)
  LOOP (2)
    @IDESCENDANTS("BS");
    
    FIX (@IDESCENDANTS("BS"))
       CALC DIM ("Entity");
    ENDFIX
    FIX ("000")
      "P_000"(
        IF (@ISMBR(&CurYr))
          IF (@ISDESC("BS")) 
            "BegBalance" = @MDSHIFT(@CURRMBR("Account")->"Entity"->"Product"->"Dec"->"Actual"->&ActVersion,-1,"Year",);
            "3310"->"BegBalance" = "3310"->"BegBalance" + "3320"->"BegBalance";
            "3320"->"BegBalance" = #missing;
          ENDIF
        ENDIF
      )
      "P_000"(
        IF (@ISMBR(&NextYear))
          IF (@ISDESC("BS")) 
            "BegBalance" = @MDSHIFT(@CURRMBR("Account")->"Entity"->"Product"->"Dec"->"Plan"->&CurVersion,-1,"Year",);
            "3310"->"BegBalance" = "3310"->"BegBalance" + "3320"->"BegBalance";
            "3320"->"BegBalance" = #missing;
          ENDIF
        ENDIF
      )
      FIX ("Jan":"Dec","P_000")
        "1210"(
          IF (@ISDESC("YearTotal"))
            "1210" = "4001"->"Entity"->"Product" / 30 * "DSO";
          ENDIF
        )
        "1260"(
          IF (@ISDESC("YearTotal"))
            "1260" = @PRIOR("1260"->"000"->"P_000")  -  "7730";
          ENDIF
        )
        "1410"(
          IF (@ISDESC("YearTotal"))
            "1410" = "5000"->"Entity"->"Product" / 30 * "DaysInv";
          ENDIF
        )
        "1340"(
          IF (@ISDESC("YearTotal"))
            "1340" = "7001"->"Entity"->"Product"  * "PrepaidPct";
          ENDIF
        )
        "1510"(
          IF (@ISDESC("YearTotal"))
            "1510" = @PRIOR("1510")  +  "CapEx: Land";
          ENDIF
        )
        "1520"(
          IF (@ISDESC("YearTotal"))
            "1520" = @PRIOR("1520")  +  "CapEx: Building and Improvements";
          ENDIF
        )
        "1530"(
          IF (@ISDESC("YearTotal"))
            "1530" = @PRIOR("1530")  +  "CapEx: Machinery & Equipment";
          ENDIF
        )
        "1540"(
          IF (@ISDESC("YearTotal"))
            "1540" = @PRIOR("1540")  +  "CapEx: Furniture";
          ENDIF
        )
        "1550"(
          IF (@ISDESC("YearTotal"))
            "1550" = @PRIOR("1550")  +  "CapEx: Vehicles";
          ENDIF
        )
        "1560"(
          IF (@ISDESC("YearTotal"))
            "1560" = @PRIOR("1560")  +  "CapEx: Computers & Software";
          ENDIF
        )
        "1570"(
          IF (@ISDESC("YearTotal"))
            "1570" = @PRIOR("1570");
          ENDIF
        )
        "1580"(
          IF (@ISDESC("YearTotal"))
            "1580" = @PRIOR("1580");
          ENDIF
        )
        "1565"(
          IF (@ISDESC("YearTotal"))
            "1565" = @PRIOR("1565")  +  "CapEx: Intangible Assets";
          ENDIF
        )
        "1610"(
          IF (@ISDESC("YearTotal"))
            "1610" = @PRIOR("1610") - "7310"->"Entity"->"Product";
          ENDIF
        )
        "1620"(
          IF (@ISDESC("YearTotal"))
            "1620" = @PRIOR("1620") - "7320"->"Entity"->"Product";
          ENDIF
        )
        "1630"(
          IF (@ISDESC("YearTotal"))
            "1630" = @PRIOR("1630") - "7330"->"Entity"->"Product";
          ENDIF
        )
        "1640"(
          IF (@ISDESC("YearTotal"))
            "1640" = @PRIOR("1640") - "7340"->"Entity"->"Product";
          ENDIF
        )
        "1650"(
          IF (@ISDESC("YearTotal"))
            "1650" = @PRIOR("1650") - "7350"->"Entity"->"Product";
          ENDIF
        )
        "1660"(
          IF (@ISDESC("YearTotal"))
            "1660" = @PRIOR("1660") - "7360"->"Entity"->"Product";
          ENDIF
        )
        "1665"(
          IF (@ISDESC("YearTotal"))
            "1665" = @PRIOR("1665") - "7365"->"Entity"->"Product";
          ENDIF
        )
        "1720"(
          IF (@ISDESC("YearTotal"))
            "1720" = @PRIOR("1720");
          ENDIF
        )
        "1810"(
          IF (@ISDESC("YearTotal"))
            "1810" = @PRIOR("1810");
          ENDIF
        )
        "1820"(
          IF (@ISDESC("YearTotal"))
            "1820" = @PRIOR("1820");
          ENDIF
        )
        "2210"(
          IF (@ISDESC("YearTotal"))
            "2210" = "5000"->"Entity"->"Product" / 30 * "DPO";
          ENDIF
        )
        "2225"(
          IF (@ISDESC("YearTotal"))
            "2225" = "6000"->"Entity"->"Product"  * "AccrPRPct";
          ENDIF
        )
        "2370"(
          IF (@ISDESC("YearTotal"))
            "2370" = @PRIOR("2370")  +  "ICPayIncr";
          ENDIF
        )
        "2530"(
          IF (@ISDESC("YearTotal"))
            "2530" = @PRIOR("2530");
          ENDIF
        )
        "2300"(
          IF (@ISDESC("YearTotal"))
            "2300" = @PRIOR("2300");
          ENDIF
        )
        "2600"(
          IF (@ISDESC("YearTotal"))
            "2600" = @PRIOR("2600")  +  "LTDebtIncr";
          ENDIF
        )
        "3100"(
          IF (@ISDESC("YearTotal"))
            "3100" = @PRIOR("3100");
          ENDIF
        )
        "3200"(
          IF (@ISDESC("YearTotal"))
            "3200" = @PRIOR("3200");
          ENDIF
        )
        "3310"(
          IF (@ISMBR("Jan"))
            "3310" = @PRIOR("3310");
            "3320" = "NI"->"Entity"->"Product";
          ELSEIF (NOT @ISMBR("Jan") AND @ISDESC("YearTotal"))
            "3310" = @PRIOR("3310");
            "3320" = @PRIOR("3320") + "NI"->"Entity"->"Product";
          ENDIF
        )
        CLEARDATA "1110";        "1110"(
          IF (@ISUDA("Account","Asset"))
            "1110" = "TLOE" - "1001";
          ELSE
            "1110" = "1001" - "TLOE";
          ENDIF
        )
      ENDFIX
    ENDFIX
    @IDESCENDANTS("BS");
    
    FIX (@IDESCENDANTS("BS"))
       CALC DIM ("Entity");
    ENDFIX
    
  ENDLOOP
ENDFIX]]></script>
    </rule>
  </rules>
  <components></components>
</HBRRepo>