<?xml version="1.0" encoding="UTF-8"?>
<HBRRepo>
  <variables></variables>
  <rulesets></rulesets>
  <rules>
    <rule id="1" name="Clear Data" product="Planning">
      <property name="application">Vision</property>
      <property name="plantype">Plan1</property>
      <script type="calcscript"><![CDATA[FIX("BaseData")
FIX ("Sales East","Forecast","Working",@ICHILDREN("Computer Accessories"),FY14)
   CLEARDATA "Units";
ENDFIX
ENDFIX]]></script>
    </rule>
  </rules>
  <components></components>
</HBRRepo>