<?xml version="1.0" encoding="UTF-8"?>
<HBRRepo>
  <variables></variables>
  <rulesets></rulesets>
  <rules>
    <rule id="1" name="Clear Plan Targets" product="Planning">
      <property name="application">Vision</property>
      <property name="plantype">Plan1</property>
      <property name="display_label">Clear Plan Targets</property>
      <script type="calcscript"><![CDATA[FIX ("BaseData")
  FIX ("Plan",@IDESCENDANTS("NI"))
  
  	CLEARDATA "Target";
  
  
  
  ENDFIX
  
ENDFIX]]></script>
    </rule>
  </rules>
  <components></components>
</HBRRepo>