<?xml version="1.0" encoding="UTF-8"?>
<HBRRepo>
  <variables>
    <variable name="Version" type="member" usage="const" id="1" product="Planning">
      <property name="application">Vision</property>
      <property name="dimensionInputMode">type</property>
      <property name="dimensionType">Version</property>
      <property name="prompt_text">ID_PRMTEXT_VERSION</property>
      <value>"Working"</value>
      <limits type="list">
        <property name="value">"Working","What If","Most Likely","Best Case","Worst Case"</property>
      </limits>
    </variable>
  </variables>
  <rulesets></rulesets>
  <rules>
    <rule id="1" name="Clear Facilities Allocation" product="Planning">
      <property name="application">Vision</property>
      <property name="plantype">Plan1</property>
      <property name="display_label">Clear Facilities Allocation</property>
      <variable_references>
        <variable_reference name="Version" id="1">
          <property name="application">Vision</property>
          <property name="hidden">false</property>
          <property name="rule_name">Clear Facilities Allocation</property>
          <property name="seq">1</property>
          <property name="type">3</property>
          <property name="useAsOverrideValue">false</property>
        </variable_reference>
      </variable_references>
      <script type="calcscript"><![CDATA[SET AGGMISSG ON;
FIX("BaseData")

FIX ("Plan",{Version})
   FIX(@IDESCENDANTS("Allocation - Facilities"),@IDESCENDANTS("TD"))
      CLEARDATA &NextYear;
   ENDFIX
   FIX ("110",&NextYear)
      CLEARDATA "Allocations Out";
   ENDFIX
   @IDESCENDANTS("Allocations");
   FIX(@IDESCENDANTS("Allocations"))  
      CALC DIM ("Period","Entity","Product");
ENDFIX
ENDFIX
ENDFIX


]]></script>
    </rule>
  </rules>
  <components></components>
</HBRRepo>