<?xml version="1.0" encoding="UTF-8"?>
<HBRRepo>
  <variables></variables>
  <rulesets></rulesets>
  <rules>
    <rule id="1" name="Clear GL Data" product="Planning">
      <property name="application">Vision</property>
      <property name="plantype">Plan1</property>
      <property name="display_label">Clear GL Data</property>
      <property name="enablePostProcessing">false</property>
      <property name="enablePreProcessing">false</property>
      <script type="calcscript"><![CDATA[FIX ("BaseData","Actual","Final","420","810","210",@IDESCENDANTS("OpEx"))
   CLEARDATA &CurYr;
ENDFIX
]]></script>
    </rule>
  </rules>
  <components></components>
</HBRRepo>