<?xml version="1.0" encoding="UTF-8"?>
<HBRRepo>
  <variables></variables>
  <rulesets></rulesets>
  <rules>
    <rule id="1" name="Create Forecast" product="Planning">
      <property name="application">Vision</property>
      <property name="plantype">Plan1</property>
      <property name="display_label">Create Forecast</property>
      <property name="enablePostProcessing">false</property>
      <property name="enablePreProcessing">false</property>
      <script type="calcscript"><![CDATA[SET UPDATECALC OFF;
SET AGGMISSG ON;

FIX("BaseData")


Fix (&CurYr, &CurVersion)
	Fix ("Jan":"Jun")
		datacopy "Actual" To "Forecast";
	ENDFIX
	Fix ("Jul":"Dec")
		datacopy "Plan" to "Forecast";
	ENDFIX
ENDFIX
ENDFIX

FIX("BaseData")


FIX ("Forecast",&CurVersion,&CurYr,@IDESCENDANTS("YearTotal"))
	CALC DIM ("Entity");
ENDFIX
ENDFIX

/*FIX ("Forecast",&CurVersion,&CurYr)
("ASP" = @ROUND("4110" / "Units",2);
"COS Rate" = @ROUND("5110" / "Units",2);
"Gross Margin %" = @ROUND("GP" / "4001",2);)
"Average Salaries" = @ROUND("5800" / "9000",2);
"Employee Benefits %" = @ROUND("6100" / "5800",4);
ENDFIX*/


]]></script>
    </rule>
  </rules>
  <components></components>
</HBRRepo>