<?xml version="1.0" encoding="UTF-8"?>
<HBRRepo>
  <variables>
    <variable name="Version" type="member" usage="const" id="1" product="Planning">
      <property name="application">Vision</property>
      <property name="dimensionInputMode">type</property>
      <property name="dimensionType">Version</property>
      <property name="prompt_text">ID_PRMTEXT_VERSION</property>
      <value>"Working"</value>
      <limits type="list">
        <property name="value">"Working","What If","Most Likely","Best Case","Worst Case"</property>
      </limits>
    </variable>
  </variables>
  <rulesets></rulesets>
  <rules>
    <rule id="1" name="Facilities Allocation" product="Planning">
      <property name="application">Vision</property>
      <property name="plantype">Plan1</property>
      <property name="display_label">Facilities Allocation</property>
      <variable_references>
        <variable_reference name="Version" id="1">
          <property name="application">Vision</property>
          <property name="hasvalue">true</property>
          <property name="hidden">false</property>
          <property name="rule_name">Facilities Allocation</property>
          <property name="seq">1</property>
          <property name="type">3</property>
          <property name="useAsOverrideValue">false</property>
        </variable_reference>
      </variable_references>
      <script type="calcscript"><![CDATA[FIX ("BaseData")
  FIX (@IDESCENDANTS("YearTotal"),&NextYear,"Plan",{Version},"P_000")
    FIX ("Square Feet")
      @Idescendants ("TD");
    ENDFIX
    FIX (@RELATIVE("TD",0))
    FIX ("BaseData")
      SET CREATENONMISSINGBLK ON;      "Allocation - Facilities" = @ALLOCATE(("OpEx before Allocations"->"BaseData"->"110"*(100/100)) , (@Relative("TD", 0)) ,"Square Feet" ,  , share ,  noRound,  , );
    ENDFIX
    
    ENDFIX
    FIX ("BaseData","110")
      "Allocations Out" = ("OpEx before Allocations"->"BaseData"->"110"*(100/100));
    ENDFIX
    FIX ("Allocation - Facilities","Allocations Out","BaseData")
      @Idescendants ("TD");
    ENDFIX
  ENDFIX
ENDFIX]]></script>
    </rule>
  </rules>
  <components></components>
</HBRRepo>