<?xml version="1.0" encoding="UTF-8"?>
<HBRRepo>
  <variables></variables>
  <rulesets></rulesets>
  <rules>
    <rule id="1" name="Income Statement - Plan PY" product="Planning">
      <property name="application">Vision</property>
      <property name="plantype">Plan1</property>
      <property name="display_label">Income Statement - Plan PY</property>
      <script type="calcscript"><![CDATA[SET UPDATECALC OFF;
SET AGGMISSG ON;
FIX("BaseData")

FIX (&CurYr,&CurVersion,"Plan")

@IDESCENDANTS("NI");

   FIX (@IDESCENDANTS("NI"),"Units")
      CALC DIM ("Entity");
   ENDFIX
ENDFIX
ENDFIX	]]></script>
    </rule>
  </rules>
  <components></components>
</HBRRepo>