<?xml version="1.0" encoding="UTF-8"?>
<HBRRepo>
  <variables></variables>
  <rulesets></rulesets>
  <rules>
    <rule id="1" name="Income Statement - Actual" product="Planning">
      <property name="application">Vision</property>
      <property name="plantype">Plan1</property>
      <property name="display_label">Income Statement - Actual</property>
      <property name="enablePostProcessing">false</property>
      <property name="enablePreProcessing">false</property>
      <script type="calcscript"><![CDATA[SET UPDATECALC OFF;
SET AGGMISSG ON;

FIX("BaseData")


FIX (&StartYr:&CurYr,&CurVersion,"Actual")
       @IDESCENDANTS("NI");

       FIX (@IDESCENDANTS("NI"),"Units")
          CALC DIM ("Entity","Product");
       ENDFIX
ENDFIX
ENDFIX

]]></script>
    </rule>
  </rules>
  <components></components>
</HBRRepo>