<?xml version="1.0" encoding="UTF-8"?>
<HBRRepo>
  <variables>
    <variable name="Version" type="member" usage="const" id="1" product="Planning">
      <property name="application">Vision</property>
      <property name="dimensionInputMode">type</property>
      <property name="dimensionType">Version</property>
      <property name="prompt_text">ID_PRMTEXT_VERSION</property>
      <value>"Working"</value>
      <limits type="list">
        <property name="value">"Working","What If","Most Likely","Best Case","Worst Case"</property>
      </limits>
    </variable>
  </variables>
  <rulesets></rulesets>
  <rules>
    <rule id="1" name="Income Statement - Plan" product="Planning">
      <property name="application">Vision</property>
      <property name="plantype">Plan1</property>
      <property name="display_label">Income Statement - Plan</property>
      <property name="enableNotifications">false</property>
      <property name="enablePostProcessing">false</property>
      <property name="enablePreProcessing">false</property>
      <variable_references>
        <variable_reference name="Version" id="1">
          <property name="application">Vision</property>
          <property name="hasvalue">true</property>
          <property name="hidden">true</property>
          <property name="rule_name">Income Statement - Plan</property>
          <property name="seq">1</property>
          <property name="type">3</property>
          <property name="useAsOverrideValue">false</property>
        </variable_reference>
      </variable_references>
      <script type="calcscript"><![CDATA[FIX ("BaseData")
  FIX (&NextYear,{Version})
    FIX ("Plan","Adj Plan")
      SET UPDATECALC OFF;
      SET AGGMISSG ON;
      
         @IDESCENDANTS("NI");
      
         FIX (@IDESCENDANTS("NI"),"Units")
            CALC DIM ("Entity");
         ENDFIX
      
      
      
    ENDFIX
    FIX (@IDESCENDANTS("NI"))
      "Revised Plan" = "Plan" + "Adj Plan";
    ENDFIX
  ENDFIX
ENDFIX]]></script>
    </rule>
  </rules>
  <components></components>
</HBRRepo>