<?xml version="1.0" encoding="UTF-8"?>
<HBRRepo>
  <variables></variables>
  <rulesets></rulesets>
  <rules>
    <rule id="1" name="Operating Expenses Forecast" product="Planning">
      <property name="application">Vision</property>
      <property name="plantype">Plan1</property>
      <property name="display_label">Operating Expenses Forecast</property>
      <property name="enablePostProcessing">false</property>
      <property name="enablePreProcessing">false</property>
      <script type="calcscript"><![CDATA[SET UPDATECALC OFF;
SET AGGMISSG ON;

FIX("BaseData")


FIX (&CurForecast,"P_000",@CHILDREN("403"))
   FIX (@RELATIVE("7001",0))
    /*Driver: 1 = % of Revenue, 2 = Units, 3 = Headcount Hours, 4 = Sales Calls, 5 = Trips, 6 = Square Feet, 7 = Input or Blank */
    /*Method: 1 = Last Year Actual, 2 = Current Year Plan, 3 = Current Year Forecast */
  "Driver Volume" (
    IF ((@ISMBR(&QRFYr1) AND @ISDESC(&QRFPer1)) OR (@ISMBR(&QRFYr2) AND @ISDESC(&QRFPer2)) OR (@ISMBR(&QRFYr3) AND @ISDESC(&QRFPer3)) OR (@ISMBR(&QRFYr4) AND @ISDESC(&QRFPer4)))
        IF ("Driver"->&QRFYr1->"BegBalance" ==1)
          "Driver Volume" = "4001"->"P_TP1"->&CurVersion;
        ELSEIF ("Driver"->&QRFYr1->"BegBalance" ==2)
          "Driver Volume" = "Units"->"P_TP1"->&CurVersion;
        ELSEIF ("Driver"->&QRFYr1->"BegBalance" ==3)
          "Driver Volume" = "9000"->&CurVersion * 2080/12;
        ELSEIF ("Driver"->&QRFYr1->"BegBalance" ==4)
          "Driver Volume" = "Sales Calls"->"BegBalance"->&CurVersion->&QRFYr4/12;
        ELSEIF ("Driver"->&QRFYr1->"BegBalance" ==5)
          "Driver Volume" = "Trips"->&CurVersion;
        ELSEIF ("Driver"->&QRFYr1->"BegBalance" ==6)
          "Driver Volume" = "Square Feet"->&CurVersion/12;
        ELSEIF (("Driver"->&QRFYr1->"BegBalance" ==7 OR "Driver"->&QRFYr1 == #missing) AND "Method"->"BegBalance" == 1)
          "Driver Volume" = "Actual"->&ActVersion->&LastYr;
        ELSEIF (("Driver"->&QRFYr1->"BegBalance" ==7 OR "Driver"->&QRFYr1 == #missing) AND "Method"->"BegBalance" == 2)
          "Driver Volume" = "Plan"->&PlanVersion->&CurYr;
        ELSEIF (("Driver"->&QRFYr1->"BegBalance" ==7 OR "Driver"->&QRFYr1 == #missing) AND "Method"->"BegBalance" == 3)
          "Driver Volume" = "Forecast"->&ForVersion->&CurYr;
        ENDIF
      ENDIF
	  )
   ENDFIX
ENDFIX
ENDFIX

FIX("BaseData")


FIX (&CurForecast,"P_000",@CHILDREN("403"))
	FIX (@RELATIVE("7001",0))
  "Driver Rate" (
    IF ((@ISMBR(&QRFYr1) AND @ISDESC(&QRFPer1)) OR (@ISMBR(&QRFYr2) AND @ISDESC(&QRFPer2)) OR (@ISMBR(&QRFYr3) AND @ISDESC(&QRFPer3)) OR (@ISMBR(&QRFYr4) AND @ISDESC(&QRFPer4)))
       IF ("Driver"->"BegBalance"->&QRFYr1 == 7)
          &CurVersion = "Driver Volume";
       ELSE
          &CurVersion = "Driver Volume" * "Driver Rate"->"BegBalance"->&QRFYr1;
       ENDIF
    ENDIF
	     )
	ENDFIX
ENDFIX
ENDFIX

FIX("BaseData")


FIX (&CurForecast,&CurVersion,"P_000","Trips","Square Feet","9000")
   "403";
ENDFIX
ENDFIX

FIX("BaseData")


FIX (&CurForecast,&CurVersion,"P_000",@ICHILDREN("403"))
   @IDESCENDANTS("OpEx");
ENDFIX
ENDFIX


FIX("BaseData")



FIX (&CurForecast,"P_000","403")
   "Average Salaries" = "5800" / "9000";
   "Employee Benefits %" = "6100" / "5800";
ENDFIX
ENDFIX

]]></script>
    </rule>
  </rules>
  <components></components>
</HBRRepo>