<?xml version="1.0" encoding="UTF-8"?>
<HBRRepo>
  <variables></variables>
  <rulesets></rulesets>
  <rules>
    <rule id="1" name="Operating Expenses Set Driver" product="Planning">
      <property name="application">Vision</property>
      <property name="plantype">Plan1</property>
      <property name="display_label">Operating Expenses Set Driver</property>
      <property name="enablePostProcessing">false</property>
      <property name="enablePreProcessing">false</property>
      <script type="calcscript"><![CDATA[SET UPDATECALC OFF;
SET AGGMISSG ON;
FIX("BaseData")

FIX ("Plan",&NextYear,@CHILDREN("403"),"BegBalance","P_000")
	"Method" (
	IF ("Actual"->&ActVersion->&LastYr->"YearTotal" == #missing AND NOT @ISMBR("7110"))
	"Method" = #missing;
  "Driver" = #missing;
	"Rate Pct" = #missing;
	ELSE
	"Method" = "No Entity"->"Method";
  "Driver" = "No Entity"->"Driver";
	"Rate Pct" = "No Entity"->"Rate Pct";
	ENDIF
	)
ENDFIX
ENDFIX

]]></script>
    </rule>
  </rules>
  <components></components>
</HBRRepo>