<?xml version="1.0" encoding="UTF-8"?>
<HBRRepo>
  <variables>
    <variable name="Department" type="member" usage="const" id="1" product="Planning">
      <property name="application">Vision</property>
      <property name="dimensionType">Entity</property>
      <property name="prompt_text">Select Department</property>
      <property name="useLastValue">false</property>
      <value>"000"</value>
    </variable>
    <variable name="Version" type="member" usage="const" id="2" product="Planning">
      <property name="application">Vision</property>
      <property name="dimensionInputMode">type</property>
      <property name="dimensionType">Version</property>
      <property name="prompt_text">ID_PRMTEXT_VERSION</property>
      <value>"Working"</value>
      <limits type="list">
        <property name="value">"Working","What If","Most Likely","Best Case","Worst Case"</property>
      </limits>
    </variable>
  </variables>
  <rulesets></rulesets>
  <rules>
    <rule id="1" name="Revenue Plan" product="Planning">
      <property name="application">Vision</property>
      <property name="plantype">Plan1</property>
      <property name="display_label">Revenue Plan</property>
      <variable_references>
        <variable_reference name="Department" id="1">
          <property name="application">Vision</property>
          <property name="hasvalue">true</property>
          <property name="hidden">false</property>
          <property name="rule_name">Revenue Plan</property>
          <property name="seq">1</property>
          <property name="type">3</property>
          <property name="useAsOverrideValue">false</property>
        </variable_reference>
      </variable_references>
      <script type="calcscript"><![CDATA[FIX ("BaseData")
                  SET UPDATECALC OFF ;
                  
                                    SET AGGMISSG ON;
                  
                  
  FIX (&NextYear,"Plan",{Version})
    FIX ("Jan":"Dec",@DESCENDANTS({Department}))
      FIX (@CHILDREN("P_TP1"),@CHILDREN("P_TP2"),@CHILDREN("P_TP3"))
        "Units" = @ROUND("Units",0);
        "4110";
        "4120":"4140";
        "5110";
      ENDFIX
      "Sales Calls";
    ENDFIX
    "7730";
  ENDFIX
ENDFIX]]></script>
    </rule>
  </rules>
  <components></components>
</HBRRepo>