<?xml version="1.0" encoding="UTF-8"?>
<HBRRepo>
  <variables>
    <variable name="Department" type="member" usage="const" id="1" product="Planning">
      <property name="application">Vision</property>
      <property name="dimensionType">Entity</property>
      <property name="prompt_text">Select Department</property>
      <property name="useLastValue">false</property>
      <value>"000"</value>
    </variable>
    <variable name="Scenario" type="member" usage="const" id="2" product="Planning">
      <property name="application">Vision</property>
      <property name="dimensionInputMode">type</property>
      <property name="dimensionType">Scenario</property>
      <property name="prompt_text">Select scenario</property>
      <property name="scope">ruleset</property>
      <value>"Plan"</value>
    </variable>
  </variables>
  <rulesets></rulesets>
  <rules>
    <rule id="1" name="Services Revenue" product="Planning">
      <property name="application">Vision</property>
      <property name="plantype">Plan1</property>
      <variable_references>
        <variable_reference name="Department" id="1">
          <property name="application">Vision</property>
          <property name="hasvalue">true</property>
          <property name="hidden">false</property>
          <property name="rule_name">Services Revenue</property>
          <property name="seq">1</property>
          <property name="type">3</property>
          <property name="useAsOverrideValue">false</property>
        </variable_reference>
        <variable_reference name="Scenario" id="2">
          <property name="application">Vision</property>
          <property name="hasvalue">true</property>
          <property name="hidden">false</property>
          <property name="rule_name">Services Revenue</property>
          <property name="seq">2</property>
          <property name="type">3</property>
          <property name="useAsOverrideValue">false</property>
        </variable_reference>
      </variable_references>
      <script type="calcscript"><![CDATA[/* Create blocks for services revenue for new versions*/
FIX ("BaseData",{Scenario},{Department},@CHILDREN("P_TP3"),"4120":"4150","5110","Jan":"Dec")
   &NextYear = 0;
ENDFIX]]></script>
    </rule>
  </rules>
  <components></components>
</HBRRepo>