﻿SmartList Name, Operation, Label, Display Order, Missing Label, Use Form Missing Label, Member Selection, Entry ID, Entry Name, Entry Label, Automatically generate ID
CreditRatings,addsmartlist,Credit Ratings,id,,true,,,,,false
CreditRatings,addentry,,,,,,1,AA,ID_ENUMENTLABEL_AA,
CreditRatings,addentry,,,,,,2,AAA,ID_ENUMENTLABEL_AAA,
CreditRatings,addentry,,,,,,3,AAMinus,ID_ENUMENTLABEL_AA22,
CreditRatings,addentry,,,,,,4,A,ID_ENUMENTLABEL_A,
CreditRatings,addentry,,,,,,5,AMinus,ID_ENUMENTLABEL_A22,
CreditRatings,addentry,,,,,,6,AAPlus,ID_ENUMENTLABEL_AA11,
CreditRatings,addentry,,,,,,7,APlus,ID_ENUMENTLABEL_A11,
CreditRatings,addentry,,,,,,8,B,ID_ENUMENTLABEL_B,
CreditRatings,addentry,,,,,,9,BPlus,ID_ENUMENTLABEL_B11,
CreditRatings,addentry,,,,,,10,BMinus,ID_ENUMENTLABEL_B22,
CreditRatings,addentry,,,,,,11,BB,ID_ENUMENTLABEL_BB,
CreditRatings,addentry,,,,,,12,BBPlus,ID_ENUMENTLABEL_BB11,
CreditRatings,addentry,,,,,,13,BBMinus,ID_ENUMENTLABEL_BB22,
CreditRatings,addentry,,,,,,14,BBB,ID_ENUMENTLABEL_BBB,
CreditRatings,addentry,,,,,,15,AAAMinus,AAA-,
CreditRatings,addentry,,,,,,16,BBBPlus,BBB+,
CreditRatings,addentry,,,,,,17,BBBMinus,BBB-,
CreditRatings,addentry,,,,,,18,CCCPlus,CCC+,
CreditRatings,addentry,,,,,,19,CCC,CCC,
