﻿SmartList Name, Operation, Label, Display Order, Missing Label, Use Form Missing Label, Member Selection, Entry ID, Entry Name, Entry Label, Automatically generate ID
Drivers,addsmartlist,Drivers,id,,true,,,,,false
Drivers,addentry,,,,,,1,RevPct,% of Revenue,
Drivers,addentry,,,,,,2,Units,Units,
Drivers,addentry,,,,,,3,Hours,FTE Hours,
Drivers,addentry,,,,,,4,SalesCalls,Sales Calls,
Drivers,addentry,,,,,,5,Trips,Trips,
Drivers,addentry,,,,,,6,SqFt,Square Feet,
Drivers,addentry,,,,,,7,None,None,
