<?xml version="1.0" encoding="UTF-8" ?>
<columnDetails>
<dimMappings>
 <dimMapping dimName="Scenario" mappedAs="DIM1" />
 <dimMapping dimName="Account" mappedAs="DIM2" />
 <dimMapping dimName="Entity" mappedAs="DIM3" />
 <dimMapping dimName="Period" mappedAs="DIM4" />
 <dimMapping dimName="Version" mappedAs="DIM5" />
 <dimMapping dimName="Year" mappedAs="DIM6" />
 <dimMapping dimName="HSP_View" mappedAs="DIM7" />
 <dimMapping dimName="Product" mappedAs="DIM8" />
 <dimMapping dimName="AltYear" mappedAs="DIM9" />
 <dimMapping dimName="Channel" mappedAs="DIM10" />
</dimMappings>
 <planType planName="Plan1" >
<columnDetail>
 <DIM1>Forecast</DIM1>
 <DIM2>CapEx: Furniture</DIM2>
 <DIM3>410</DIM3>
 <DIM4>Aug</DIM4>
 <DIM5>Working</DIM5>
 <DIM6>FY13</DIM6>
 <DIM7>BaseData</DIM7>
 <DIM8>P_000</DIM8>
<columnDetailItem>
 <value>10000</value>
 <position>0</position>
 <generation>0</generation>
 <operator>1</operator>
 <label>New cubicles</label>
</columnDetailItem>
<columnDetailItem>
 <value>4</value>
 <position>1</position>
 <generation>1</generation>
 <operator>1</operator>
 <label>Units</label>
</columnDetailItem>
<columnDetailItem>
 <value>2500</value>
 <position>2</position>
 <generation>1</generation>
 <operator>3</operator>
 <label>Cost per Unit</label>
</columnDetailItem>
</columnDetail>
<columnDetail>
 <DIM1>Plan</DIM1>
 <DIM2>CapEx: Computers and Software</DIM2>
 <DIM3>410</DIM3>
 <DIM4>Feb</DIM4>
 <DIM5>Working</DIM5>
 <DIM6>FY15</DIM6>
 <DIM7>BaseData</DIM7>
 <DIM8>P_000</DIM8>
<columnDetailItem>
 <value>6000</value>
 <position>0</position>
 <generation>0</generation>
 <operator>1</operator>
 <label>New laptops</label>
</columnDetailItem>
<columnDetailItem>
 <value>3</value>
 <position>1</position>
 <generation>1</generation>
 <operator>1</operator>
 <label>Units</label>
</columnDetailItem>
<columnDetailItem>
 <value>2000</value>
 <position>2</position>
 <generation>1</generation>
 <operator>3</operator>
 <label>Cost per Unit</label>
</columnDetailItem>
</columnDetail>
<columnDetail>
 <DIM1>Plan</DIM1>
 <DIM2>4120</DIM2>
 <DIM3>420</DIM3>
 <DIM4>Jan</DIM4>
 <DIM5>Best Case</DIM5>
 <DIM6>FY15</DIM6>
 <DIM7>BaseData</DIM7>
 <DIM8>P_293</DIM8>
<columnDetailItem>
 <value>120000</value>
 <position>0</position>
 <generation>0</generation>
 <operator>1</operator>
 <label>Gold Support</label>
</columnDetailItem>
<columnDetailItem>
 <value>80000</value>
 <position>1</position>
 <generation>0</generation>
 <operator>1</operator>
 <label>Silver Support</label>
</columnDetailItem>
<columnDetailItem>
 <value>140000</value>
 <position>2</position>
 <generation>0</generation>
 <operator>1</operator>
 <label>24x7 Support</label>
</columnDetailItem>
</columnDetail>
<columnDetail>
 <DIM1>Plan</DIM1>
 <DIM2>4120</DIM2>
 <DIM3>420</DIM3>
 <DIM4>Feb</DIM4>
 <DIM5>Best Case</DIM5>
 <DIM6>FY15</DIM6>
 <DIM7>BaseData</DIM7>
 <DIM8>P_293</DIM8>
<columnDetailItem>
 <value>60000</value>
 <position>0</position>
 <generation>0</generation>
 <operator>1</operator>
 <label>Gold Support</label>
</columnDetailItem>
<columnDetailItem>
 <value>40000</value>
 <position>1</position>
 <generation>0</generation>
 <operator>1</operator>
 <label>Silver Support</label>
</columnDetailItem>
<columnDetailItem>
 <value>90000</value>
 <position>2</position>
 <generation>0</generation>
 <operator>1</operator>
 <label>24x7 Support</label>
</columnDetailItem>
</columnDetail>
<columnDetail>
 <DIM1>Plan</DIM1>
 <DIM2>4120</DIM2>
 <DIM3>420</DIM3>
 <DIM4>Mar</DIM4>
 <DIM5>Best Case</DIM5>
 <DIM6>FY15</DIM6>
 <DIM7>BaseData</DIM7>
 <DIM8>P_293</DIM8>
<columnDetailItem>
 <value>70000</value>
 <position>0</position>
 <generation>0</generation>
 <operator>1</operator>
 <label>Gold Support</label>
</columnDetailItem>
<columnDetailItem>
 <value>30000</value>
 <position>1</position>
 <generation>0</generation>
 <operator>1</operator>
 <label>Silver Support</label>
</columnDetailItem>
<columnDetailItem>
 <value>140000</value>
 <position>2</position>
 <generation>0</generation>
 <operator>1</operator>
 <label>24x7 Support</label>
</columnDetailItem>
</columnDetail>
</planType>
 <planType planName="Plan2" >
</planType>
 <planType planName="Plan3" >
</planType>
 <planType planName="VisASO" >
</planType>
 <planType planName="Vis1ASO" >
</planType>
</columnDetails>
