<?xml version="1.0" encoding="utf-8"?><artifactListing><resource name="Application Definition" id="Application Definition" type="Planning AppDefinition" cloneOnly="false" size="" path="/Configuration/Properties" pathAlias="/Configuration/Properties" modifiedBy="" lastUpdated="" description="" /><resource name="Application Settings" id="Application Settings" type="Application Settings" cloneOnly="false" size="" path="/Configuration/Properties" pathAlias="/Configuration/Properties" modifiedBy="" lastUpdated="" description="" /><resource name="ProjectType" id="ProjectType" type="Smart List" cloneOnly="false" size="" path="/Global Artifacts/Smart Lists" pathAlias="/Global Artifacts/Smart Lists" modifiedBy="SYSTEM" lastUpdated="1701235650000" description="" /><resource name="Priority" id="Priority" type="Smart List" cloneOnly="false" size="" path="/Global Artifacts/Smart Lists" pathAlias="/Global Artifacts/Smart Lists" modifiedBy="SYSTEM" lastUpdated="1701235650000" description="" /><resource name="Channel" id="Channel" type="Smart List" cloneOnly="false" size="" path="/Global Artifacts/Smart Lists" pathAlias="/Global Artifacts/Smart Lists" modifiedBy="SYSTEM" lastUpdated="1701235650000" description="" /><resource name="CreditRatings" id="CreditRatings" type="Smart List" cloneOnly="false" size="" path="/Global Artifacts/Smart Lists" pathAlias="/Global Artifacts/Smart Lists" modifiedBy="SYSTEM" lastUpdated="1701235650000" description="" /><resource name="Method" id="Method" type="Smart List" cloneOnly="false" size="" path="/Global Artifacts/Smart Lists" pathAlias="/Global Artifacts/Smart Lists" modifiedBy="SYSTEM" lastUpdated="1701235650000" description="" /><resource name="Drivers" id="Drivers" type="Smart List" cloneOnly="false" size="" path="/Global Artifacts/Smart Lists" pathAlias="/Global Artifacts/Smart Lists" modifiedBy="SYSTEM" lastUpdated="1701235650000" description="" /><resource name="YesNo" id="YesNo" type="Smart List" cloneOnly="false" size="" path="/Global Artifacts/Smart Lists" pathAlias="/Global Artifacts/Smart Lists" modifiedBy="SYSTEM" lastUpdated="1701235650000" description="" /><resource name="Year" id="Year" type="Year Dimension" cloneOnly="false" size="" path="/Global Artifacts/Common Dimensions/Standard Dimensions" pathAlias="/Global Artifacts/Common Dimensions/Standard Dimensions" modifiedBy="SYSTEM" lastUpdated="1701235651000" description="" /><resource name="Period" id="Period" type="Period Dimension" cloneOnly="false" size="" path="/Global Artifacts/Common Dimensions/Standard Dimensions" pathAlias="/Global Artifacts/Common Dimensions/Standard Dimensions" modifiedBy="SYSTEM" lastUpdated="1701235652000" description="" /><resource name="Cube Properties" id="Cube Properties" type="Cube Properties" cloneOnly="false" size="" path="/Cube/Plan1" pathAlias="/Cube/Plan1" modifiedBy="" lastUpdated="" description="" /><resource name="Cube Properties" id="Cube Properties" type="Cube Properties" cloneOnly="false" size="" path="/Cube/Plan2" pathAlias="/Cube/Plan2" modifiedBy="" lastUpdated="" description="" /><resource name="Cube Properties" id="Cube Properties" type="Cube Properties" cloneOnly="false" size="" path="/Cube/Plan3" pathAlias="/Cube/Plan3" modifiedBy="" lastUpdated="" description="" /><resource name="Cube Properties" id="Cube Properties" type="Cube Properties" cloneOnly="false" size="" path="/Cube/VisASO" pathAlias="/Cube/VisASO" modifiedBy="" lastUpdated="" description="" /><resource name="Cube Properties" id="Cube Properties" type="Cube Properties" cloneOnly="false" size="" path="/Cube/Vis1ASO" pathAlias="/Cube/Vis1ASO" modifiedBy="" lastUpdated="" description="" /><resource name="Add Department" id="Add Department" type="Rule" cloneOnly="false" size="" path="/Cube/Plan1/Calculation Manager Rules" pathAlias="/Cube/Plan1/Calculation Manager Rules" modifiedBy="SYSTEM" lastUpdated="1701235652000" description="" /><resource name="Aggregate Strategic Plan Versions" id="Aggregate Strategic Plan Versions" type="Rule" cloneOnly="false" size="" path="/Cube/Plan1/Calculation Manager Rules" pathAlias="/Cube/Plan1/Calculation Manager Rules" modifiedBy="SYSTEM" lastUpdated="1701235652000" description="" /><resource name="Allocate Plan Targets" id="Allocate Plan Targets" type="Rule" cloneOnly="false" size="" path="/Cube/Plan1/Calculation Manager Rules" pathAlias="/Cube/Plan1/Calculation Manager Rules" modifiedBy="SYSTEM" lastUpdated="1701235652000" description="" /><resource name="Balance Sheet - Plan" id="Balance Sheet - Plan" type="Rule" cloneOnly="false" size="" path="/Cube/Plan1/Calculation Manager Rules" pathAlias="/Cube/Plan1/Calculation Manager Rules" modifiedBy="SYSTEM" lastUpdated="1701235653000" description="" /><resource name="Balance Sheet and Cash Flow - Actual" id="Balance Sheet and Cash Flow - Actual" type="Rule" cloneOnly="false" size="" path="/Cube/Plan1/Calculation Manager Rules" pathAlias="/Cube/Plan1/Calculation Manager Rules" modifiedBy="SYSTEM" lastUpdated="1701235652000" description="" /><resource name="Calc Actual for Prediction" id="Calc Actual for Prediction" type="Rule" cloneOnly="false" size="" path="/Cube/Plan1/Calculation Manager Rules" pathAlias="/Cube/Plan1/Calculation Manager Rules" modifiedBy="SYSTEM" lastUpdated="1701235652000" description="" /><resource name="Cash Flow - Forecast" id="Cash Flow - Forecast" type="Rule" cloneOnly="false" size="" path="/Cube/Plan1/Calculation Manager Rules" pathAlias="/Cube/Plan1/Calculation Manager Rules" modifiedBy="SYSTEM" lastUpdated="1701235653000" description="" /><resource name="Cash Flow - Plan" id="Cash Flow - Plan" type="Rule" cloneOnly="false" size="" path="/Cube/Plan1/Calculation Manager Rules" pathAlias="/Cube/Plan1/Calculation Manager Rules" modifiedBy="SYSTEM" lastUpdated="1701235653000" description="" /><resource name="Clear Data" id="Clear Data" type="Rule" cloneOnly="false" size="" path="/Cube/Plan1/Calculation Manager Rules" pathAlias="/Cube/Plan1/Calculation Manager Rules" modifiedBy="SYSTEM" lastUpdated="1701235652000" description="" /><resource name="Clear Facilities Allocation" id="Clear Facilities Allocation" type="Rule" cloneOnly="false" size="" path="/Cube/Plan1/Calculation Manager Rules" pathAlias="/Cube/Plan1/Calculation Manager Rules" modifiedBy="SYSTEM" lastUpdated="1701235652000" description="" /><resource name="Clear HR Allocation" id="Clear HR Allocation" type="Rule" cloneOnly="false" size="" path="/Cube/Plan1/Calculation Manager Rules" pathAlias="/Cube/Plan1/Calculation Manager Rules" modifiedBy="SYSTEM" lastUpdated="1701235652000" description="" /><resource name="Clear Plan Targets" id="Clear Plan Targets" type="Rule" cloneOnly="false" size="" path="/Cube/Plan1/Calculation Manager Rules" pathAlias="/Cube/Plan1/Calculation Manager Rules" modifiedBy="SYSTEM" lastUpdated="1701235652000" description="" /><resource name="Copy Channel" id="Copy Channel" type="Rule" cloneOnly="false" size="" path="/Cube/Plan1/Calculation Manager Rules" pathAlias="/Cube/Plan1/Calculation Manager Rules" modifiedBy="SYSTEM" lastUpdated="1701235653000" description="" /><resource name="Create Forecast" id="Create Forecast" type="Rule" cloneOnly="false" size="" path="/Cube/Plan1/Calculation Manager Rules" pathAlias="/Cube/Plan1/Calculation Manager Rules" modifiedBy="SYSTEM" lastUpdated="1701235652000" description="" /><resource name="Facilities Allocation" id="Facilities Allocation" type="Rule" cloneOnly="false" size="" path="/Cube/Plan1/Calculation Manager Rules" pathAlias="/Cube/Plan1/Calculation Manager Rules" modifiedBy="SYSTEM" lastUpdated="1701235652000" description="" /><resource name="HR Allocation" id="HR Allocation" type="Rule" cloneOnly="false" size="" path="/Cube/Plan1/Calculation Manager Rules" pathAlias="/Cube/Plan1/Calculation Manager Rules" modifiedBy="SYSTEM" lastUpdated="1701235652000" description="" /><resource name="Income Statement - Actual" id="Income Statement - Actual" type="Rule" cloneOnly="false" size="" path="/Cube/Plan1/Calculation Manager Rules" pathAlias="/Cube/Plan1/Calculation Manager Rules" modifiedBy="SYSTEM" lastUpdated="1701235652000" description="" /><resource name="Income Statement - Forecast" id="Income Statement - Forecast" type="Rule" cloneOnly="false" size="" path="/Cube/Plan1/Calculation Manager Rules" pathAlias="/Cube/Plan1/Calculation Manager Rules" modifiedBy="SYSTEM" lastUpdated="1701235652000" description="" /><resource name="Income Statement - Plan" id="Income Statement - Plan" type="Rule" cloneOnly="false" size="" path="/Cube/Plan1/Calculation Manager Rules" pathAlias="/Cube/Plan1/Calculation Manager Rules" modifiedBy="SYSTEM" lastUpdated="1701235653000" description="" /><resource name="Income Statement - Plan PY" id="Income Statement - Plan PY" type="Rule" cloneOnly="false" size="" path="/Cube/Plan1/Calculation Manager Rules" pathAlias="/Cube/Plan1/Calculation Manager Rules" modifiedBy="SYSTEM" lastUpdated="1701235652000" description="" /><resource name="Operating Expense Adj Plan" id="Operating Expense Adj Plan" type="Rule" cloneOnly="false" size="" path="/Cube/Plan1/Calculation Manager Rules" pathAlias="/Cube/Plan1/Calculation Manager Rules" modifiedBy="SYSTEM" lastUpdated="1701235653000" description="" /><resource name="Operating Expenses Forecast" id="Operating Expenses Forecast" type="Rule" cloneOnly="false" size="" path="/Cube/Plan1/Calculation Manager Rules" pathAlias="/Cube/Plan1/Calculation Manager Rules" modifiedBy="SYSTEM" lastUpdated="1701235652000" description="" /><resource name="Operating Expenses Plan" id="Operating Expenses Plan" type="Rule" cloneOnly="false" size="" path="/Cube/Plan1/Calculation Manager Rules" pathAlias="/Cube/Plan1/Calculation Manager Rules" modifiedBy="SYSTEM" lastUpdated="1701235653000" description="" /><resource name="Operating Expenses Set Driver" id="Operating Expenses Set Driver" type="Rule" cloneOnly="false" size="" path="/Cube/Plan1/Calculation Manager Rules" pathAlias="/Cube/Plan1/Calculation Manager Rules" modifiedBy="SYSTEM" lastUpdated="1701235652000" description="" /><resource name="Revenue Forecast" id="Revenue Forecast" type="Rule" cloneOnly="false" size="" path="/Cube/Plan1/Calculation Manager Rules" pathAlias="/Cube/Plan1/Calculation Manager Rules" modifiedBy="SYSTEM" lastUpdated="1701235652000" description="" /><resource name="Revenue Plan" id="Revenue Plan" type="Rule" cloneOnly="false" size="" path="/Cube/Plan1/Calculation Manager Rules" pathAlias="/Cube/Plan1/Calculation Manager Rules" modifiedBy="SYSTEM" lastUpdated="1701235653000" description="" /><resource name="Balance Sheet - Forecast" id="Balance Sheet - Forecast" type="Rule" cloneOnly="false" size="" path="/Cube/Plan1/Calculation Manager Rules" pathAlias="/Cube/Plan1/Calculation Manager Rules" modifiedBy="SYSTEM" lastUpdated="1701235653000" description="" /><resource name="Services Revenue" id="Services Revenue" type="Rule" cloneOnly="false" size="" path="/Cube/Plan1/Calculation Manager Rules" pathAlias="/Cube/Plan1/Calculation Manager Rules" modifiedBy="SYSTEM" lastUpdated="1701235652000" description="" /><resource name="Services Revenue - Forecast" id="Services Revenue - Forecast" type="Rule" cloneOnly="false" size="" path="/Cube/Plan1/Calculation Manager Rules" pathAlias="/Cube/Plan1/Calculation Manager Rules" modifiedBy="SYSTEM" lastUpdated="1701235652000" description="" /><resource name="Clear GL Data" id="Clear GL Data" type="Rule" cloneOnly="false" size="" path="/Cube/Plan1/Calculation Manager Rules" pathAlias="/Cube/Plan1/Calculation Manager Rules" modifiedBy="SYSTEM" lastUpdated="1701235652000" description="" /><resource name="Financial Statements - Forecast" id="Financial Statements - Forecast" type="Ruleset" cloneOnly="false" size="" path="/Global Artifacts/Calculation Manager Rulesets" pathAlias="/Global Artifacts/Calculation Manager Rulesets" modifiedBy="SYSTEM" lastUpdated="1701235653000" description="" /><resource name="Revenue Plan" id="Revenue Plan" type="Ruleset" cloneOnly="false" size="" path="/Global Artifacts/Calculation Manager Rulesets" pathAlias="/Global Artifacts/Calculation Manager Rulesets" modifiedBy="SYSTEM" lastUpdated="1701235653000" description="" /><resource name="Financial Statements - Plan" id="Financial Statements - Plan" type="Ruleset" cloneOnly="false" size="" path="/Global Artifacts/Calculation Manager Rulesets" pathAlias="/Global Artifacts/Calculation Manager Rulesets" modifiedBy="SYSTEM" lastUpdated="1701235653000" description="" /><resource name="Calculate Plan Operating Expenses" id="Calculate Plan Operating Expenses" type="Ruleset" cloneOnly="false" size="" path="/Global Artifacts/Calculation Manager Rulesets" pathAlias="/Global Artifacts/Calculation Manager Rulesets" modifiedBy="SYSTEM" lastUpdated="1701235653000" description="" /><resource name="QRFPer2" id="QRFPer2" type="Substitution Variable" cloneOnly="false" size="" path="/Global Artifacts/Substitution Variables" pathAlias="/Global Artifacts/Substitution Variables" modifiedBy="SYSTEM" lastUpdated="1701235653000" description="" /><resource name="CurForecast" id="CurForecast" type="Substitution Variable" cloneOnly="false" size="" path="/Global Artifacts/Substitution Variables" pathAlias="/Global Artifacts/Substitution Variables" modifiedBy="SYSTEM" lastUpdated="1701235653000" description="" /><resource name="NextYear" id="NextYear" type="Substitution Variable" cloneOnly="false" size="" path="/Global Artifacts/Substitution Variables" pathAlias="/Global Artifacts/Substitution Variables" modifiedBy="SYSTEM" lastUpdated="1701235653000" description="" /><resource name="QCYPer1" id="QCYPer1" type="Substitution Variable" cloneOnly="false" size="" path="/Global Artifacts/Substitution Variables" pathAlias="/Global Artifacts/Substitution Variables" modifiedBy="SYSTEM" lastUpdated="1701235653000" description="" /><resource name="Yr3" id="Yr3" type="Substitution Variable" cloneOnly="false" size="" path="/Global Artifacts/Substitution Variables" pathAlias="/Global Artifacts/Substitution Variables" modifiedBy="SYSTEM" lastUpdated="1701235653000" description="" /><resource name="ThisYear" id="ThisYear" type="Substitution Variable" cloneOnly="false" size="" path="/Global Artifacts/Substitution Variables" pathAlias="/Global Artifacts/Substitution Variables" modifiedBy="SYSTEM" lastUpdated="1701235653000" description="" /><resource name="QCYPer2" id="QCYPer2" type="Substitution Variable" cloneOnly="false" size="" path="/Global Artifacts/Substitution Variables" pathAlias="/Global Artifacts/Substitution Variables" modifiedBy="SYSTEM" lastUpdated="1701235653000" description="" /><resource name="CurYr" id="CurYr" type="Substitution Variable" cloneOnly="false" size="" path="/Global Artifacts/Substitution Variables" pathAlias="/Global Artifacts/Substitution Variables" modifiedBy="SYSTEM" lastUpdated="1701235653000" description="" /><resource name="CurVersion" id="CurVersion" type="Substitution Variable" cloneOnly="false" size="" path="/Global Artifacts/Substitution Variables" pathAlias="/Global Artifacts/Substitution Variables" modifiedBy="SYSTEM" lastUpdated="1701235653000" description="" /><resource name="ActVersion" id="ActVersion" type="Substitution Variable" cloneOnly="false" size="" path="/Global Artifacts/Substitution Variables" pathAlias="/Global Artifacts/Substitution Variables" modifiedBy="SYSTEM" lastUpdated="1701235653000" description="" /><resource name="QCYYr2" id="QCYYr2" type="Substitution Variable" cloneOnly="false" size="" path="/Global Artifacts/Substitution Variables" pathAlias="/Global Artifacts/Substitution Variables" modifiedBy="SYSTEM" lastUpdated="1701235653000" description="" /><resource name="QRFYr1" id="QRFYr1" type="Substitution Variable" cloneOnly="false" size="" path="/Global Artifacts/Substitution Variables" pathAlias="/Global Artifacts/Substitution Variables" modifiedBy="SYSTEM" lastUpdated="1701235653000" description="" /><resource name="QRFPer1" id="QRFPer1" type="Substitution Variable" cloneOnly="false" size="" path="/Global Artifacts/Substitution Variables" pathAlias="/Global Artifacts/Substitution Variables" modifiedBy="SYSTEM" lastUpdated="1701235653000" description="" /><resource name="StartYr" id="StartYr" type="Substitution Variable" cloneOnly="false" size="" path="/Global Artifacts/Substitution Variables" pathAlias="/Global Artifacts/Substitution Variables" modifiedBy="SYSTEM" lastUpdated="1701235653000" description="" /><resource name="PlanVersion" id="PlanVersion" type="Substitution Variable" cloneOnly="false" size="" path="/Global Artifacts/Substitution Variables" pathAlias="/Global Artifacts/Substitution Variables" modifiedBy="SYSTEM" lastUpdated="1701235653000" description="" /><resource name="Yr5" id="Yr5" type="Substitution Variable" cloneOnly="false" size="" path="/Global Artifacts/Substitution Variables" pathAlias="/Global Artifacts/Substitution Variables" modifiedBy="SYSTEM" lastUpdated="1701235653000" description="" /><resource name="ThisMonth" id="ThisMonth" type="Substitution Variable" cloneOnly="false" size="" path="/Global Artifacts/Substitution Variables" pathAlias="/Global Artifacts/Substitution Variables" modifiedBy="SYSTEM" lastUpdated="1701235653000" description="" /><resource name="StartYr1" id="StartYr1" type="Substitution Variable" cloneOnly="false" size="" path="/Global Artifacts/Substitution Variables" pathAlias="/Global Artifacts/Substitution Variables" modifiedBy="SYSTEM" lastUpdated="1701235654000" description="" /><resource name="StartYr2" id="StartYr2" type="Substitution Variable" cloneOnly="false" size="" path="/Global Artifacts/Substitution Variables" pathAlias="/Global Artifacts/Substitution Variables" modifiedBy="SYSTEM" lastUpdated="1701235654000" description="" /><resource name="Year3" id="Year3" type="Substitution Variable" cloneOnly="false" size="" path="/Global Artifacts/Substitution Variables" pathAlias="/Global Artifacts/Substitution Variables" modifiedBy="SYSTEM" lastUpdated="1701235654000" description="" /><resource name="CurEntity" id="CurEntity" type="Substitution Variable" cloneOnly="false" size="" path="/Global Artifacts/Substitution Variables" pathAlias="/Global Artifacts/Substitution Variables" modifiedBy="SYSTEM" lastUpdated="1701235654000" description="" /><resource name="Yr4" id="Yr4" type="Substitution Variable" cloneOnly="false" size="" path="/Global Artifacts/Substitution Variables" pathAlias="/Global Artifacts/Substitution Variables" modifiedBy="SYSTEM" lastUpdated="1701235654000" description="" /><resource name="LastYr" id="LastYr" type="Substitution Variable" cloneOnly="false" size="" path="/Global Artifacts/Substitution Variables" pathAlias="/Global Artifacts/Substitution Variables" modifiedBy="SYSTEM" lastUpdated="1701235654000" description="" /><resource name="QRFYr2" id="QRFYr2" type="Substitution Variable" cloneOnly="false" size="" path="/Global Artifacts/Substitution Variables" pathAlias="/Global Artifacts/Substitution Variables" modifiedBy="SYSTEM" lastUpdated="1701235654000" description="" /><resource name="MonthYTD" id="MonthYTD" type="Substitution Variable" cloneOnly="false" size="" path="/Global Artifacts/Substitution Variables" pathAlias="/Global Artifacts/Substitution Variables" modifiedBy="SYSTEM" lastUpdated="1701235654000" description="" /><resource name="QCYYr1" id="QCYYr1" type="Substitution Variable" cloneOnly="false" size="" path="/Global Artifacts/Substitution Variables" pathAlias="/Global Artifacts/Substitution Variables" modifiedBy="SYSTEM" lastUpdated="1701235654000" description="" /><resource name="CurScenario" id="CurScenario" type="Substitution Variable" cloneOnly="false" size="" path="/Global Artifacts/Substitution Variables" pathAlias="/Global Artifacts/Substitution Variables" modifiedBy="SYSTEM" lastUpdated="1701235654000" description="" /><resource name="QRFYr4" id="QRFYr4" type="Substitution Variable" cloneOnly="false" size="" path="/Global Artifacts/Substitution Variables" pathAlias="/Global Artifacts/Substitution Variables" modifiedBy="SYSTEM" lastUpdated="1701235654000" description="" /><resource name="QRFYr3" id="QRFYr3" type="Substitution Variable" cloneOnly="false" size="" path="/Global Artifacts/Substitution Variables" pathAlias="/Global Artifacts/Substitution Variables" modifiedBy="SYSTEM" lastUpdated="1701235654000" description="" /><resource name="QRFPer3" id="QRFPer3" type="Substitution Variable" cloneOnly="false" size="" path="/Global Artifacts/Substitution Variables" pathAlias="/Global Artifacts/Substitution Variables" modifiedBy="SYSTEM" lastUpdated="1701235654000" description="" /><resource name="QRFPer4" id="QRFPer4" type="Substitution Variable" cloneOnly="false" size="" path="/Global Artifacts/Substitution Variables" pathAlias="/Global Artifacts/Substitution Variables" modifiedBy="SYSTEM" lastUpdated="1701235654000" description="" /><resource name="ForVersion" id="ForVersion" type="Substitution Variable" cloneOnly="false" size="" path="/Global Artifacts/Substitution Variables" pathAlias="/Global Artifacts/Substitution Variables" modifiedBy="SYSTEM" lastUpdated="1701235654000" description="" /><resource name="EvenlySplit" id="EvenlySplit" type="Spread Pattern" cloneOnly="false" size="" path="/Global Artifacts/Spread Patterns" pathAlias="/Global Artifacts/Spread Patterns" modifiedBy="SYSTEM" lastUpdated="1701235654000" description="" /><resource name="Fill" id="Fill" type="Spread Pattern" cloneOnly="false" size="" path="/Global Artifacts/Spread Patterns" pathAlias="/Global Artifacts/Spread Patterns" modifiedBy="SYSTEM" lastUpdated="1701235654000" description="" /><resource name="Market Size" id="Market Size" type="Attribute Dimension" cloneOnly="false" size="" path="/Global Artifacts/Common Dimensions/Attribute Dimensions" pathAlias="/Global Artifacts/Common Dimensions/Attribute Dimensions" modifiedBy="SYSTEM" lastUpdated="1701235654000" description="" /><resource name="Scenario" id="Scenario" type="Scenario Dimension" cloneOnly="false" size="" path="/Global Artifacts/Common Dimensions/Standard Dimensions" pathAlias="/Global Artifacts/Common Dimensions/Standard Dimensions" modifiedBy="SYSTEM" lastUpdated="1701235655000" description="" /><resource name="Version" id="Version" type="Version Dimension" cloneOnly="false" size="" path="/Global Artifacts/Common Dimensions/Standard Dimensions" pathAlias="/Global Artifacts/Common Dimensions/Standard Dimensions" modifiedBy="SYSTEM" lastUpdated="1701235655000" description="" /><resource name="Entity" id="Entity" type="Entity Dimension" cloneOnly="false" size="" path="/Global Artifacts/Common Dimensions/Standard Dimensions" pathAlias="/Global Artifacts/Common Dimensions/Standard Dimensions" modifiedBy="SYSTEM" lastUpdated="1701235657000" description="" /><resource name="Account" id="Account" type="Account Dimension" cloneOnly="false" size="" path="/Global Artifacts/Common Dimensions/Standard Dimensions" pathAlias="/Global Artifacts/Common Dimensions/Standard Dimensions" modifiedBy="SYSTEM" lastUpdated="1701235659000" description="" /><resource name="Product" id="Product" type="Dimension" cloneOnly="false" size="" path="/Global Artifacts/Common Dimensions/Standard Dimensions" pathAlias="/Global Artifacts/Common Dimensions/Standard Dimensions" modifiedBy="SYSTEM" lastUpdated="1701235659000" description="" /><resource name="AltYear" id="AltYear" type="Dimension" cloneOnly="false" size="" path="/Cube/VisASO/Standard Dimensions" pathAlias="/Cube/VisASO/Standard Dimensions" modifiedBy="SYSTEM" lastUpdated="1701235659000" description="" /><resource name="Channel" id="Channel" type="Dimension" cloneOnly="false" size="" path="/Cube/Vis1ASO/Standard Dimensions" pathAlias="/Cube/Vis1ASO/Standard Dimensions" modifiedBy="SYSTEM" lastUpdated="1701235660000" description="" /><resource name="User Variables" id="User Variables" type="User Variables" cloneOnly="false" size="" path="/Configuration" pathAlias="/Configuration" modifiedBy="" lastUpdated="" description="" /><resource name="MapChannels" id="MapChannels" type="Reporting Mapping" cloneOnly="false" size="" path="/Global Artifacts/Reporting Mappings" pathAlias="/Global Artifacts/Reporting Mappings" modifiedBy="SYSTEM" lastUpdated="1701235660000" description="" /><resource name="Entity Hierarchy Forecast" id="Entity Hierarchy Forecast" type="Planning Unit Hierarchy" cloneOnly="false" size="" path="/Global Artifacts/Planning Unit Hierarchies" pathAlias="/Global Artifacts/Planning Unit Hierarchies" modifiedBy="SYSTEM" lastUpdated="1701235660000" description="" /><resource name="Entity Hierarchy Plan" id="Entity Hierarchy Plan" type="Planning Unit Hierarchy" cloneOnly="false" size="" path="/Global Artifacts/Planning Unit Hierarchies" pathAlias="/Global Artifacts/Planning Unit Hierarchies" modifiedBy="SYSTEM" lastUpdated="1701235660000" description="" /><resource name="Data Load Settings" id="Data Load Settings" type="Data Load Settings" cloneOnly="false" size="" path="/Configuration" pathAlias="/Configuration" modifiedBy="" lastUpdated="" description="" /><resource name="Region - Product" id="Region - Product" type="Valid Combination Rule" cloneOnly="false" size="" path="/Global Artifacts/Valid Combination Rules" pathAlias="/Global Artifacts/Valid Combination Rules" modifiedBy="SYSTEM" lastUpdated="1701235660000" description="" /><resource name="Allocate Facilities" id="Allocate Facilities" type="Menu" cloneOnly="false" size="" path="/Global Artifacts/Custom Menus" pathAlias="/Global Artifacts/Custom Menus" modifiedBy="SYSTEM" lastUpdated="1701235668000" description="" /><resource name="Allocate HR Expenses" id="Allocate HR Expenses" type="Menu" cloneOnly="false" size="" path="/Global Artifacts/Custom Menus" pathAlias="/Global Artifacts/Custom Menus" modifiedBy="SYSTEM" lastUpdated="1701235668000" description="" /><resource name="Allocate Plan Targets" id="Allocate Plan Targets" type="Menu" cloneOnly="false" size="" path="/Global Artifacts/Custom Menus" pathAlias="/Global Artifacts/Custom Menus" modifiedBy="SYSTEM" lastUpdated="1701235668000" description="" /><resource name="Previous Menu" id="Previous Menu" type="Menu" cloneOnly="false" size="" path="/Global Artifacts/Custom Menus" pathAlias="/Global Artifacts/Custom Menus" modifiedBy="SYSTEM" lastUpdated="1701235668000" description="" /><resource name="Calculate Inc Stmt Plan" id="Calculate Inc Stmt Plan" type="Menu" cloneOnly="false" size="" path="/Global Artifacts/Custom Menus" pathAlias="/Global Artifacts/Custom Menus" modifiedBy="SYSTEM" lastUpdated="1701235668000" description="" /><resource name="Calculate Inc Stmt Fcst" id="Calculate Inc Stmt Fcst" type="Menu" cloneOnly="false" size="" path="/Global Artifacts/Custom Menus" pathAlias="/Global Artifacts/Custom Menus" modifiedBy="SYSTEM" lastUpdated="1701235668000" description="" /><resource name="Clear GL Data" id="Clear GL Data" type="Menu" cloneOnly="false" size="" path="/Global Artifacts/Custom Menus" pathAlias="/Global Artifacts/Custom Menus" modifiedBy="SYSTEM" lastUpdated="1701235668000" description="" /><resource name="OpEx History" id="OpEx History" type="Menu" cloneOnly="false" size="" path="/Global Artifacts/Custom Menus" pathAlias="/Global Artifacts/Custom Menus" modifiedBy="SYSTEM" lastUpdated="1701235668000" description="" /><resource name="Calculate Fin Stmts Plan" id="Calculate Fin Stmts Plan" type="Menu" cloneOnly="false" size="" path="/Global Artifacts/Custom Menus" pathAlias="/Global Artifacts/Custom Menus" modifiedBy="SYSTEM" lastUpdated="1701235668000" description="" /><resource name="Calculate Fin Stmts Fcst" id="Calculate Fin Stmts Fcst" type="Menu" cloneOnly="false" size="" path="/Global Artifacts/Custom Menus" pathAlias="/Global Artifacts/Custom Menus" modifiedBy="SYSTEM" lastUpdated="1701235668000" description="" /><resource name="Member Dropdown" id="Member Dropdown" type="Menu" cloneOnly="false" size="" path="/Global Artifacts/Custom Menus" pathAlias="/Global Artifacts/Custom Menus" modifiedBy="SYSTEM" lastUpdated="1701235668000" description="" /><resource name="Set Selling Expense Drivers" id="Set Selling Expense Drivers" type="Data Form" cloneOnly="false" size="" path="/Cube/Plan1/Data Forms/Plan" pathAlias="/Cube/Plan1/Data Forms/Plan" modifiedBy="SYSTEM" lastUpdated="1701235661000" description="" /><resource name="Set Global Planning Assumptions" id="Set Global Planning Assumptions" type="Data Form" cloneOnly="false" size="" path="/Cube/Plan1/Data Forms/Plan" pathAlias="/Cube/Plan1/Data Forms/Plan" modifiedBy="SYSTEM" lastUpdated="1701235661000" description="" /><resource name="HR Allocation Driver" id="HR Allocation Driver" type="Data Form" cloneOnly="false" size="" path="/Cube/Plan1/Data Forms/Plan" pathAlias="/Cube/Plan1/Data Forms/Plan" modifiedBy="SYSTEM" lastUpdated="1701235661000" description="" /><resource name="HR Allocation Out" id="HR Allocation Out" type="Data Form" cloneOnly="false" size="" path="/Cube/Plan1/Data Forms/Plan" pathAlias="/Cube/Plan1/Data Forms/Plan" modifiedBy="SYSTEM" lastUpdated="1701235661000" description="" /><resource name="HR Expenses" id="HR Expenses" type="Data Form" cloneOnly="false" size="" path="/Cube/Plan1/Data Forms/Plan" pathAlias="/Cube/Plan1/Data Forms/Plan" modifiedBy="SYSTEM" lastUpdated="1701235661000" description="" /><resource name="Profit Performance Ratios - Plan vs Target" id="Profit Performance Ratios - Plan vs Target" type="Data Form" cloneOnly="false" size="" path="/Cube/Plan1/Data Forms/Plan" pathAlias="/Cube/Plan1/Data Forms/Plan" modifiedBy="SYSTEM" lastUpdated="1701235661000" description="" /><resource name="Actual vs Plan" id="Actual vs Plan" type="Data Form" cloneOnly="false" size="" path="/Cube/Plan1/Data Forms/Plan" pathAlias="/Cube/Plan1/Data Forms/Plan" modifiedBy="SYSTEM" lastUpdated="1701235661000" description="" /><resource name="Facilities Expenses" id="Facilities Expenses" type="Data Form" cloneOnly="false" size="" path="/Cube/Plan1/Data Forms/Plan" pathAlias="/Cube/Plan1/Data Forms/Plan" modifiedBy="SYSTEM" lastUpdated="1701235661000" description="" /><resource name="Cash Flow - Plan" id="Cash Flow - Plan" type="Data Form" cloneOnly="false" size="" path="/Cube/Plan1/Data Forms/Plan" pathAlias="/Cube/Plan1/Data Forms/Plan" modifiedBy="SYSTEM" lastUpdated="1701235661000" description="" /><resource name="Set Services Revenue Assumptions" id="Set Services Revenue Assumptions" type="Data Form" cloneOnly="false" size="" path="/Cube/Plan1/Data Forms/Plan" pathAlias="/Cube/Plan1/Data Forms/Plan" modifiedBy="SYSTEM" lastUpdated="1701235661000" description="" /><resource name="Balance Sheet - Drill Through" id="Balance Sheet - Drill Through" type="Data Form" cloneOnly="false" size="" path="/Cube/Plan1/Data Forms/Plan" pathAlias="/Cube/Plan1/Data Forms/Plan" modifiedBy="SYSTEM" lastUpdated="1701235661000" description="" /><resource name="Adjust Revenue Plan" id="Adjust Revenue Plan" type="Data Form" cloneOnly="false" size="" path="/Cube/Plan1/Data Forms/Plan" pathAlias="/Cube/Plan1/Data Forms/Plan" modifiedBy="SYSTEM" lastUpdated="1701235661000" description="" /><resource name="Adjust Plan Operating Expenses" id="Adjust Plan Operating Expenses" type="Data Form" cloneOnly="false" size="" path="/Cube/Plan1/Data Forms/Plan" pathAlias="/Cube/Plan1/Data Forms/Plan" modifiedBy="SYSTEM" lastUpdated="1701235661000" description="" /><resource name="Leverage Ratios - Plan vs Target" id="Leverage Ratios - Plan vs Target" type="Data Form" cloneOnly="false" size="" path="/Cube/Plan1/Data Forms/Plan" pathAlias="/Cube/Plan1/Data Forms/Plan" modifiedBy="SYSTEM" lastUpdated="1701235661000" description="" /><resource name="Plan Targets to be Allocated" id="Plan Targets to be Allocated" type="Data Form" cloneOnly="false" size="" path="/Cube/Plan1/Data Forms/Plan" pathAlias="/Cube/Plan1/Data Forms/Plan" modifiedBy="SYSTEM" lastUpdated="1701235661000" description="" /><resource name="Set Project Assumptions" id="Set Project Assumptions" type="Data Form" cloneOnly="false" size="" path="/Cube/Plan1/Data Forms/Plan" pathAlias="/Cube/Plan1/Data Forms/Plan" modifiedBy="SYSTEM" lastUpdated="1701235661000" description="" /><resource name="Income Statement - Plan" id="Income Statement - Plan" type="Data Form" cloneOnly="false" size="" path="/Cube/Plan1/Data Forms/Plan" pathAlias="/Cube/Plan1/Data Forms/Plan" modifiedBy="SYSTEM" lastUpdated="1701235661000" description="" /><resource name="Expense Comparison" id="Expense Comparison" type="Data Form" cloneOnly="false" size="" path="/Cube/Plan1/Data Forms/Plan" pathAlias="/Cube/Plan1/Data Forms/Plan" modifiedBy="SYSTEM" lastUpdated="1701235661000" description="" /><resource name="Expense Comparison Graph" id="Expense Comparison Graph" type="Data Form" cloneOnly="false" size="" path="/Cube/Plan1/Data Forms/Plan" pathAlias="/Cube/Plan1/Data Forms/Plan" modifiedBy="SYSTEM" lastUpdated="1701235661000" description="" /><resource name="Plan vs Target Chart" id="Plan vs Target Chart" type="Data Form" cloneOnly="false" size="" path="/Cube/Plan1/Data Forms/Plan" pathAlias="/Cube/Plan1/Data Forms/Plan" modifiedBy="SYSTEM" lastUpdated="1701235661000" description="" /><resource name="Expenses by Category" id="Expenses by Category" type="Data Form" cloneOnly="false" size="" path="/Cube/Plan1/Data Forms/Plan" pathAlias="/Cube/Plan1/Data Forms/Plan" modifiedBy="SYSTEM" lastUpdated="1701235661000" description="" /><resource name="Revenue Summary" id="Revenue Summary" type="Data Form" cloneOnly="false" size="" path="/Cube/Plan1/Data Forms/Plan" pathAlias="/Cube/Plan1/Data Forms/Plan" modifiedBy="SYSTEM" lastUpdated="1701235661000" description="" /><resource name="Revenue Assumptions - Accessories" id="Revenue Assumptions - Accessories" type="Data Form" cloneOnly="false" size="" path="/Cube/Plan1/Data Forms/Plan" pathAlias="/Cube/Plan1/Data Forms/Plan" modifiedBy="SYSTEM" lastUpdated="1701235661000" description="" /><resource name="Revenue Plan - Accessories" id="Revenue Plan - Accessories" type="Data Form" cloneOnly="false" size="" path="/Cube/Plan1/Data Forms/Plan" pathAlias="/Cube/Plan1/Data Forms/Plan" modifiedBy="SYSTEM" lastUpdated="1701235661000" description="" /><resource name="Operating Expenses - General Ledger Data Load" id="Operating Expenses - General Ledger Data Load" type="Data Form" cloneOnly="false" size="" path="/Cube/Plan1/Data Forms/Plan" pathAlias="/Cube/Plan1/Data Forms/Plan" modifiedBy="SYSTEM" lastUpdated="1701235661000" description="" /><resource name="Facilities Allocation Driver" id="Facilities Allocation Driver" type="Data Form" cloneOnly="false" size="" path="/Cube/Plan1/Data Forms/Plan" pathAlias="/Cube/Plan1/Data Forms/Plan" modifiedBy="SYSTEM" lastUpdated="1701235661000" description="" /><resource name="Facilities Allocation Out" id="Facilities Allocation Out" type="Data Form" cloneOnly="false" size="" path="/Cube/Plan1/Data Forms/Plan" pathAlias="/Cube/Plan1/Data Forms/Plan" modifiedBy="SYSTEM" lastUpdated="1701235661000" description="" /><resource name="Activity Ratios - Plan vs Target" id="Activity Ratios - Plan vs Target" type="Data Form" cloneOnly="false" size="" path="/Cube/Plan1/Data Forms/Plan" pathAlias="/Cube/Plan1/Data Forms/Plan" modifiedBy="SYSTEM" lastUpdated="1701235661000" description="" /><resource name="Revenue Assumptions by Channel" id="Revenue Assumptions by Channel" type="Data Form" cloneOnly="false" size="" path="/Cube/Plan1/Data Forms/Plan" pathAlias="/Cube/Plan1/Data Forms/Plan" modifiedBy="SYSTEM" lastUpdated="1701235661000" description="" /><resource name="Set Headcount and Salary Plan Assumptions" id="Set Headcount and Salary Plan Assumptions" type="Data Form" cloneOnly="false" size="" path="/Cube/Plan1/Data Forms/Plan" pathAlias="/Cube/Plan1/Data Forms/Plan" modifiedBy="SYSTEM" lastUpdated="1701235661000" description="" /><resource name="Dept Income Statement - Plan" id="Dept Income Statement - Plan" type="Data Form" cloneOnly="false" size="" path="/Cube/Plan1/Data Forms/Plan" pathAlias="/Cube/Plan1/Data Forms/Plan" modifiedBy="SYSTEM" lastUpdated="1701235662000" description="" /><resource name="Expense Summary" id="Expense Summary" type="Data Form" cloneOnly="false" size="" path="/Cube/Plan1/Data Forms/Plan" pathAlias="/Cube/Plan1/Data Forms/Plan" modifiedBy="SYSTEM" lastUpdated="1701235662000" description="" /><resource name="Revenue Plan Assumptions - Markets" id="Revenue Plan Assumptions - Markets" type="Data Form" cloneOnly="false" size="" path="/Cube/Plan1/Data Forms/Plan" pathAlias="/Cube/Plan1/Data Forms/Plan" modifiedBy="SYSTEM" lastUpdated="1701235662000" description="" /><resource name="Set Operating Expenses for Overhead Depts" id="Set Operating Expenses for Overhead Depts" type="Data Form" cloneOnly="false" size="" path="/Cube/Plan1/Data Forms/Plan" pathAlias="/Cube/Plan1/Data Forms/Plan" modifiedBy="SYSTEM" lastUpdated="1701235662000" description="" /><resource name="Allocated Plan Targets" id="Allocated Plan Targets" type="Data Form" cloneOnly="false" size="" path="/Cube/Plan1/Data Forms/Plan" pathAlias="/Cube/Plan1/Data Forms/Plan" modifiedBy="SYSTEM" lastUpdated="1701235662000" description="" /><resource name="Balance Sheet - Plan" id="Balance Sheet - Plan" type="Data Form" cloneOnly="false" size="" path="/Cube/Plan1/Data Forms/Plan" pathAlias="/Cube/Plan1/Data Forms/Plan" modifiedBy="SYSTEM" lastUpdated="1701235662000" description="" /><resource name="Set Capital Expenditure Plan Assumptions" id="Set Capital Expenditure Plan Assumptions" type="Data Form" cloneOnly="false" size="" path="/Cube/Plan1/Data Forms/Plan" pathAlias="/Cube/Plan1/Data Forms/Plan" modifiedBy="SYSTEM" lastUpdated="1701235662000" description="" /><resource name="Expense Info" id="Expense Info" type="Data Form" cloneOnly="false" size="" path="/Cube/Plan1/Data Forms/Plan" pathAlias="/Cube/Plan1/Data Forms/Plan" modifiedBy="SYSTEM" lastUpdated="1701235662000" description="" /><resource name="Allocated Plan Targets Chart" id="Allocated Plan Targets Chart" type="Data Form" cloneOnly="false" size="" path="/Cube/Plan1/Data Forms/Plan" pathAlias="/Cube/Plan1/Data Forms/Plan" modifiedBy="SYSTEM" lastUpdated="1701235662000" description="" /><resource name="Dept Income Statement - Plan Chart" id="Dept Income Statement - Plan Chart" type="Data Form" cloneOnly="false" size="" path="/Cube/Plan1/Data Forms/Plan" pathAlias="/Cube/Plan1/Data Forms/Plan" modifiedBy="SYSTEM" lastUpdated="1701235662000" description="" /><resource name="Set Planning Expense Driver Assumptions" id="Set Planning Expense Driver Assumptions" type="Data Form" cloneOnly="false" size="" path="/Cube/Plan1/Data Forms/Plan" pathAlias="/Cube/Plan1/Data Forms/Plan" modifiedBy="SYSTEM" lastUpdated="1701235662000" description="" /><resource name="Ad Hoc Revenue Analysis" id="Ad Hoc Revenue Analysis" type="Data Form" cloneOnly="false" size="" path="/Cube/Plan1/Data Forms/Plan" pathAlias="/Cube/Plan1/Data Forms/Plan" modifiedBy="SYSTEM" lastUpdated="1701235662000" description="" /><resource name="Mass Allocate" id="Mass Allocate" type="Data Form" cloneOnly="false" size="" path="/Cube/Plan1/Data Forms/Plan" pathAlias="/Cube/Plan1/Data Forms/Plan" modifiedBy="SYSTEM" lastUpdated="1701235662000" description="" /><resource name="Spreadsheet Entry" id="Spreadsheet Entry" type="Data Form" cloneOnly="false" size="" path="/Cube/Plan1/Data Forms/Plan" pathAlias="/Cube/Plan1/Data Forms/Plan" modifiedBy="SYSTEM" lastUpdated="1701235662000" description="" /><resource name="Liquidity Ratios - Plan vs Target" id="Liquidity Ratios - Plan vs Target" type="Data Form" cloneOnly="false" size="" path="/Cube/Plan1/Data Forms/Plan" pathAlias="/Cube/Plan1/Data Forms/Plan" modifiedBy="SYSTEM" lastUpdated="1701235662000" description="" /><resource name="Operating Expenses Plan - History" id="Operating Expenses Plan - History" type="Data Form" cloneOnly="false" size="" path="/Cube/Plan1/Data Forms/Plan" pathAlias="/Cube/Plan1/Data Forms/Plan" modifiedBy="SYSTEM" lastUpdated="1701235662000" description="" /><resource name="Revenue Plan - Revenue Assumptions" id="Revenue Plan - Revenue Assumptions" type="Data Form" cloneOnly="false" size="" path="/Cube/Plan1/Data Forms/Plan" pathAlias="/Cube/Plan1/Data Forms/Plan" modifiedBy="SYSTEM" lastUpdated="1701235662000" description="" /><resource name="Revenue Info" id="Revenue Info" type="Data Form" cloneOnly="false" size="" path="/Cube/Plan1/Data Forms/Plan" pathAlias="/Cube/Plan1/Data Forms/Plan" modifiedBy="SYSTEM" lastUpdated="1701235662000" description="" /><resource name="Expense Trends" id="Expense Trends" type="Data Form" cloneOnly="false" size="" path="/Cube/Plan1/Data Forms/Plan" pathAlias="/Cube/Plan1/Data Forms/Plan" modifiedBy="SYSTEM" lastUpdated="1701235662000" description="" /><resource name="Revenue Trends" id="Revenue Trends" type="Data Form" cloneOnly="false" size="" path="/Cube/Plan1/Data Forms/Plan" pathAlias="/Cube/Plan1/Data Forms/Plan" modifiedBy="SYSTEM" lastUpdated="1701235662000" description="" /><resource name="Gross Margin Plan" id="Gross Margin Plan" type="Data Form" cloneOnly="false" size="" path="/Cube/Plan1/Data Forms/Plan" pathAlias="/Cube/Plan1/Data Forms/Plan" modifiedBy="SYSTEM" lastUpdated="1701235662000" description="" /><resource name="Revenue by Category" id="Revenue by Category" type="Data Form" cloneOnly="false" size="" path="/Cube/Plan1/Data Forms/Plan" pathAlias="/Cube/Plan1/Data Forms/Plan" modifiedBy="SYSTEM" lastUpdated="1701235662000" description="" /><resource name="Product Revenue Analysis" id="Product Revenue Analysis" type="Data Form" cloneOnly="false" size="" path="/Cube/Plan1/Data Forms/Plan" pathAlias="/Cube/Plan1/Data Forms/Plan" modifiedBy="SYSTEM" lastUpdated="1701235662000" description="" /><resource name="Revenue Plan - Products" id="Revenue Plan - Products" type="Data Form" cloneOnly="false" size="" path="/Cube/Plan1/Data Forms/Plan" pathAlias="/Cube/Plan1/Data Forms/Plan" modifiedBy="SYSTEM" lastUpdated="1701235662000" description="" /><resource name="Balance Sheet Drivers - Plan" id="Balance Sheet Drivers - Plan" type="Data Form" cloneOnly="false" size="" path="/Cube/Plan1/Data Forms/Plan" pathAlias="/Cube/Plan1/Data Forms/Plan" modifiedBy="SYSTEM" lastUpdated="1701235662000" description="" /><resource name="Plan vs Target" id="Plan vs Target" type="Data Form" cloneOnly="false" size="" path="/Cube/Plan1/Data Forms/Plan" pathAlias="/Cube/Plan1/Data Forms/Plan" modifiedBy="SYSTEM" lastUpdated="1701235662000" description="" /><resource name="Revenue Metrics by Market" id="Revenue Metrics by Market" type="Data Form" cloneOnly="false" size="" path="/Cube/Plan1/Data Forms/Plan" pathAlias="/Cube/Plan1/Data Forms/Plan" modifiedBy="SYSTEM" lastUpdated="1701235662000" description="" /><resource name="Revenue Plan by Market Size" id="Revenue Plan by Market Size" type="Data Form" cloneOnly="false" size="" path="/Cube/Plan1/Data Forms/Plan" pathAlias="/Cube/Plan1/Data Forms/Plan" modifiedBy="SYSTEM" lastUpdated="1701235662000" description="" /><resource name="Revenue Plan - Markets Filter" id="Revenue Plan - Markets Filter" type="Data Form" cloneOnly="false" size="" path="/Cube/Plan1/Data Forms/Plan" pathAlias="/Cube/Plan1/Data Forms/Plan" modifiedBy="SYSTEM" lastUpdated="1701235662000" description="" /><resource name="Set Sales Driver Assumptions" id="Set Sales Driver Assumptions" type="Data Form" cloneOnly="false" size="" path="/Cube/Plan1/Data Forms/Forecast" pathAlias="/Cube/Plan1/Data Forms/Forecast" modifiedBy="SYSTEM" lastUpdated="1701235662000" description="" /><resource name="Gross Margin Forecast" id="Gross Margin Forecast" type="Data Form" cloneOnly="false" size="" path="/Cube/Plan1/Data Forms/Forecast" pathAlias="/Cube/Plan1/Data Forms/Forecast" modifiedBy="SYSTEM" lastUpdated="1701235662000" description="" /><resource name="Revenue Trends Forecast" id="Revenue Trends Forecast" type="Data Form" cloneOnly="false" size="" path="/Cube/Plan1/Data Forms/Forecast" pathAlias="/Cube/Plan1/Data Forms/Forecast" modifiedBy="SYSTEM" lastUpdated="1701235662000" description="" /><resource name="Dept Income Statement - Forecast Chart" id="Dept Income Statement - Forecast Chart" type="Data Form" cloneOnly="false" size="" path="/Cube/Plan1/Data Forms/Forecast" pathAlias="/Cube/Plan1/Data Forms/Forecast" modifiedBy="SYSTEM" lastUpdated="1701235663000" description="" /><resource name="Dept Income Statement - Forecast" id="Dept Income Statement - Forecast" type="Data Form" cloneOnly="false" size="" path="/Cube/Plan1/Data Forms/Forecast" pathAlias="/Cube/Plan1/Data Forms/Forecast" modifiedBy="SYSTEM" lastUpdated="1701235663000" description="" /><resource name="Activity Ratios" id="Activity Ratios" type="Data Form" cloneOnly="false" size="" path="/Cube/Plan1/Data Forms/Forecast" pathAlias="/Cube/Plan1/Data Forms/Forecast" modifiedBy="SYSTEM" lastUpdated="1701235663000" description="" /><resource name="Set Capital Expenditure Forecast Assumptions" id="Set Capital Expenditure Forecast Assumptions" type="Data Form" cloneOnly="false" size="" path="/Cube/Plan1/Data Forms/Forecast" pathAlias="/Cube/Plan1/Data Forms/Forecast" modifiedBy="SYSTEM" lastUpdated="1701235663000" description="" /><resource name="Set Forecast Expense Driver Assumptions" id="Set Forecast Expense Driver Assumptions" type="Data Form" cloneOnly="false" size="" path="/Cube/Plan1/Data Forms/Forecast" pathAlias="/Cube/Plan1/Data Forms/Forecast" modifiedBy="SYSTEM" lastUpdated="1701235663000" description="" /><resource name="Revenue Forecast - Revenue Assumptions" id="Revenue Forecast - Revenue Assumptions" type="Data Form" cloneOnly="false" size="" path="/Cube/Plan1/Data Forms/Forecast" pathAlias="/Cube/Plan1/Data Forms/Forecast" modifiedBy="SYSTEM" lastUpdated="1701235663000" description="" /><resource name="Assign Expense Drivers to Accounts" id="Assign Expense Drivers to Accounts" type="Data Form" cloneOnly="false" size="" path="/Cube/Plan1/Data Forms/Forecast" pathAlias="/Cube/Plan1/Data Forms/Forecast" modifiedBy="SYSTEM" lastUpdated="1701235663000" description="" /><resource name="Balance Sheet Drivers - Forecast" id="Balance Sheet Drivers - Forecast" type="Data Form" cloneOnly="false" size="" path="/Cube/Plan1/Data Forms/Forecast" pathAlias="/Cube/Plan1/Data Forms/Forecast" modifiedBy="SYSTEM" lastUpdated="1701235663000" description="" /><resource name="Sales Forecast - Products" id="Sales Forecast - Products" type="Data Form" cloneOnly="false" size="" path="/Cube/Plan1/Data Forms/Forecast" pathAlias="/Cube/Plan1/Data Forms/Forecast" modifiedBy="SYSTEM" lastUpdated="1701235663000" description="Predictive Forecast" /><resource name="Income Statement - Forecast" id="Income Statement - Forecast" type="Data Form" cloneOnly="false" size="" path="/Cube/Plan1/Data Forms/Forecast" pathAlias="/Cube/Plan1/Data Forms/Forecast" modifiedBy="SYSTEM" lastUpdated="1701235663000" description="" /><resource name="Set Headcount and Salary Forecast Assumptions" id="Set Headcount and Salary Forecast Assumptions" type="Data Form" cloneOnly="false" size="" path="/Cube/Plan1/Data Forms/Forecast" pathAlias="/Cube/Plan1/Data Forms/Forecast" modifiedBy="SYSTEM" lastUpdated="1701235663000" description="" /><resource name="Forecasted Operating Expenses" id="Forecasted Operating Expenses" type="Data Form" cloneOnly="false" size="" path="/Cube/Plan1/Data Forms/Forecast" pathAlias="/Cube/Plan1/Data Forms/Forecast" modifiedBy="SYSTEM" lastUpdated="1701235663000" description="" /><resource name="Profit Performance Ratios" id="Profit Performance Ratios" type="Data Form" cloneOnly="false" size="" path="/Cube/Plan1/Data Forms/Forecast" pathAlias="/Cube/Plan1/Data Forms/Forecast" modifiedBy="SYSTEM" lastUpdated="1701235663000" description="" /><resource name="Liquidity Ratios" id="Liquidity Ratios" type="Data Form" cloneOnly="false" size="" path="/Cube/Plan1/Data Forms/Forecast" pathAlias="/Cube/Plan1/Data Forms/Forecast" modifiedBy="SYSTEM" lastUpdated="1701235663000" description="" /><resource name="Leverage Ratios" id="Leverage Ratios" type="Data Form" cloneOnly="false" size="" path="/Cube/Plan1/Data Forms/Forecast" pathAlias="/Cube/Plan1/Data Forms/Forecast" modifiedBy="SYSTEM" lastUpdated="1701235663000" description="" /><resource name="Set Services Revenue Forecast Assumptions" id="Set Services Revenue Forecast Assumptions" type="Data Form" cloneOnly="false" size="" path="/Cube/Plan1/Data Forms/Forecast" pathAlias="/Cube/Plan1/Data Forms/Forecast" modifiedBy="SYSTEM" lastUpdated="1701235663000" description="" /><resource name="Cash Flow - Forecast" id="Cash Flow - Forecast" type="Data Form" cloneOnly="false" size="" path="/Cube/Plan1/Data Forms/Forecast" pathAlias="/Cube/Plan1/Data Forms/Forecast" modifiedBy="SYSTEM" lastUpdated="1701235663000" description="" /><resource name="Balance Sheet - Forecast" id="Balance Sheet - Forecast" type="Data Form" cloneOnly="false" size="" path="/Cube/Plan1/Data Forms/Forecast" pathAlias="/Cube/Plan1/Data Forms/Forecast" modifiedBy="SYSTEM" lastUpdated="1701235663000" description="" /><resource name="Revenue Forecast - Products" id="Revenue Forecast - Products" type="Data Form" cloneOnly="false" size="" path="/Cube/Plan1/Data Forms/Forecast" pathAlias="/Cube/Plan1/Data Forms/Forecast" modifiedBy="SYSTEM" lastUpdated="1701235663000" description="" /><resource name="Forecast Variances" id="Forecast Variances" type="Data Form" cloneOnly="false" size="" path="/Cube/Plan1/Data Forms/Forecast" pathAlias="/Cube/Plan1/Data Forms/Forecast" modifiedBy="SYSTEM" lastUpdated="1701235663000" description="" /><resource name="Market Price Comparison" id="Market Price Comparison" type="Data Form" cloneOnly="false" size="" path="/Cube/Plan1/Data Forms/Long Range Plan" pathAlias="/Cube/Plan1/Data Forms/Long Range Plan" modifiedBy="SYSTEM" lastUpdated="1701235663000" description="" /><resource name="Shareholder Value" id="Shareholder Value" type="Data Form" cloneOnly="false" size="" path="/Cube/Plan1/Data Forms/Long Range Plan" pathAlias="/Cube/Plan1/Data Forms/Long Range Plan" modifiedBy="SYSTEM" lastUpdated="1701235663000" description="" /><resource name="Long Range Plan" id="Long Range Plan" type="Data Form" cloneOnly="false" size="" path="/Cube/Plan1/Data Forms/Long Range Plan" pathAlias="/Cube/Plan1/Data Forms/Long Range Plan" modifiedBy="SYSTEM" lastUpdated="1701235663000" description="" /><resource name="Scenario Comparison" id="Scenario Comparison" type="Data Form" cloneOnly="false" size="" path="/Cube/Plan1/Data Forms/Long Range Plan" pathAlias="/Cube/Plan1/Data Forms/Long Range Plan" modifiedBy="SYSTEM" lastUpdated="1701235663000" description="" /><resource name="EPS Chart" id="EPS Chart" type="Data Form" cloneOnly="false" size="" path="/Cube/Plan1/Data Forms/Long Range Plan" pathAlias="/Cube/Plan1/Data Forms/Long Range Plan" modifiedBy="SYSTEM" lastUpdated="1701235663000" description="" /><resource name="Long Range Plan Drivers" id="Long Range Plan Drivers" type="Data Form" cloneOnly="false" size="" path="/Cube/Plan1/Data Forms/Long Range Plan" pathAlias="/Cube/Plan1/Data Forms/Long Range Plan" modifiedBy="SYSTEM" lastUpdated="1701235663000" description="" /><resource name="Earnings per Share" id="Earnings per Share" type="Data Form" cloneOnly="false" size="" path="/Cube/Plan1/Data Forms/Long Range Plan" pathAlias="/Cube/Plan1/Data Forms/Long Range Plan" modifiedBy="SYSTEM" lastUpdated="1701235663000" description="" /><resource name="Excel Formulas" id="Excel Formulas" type="Data Form" cloneOnly="false" size="" path="/Cube/Plan1/Data Forms/Smart Forms" pathAlias="/Cube/Plan1/Data Forms/Smart Forms" modifiedBy="SYSTEM" lastUpdated="1701235663000" description="" /><resource name="Excel Functions" id="Excel Functions" type="Data Form" cloneOnly="false" size="" path="/Cube/Plan1/Data Forms/Smart Forms" pathAlias="/Cube/Plan1/Data Forms/Smart Forms" modifiedBy="SYSTEM" lastUpdated="1701235663000" description="" /><resource name="New Smart Form" id="New Smart Form" type="Data Form" cloneOnly="false" size="" path="/Cube/Plan1/Data Forms/Smart Forms" pathAlias="/Cube/Plan1/Data Forms/Smart Forms" modifiedBy="SYSTEM" lastUpdated="1701235664000" description="" /><resource name="Revenue Infolet" id="Revenue Infolet" type="Data Form" cloneOnly="false" size="" path="/Cube/Plan1/Data Forms/Infolets" pathAlias="/Cube/Plan1/Data Forms/Infolets" modifiedBy="SYSTEM" lastUpdated="1701235664000" description="" /><resource name="Gross Profit Infolet" id="Gross Profit Infolet" type="Data Form" cloneOnly="false" size="" path="/Cube/Plan1/Data Forms/Infolets" pathAlias="/Cube/Plan1/Data Forms/Infolets" modifiedBy="SYSTEM" lastUpdated="1701235664000" description="" /><resource name="Product Revenue Infolet" id="Product Revenue Infolet" type="Data Form" cloneOnly="false" size="" path="/Cube/Plan1/Data Forms/Infolets" pathAlias="/Cube/Plan1/Data Forms/Infolets" modifiedBy="SYSTEM" lastUpdated="1701235664000" description="" /><resource name="Operating Expense Infolet" id="Operating Expense Infolet" type="Data Form" cloneOnly="false" size="" path="/Cube/Plan1/Data Forms/Infolets" pathAlias="/Cube/Plan1/Data Forms/Infolets" modifiedBy="SYSTEM" lastUpdated="1701235664000" description="" /><resource name="Employee Expense Infolet" id="Employee Expense Infolet" type="Data Form" cloneOnly="false" size="" path="/Cube/Plan1/Data Forms/Infolets" pathAlias="/Cube/Plan1/Data Forms/Infolets" modifiedBy="SYSTEM" lastUpdated="1701235664000" description="" /><resource name="Performance - Return Infolet" id="Performance - Return Infolet" type="Data Form" cloneOnly="false" size="" path="/Cube/Plan1/Data Forms/Infolets" pathAlias="/Cube/Plan1/Data Forms/Infolets" modifiedBy="SYSTEM" lastUpdated="1701235664000" description="" /><resource name="Revenue Trend Infolet" id="Revenue Trend Infolet" type="Data Form" cloneOnly="false" size="" path="/Cube/Plan1/Data Forms/Infolets" pathAlias="/Cube/Plan1/Data Forms/Infolets" modifiedBy="SYSTEM" lastUpdated="1701235664000" description="" /><resource name="Revenue YOY Infolet" id="Revenue YOY Infolet" type="Data Form" cloneOnly="false" size="" path="/Cube/Plan1/Data Forms/Infolets" pathAlias="/Cube/Plan1/Data Forms/Infolets" modifiedBy="SYSTEM" lastUpdated="1701235664000" description="" /><resource name="Capital Expenditure Infolet" id="Capital Expenditure Infolet" type="Data Form" cloneOnly="false" size="" path="/Cube/Plan1/Data Forms/Infolets" pathAlias="/Cube/Plan1/Data Forms/Infolets" modifiedBy="SYSTEM" lastUpdated="1701235664000" description="" /><resource name="Balance Sheet Infolet" id="Balance Sheet Infolet" type="Data Form" cloneOnly="false" size="" path="/Cube/Plan1/Data Forms/Infolets" pathAlias="/Cube/Plan1/Data Forms/Infolets" modifiedBy="SYSTEM" lastUpdated="1701235664000" description="" /><resource name="Sales Dept Revenue Infolet" id="Sales Dept Revenue Infolet" type="Data Form" cloneOnly="false" size="" path="/Cube/Plan1/Data Forms/Infolets" pathAlias="/Cube/Plan1/Data Forms/Infolets" modifiedBy="SYSTEM" lastUpdated="1701235664000" description="" /><resource name="OpEx Infolet" id="OpEx Infolet" type="Data Form" cloneOnly="false" size="" path="/Cube/Plan1/Data Forms/Infolets" pathAlias="/Cube/Plan1/Data Forms/Infolets" modifiedBy="SYSTEM" lastUpdated="1701235664000" description="" /><resource name="Performance - ROS Infolet" id="Performance - ROS Infolet" type="Data Form" cloneOnly="false" size="" path="/Cube/Plan1/Data Forms/Infolets" pathAlias="/Cube/Plan1/Data Forms/Infolets" modifiedBy="SYSTEM" lastUpdated="1701235664000" description="" /><resource name="Performance - GM Infolet" id="Performance - GM Infolet" type="Data Form" cloneOnly="false" size="" path="/Cube/Plan1/Data Forms/Infolets" pathAlias="/Cube/Plan1/Data Forms/Infolets" modifiedBy="SYSTEM" lastUpdated="1701235664000" description="" /><resource name="Activity - Turnover Ratios Infolet" id="Activity - Turnover Ratios Infolet" type="Data Form" cloneOnly="false" size="" path="/Cube/Plan1/Data Forms/Infolets" pathAlias="/Cube/Plan1/Data Forms/Infolets" modifiedBy="SYSTEM" lastUpdated="1701235664000" description="" /><resource name="Activity - DPO Infolet" id="Activity - DPO Infolet" type="Data Form" cloneOnly="false" size="" path="/Cube/Plan1/Data Forms/Infolets" pathAlias="/Cube/Plan1/Data Forms/Infolets" modifiedBy="SYSTEM" lastUpdated="1701235664000" description="" /><resource name="Activity - DSO Infolet" id="Activity - DSO Infolet" type="Data Form" cloneOnly="false" size="" path="/Cube/Plan1/Data Forms/Infolets" pathAlias="/Cube/Plan1/Data Forms/Infolets" modifiedBy="SYSTEM" lastUpdated="1701235664000" description="" /><resource name="Expense Category Infolet" id="Expense Category Infolet" type="Data Form" cloneOnly="false" size="" path="/Cube/Plan1/Data Forms/Infolets" pathAlias="/Cube/Plan1/Data Forms/Infolets" modifiedBy="SYSTEM" lastUpdated="1701235664000" description="" /><resource name="Revenue Plan by Channel" id="Revenue Plan by Channel" type="Data Form" cloneOnly="false" size="" path="/Cube/Vis1ASO/Data Forms/Plan" pathAlias="/Cube/Vis1ASO/Data Forms/Plan" modifiedBy="SYSTEM" lastUpdated="1701235664000" description="" /><resource name="Plan Targets" id="Plan Targets" type="Composite Form" cloneOnly="false" size="" path="/Global Artifacts/Composite Forms/Plan" pathAlias="/Global Artifacts/Composite Forms/Plan" modifiedBy="SYSTEM" lastUpdated="1701235664000" description="" /><resource name="Global Assumptions" id="Global Assumptions" type="Composite Form" cloneOnly="false" size="" path="/Global Artifacts/Composite Forms/Plan" pathAlias="/Global Artifacts/Composite Forms/Plan" modifiedBy="SYSTEM" lastUpdated="1701235664000" description="" /><resource name="Revenue Plan" id="Revenue Plan" type="Composite Form" cloneOnly="false" size="" path="/Global Artifacts/Composite Forms/Plan" pathAlias="/Global Artifacts/Composite Forms/Plan" modifiedBy="SYSTEM" lastUpdated="1701235664000" description="" /><resource name="Target Variances" id="Target Variances" type="Composite Form" cloneOnly="false" size="" path="/Global Artifacts/Composite Forms/Plan" pathAlias="/Global Artifacts/Composite Forms/Plan" modifiedBy="SYSTEM" lastUpdated="1701235664000" description="" /><resource name="Expense Drivers" id="Expense Drivers" type="Composite Form" cloneOnly="false" size="" path="/Global Artifacts/Composite Forms/Plan" pathAlias="/Global Artifacts/Composite Forms/Plan" modifiedBy="SYSTEM" lastUpdated="1701235664000" description="" /><resource name="OpEx Forecast" id="OpEx Forecast" type="Composite Form" cloneOnly="false" size="" path="/Global Artifacts/Composite Forms/Forecast" pathAlias="/Global Artifacts/Composite Forms/Forecast" modifiedBy="SYSTEM" lastUpdated="1701235665000" description="" /><resource name="Revenue Forecast" id="Revenue Forecast" type="Composite Form" cloneOnly="false" size="" path="/Global Artifacts/Composite Forms/Forecast" pathAlias="/Global Artifacts/Composite Forms/Forecast" modifiedBy="SYSTEM" lastUpdated="1701235665000" description="" /><resource name="Forecast Expense Drivers" id="Forecast Expense Drivers" type="Composite Form" cloneOnly="false" size="" path="/Global Artifacts/Composite Forms/Forecast" pathAlias="/Global Artifacts/Composite Forms/Forecast" modifiedBy="SYSTEM" lastUpdated="1701235665000" description="" /><resource name="Sandbox Changes" id="Sandbox Changes" type="Sandbox Changes" cloneOnly="false" size="" path="/Relational Data" pathAlias="/Relational Data" modifiedBy="" lastUpdated="" description="" /><resource name="Corporate Outlook" id="Corporate Outlook" type="Dashboard" cloneOnly="false" size="" path="/Global Artifacts/Dashboards" pathAlias="/Global Artifacts/Dashboards" modifiedBy="SYSTEM" lastUpdated="1701235665000" description="" /><resource name="KPIs" id="KPIs" type="Dashboard" cloneOnly="false" size="" path="/Global Artifacts/Dashboards" pathAlias="/Global Artifacts/Dashboards" modifiedBy="SYSTEM" lastUpdated="1701235665000" description="" /><resource name="Sandbox Comparison" id="Sandbox Comparison" type="Dashboard" cloneOnly="false" size="" path="/Global Artifacts/Dashboards" pathAlias="/Global Artifacts/Dashboards" modifiedBy="SYSTEM" lastUpdated="1701235665000" description="" /><resource name="Product Revenue Plan" id="Product Revenue Plan" type="Dashboard" cloneOnly="false" size="" path="/Global Artifacts/Dashboards" pathAlias="/Global Artifacts/Dashboards" modifiedBy="SYSTEM" lastUpdated="1701235665000" description="" /><resource name="Product Revenue Forecast" id="Product Revenue Forecast" type="Dashboard" cloneOnly="false" size="" path="/Global Artifacts/Dashboards" pathAlias="/Global Artifacts/Dashboards" modifiedBy="SYSTEM" lastUpdated="1701235665000" description="" /><resource name="Allocations - Facilities" id="Allocations - Facilities" type="Dashboard" cloneOnly="false" size="" path="/Global Artifacts/Dashboards" pathAlias="/Global Artifacts/Dashboards" modifiedBy="SYSTEM" lastUpdated="1701235665000" description="" /><resource name="Allocations - HR" id="Allocations - HR" type="Dashboard" cloneOnly="false" size="" path="/Global Artifacts/Dashboards" pathAlias="/Global Artifacts/Dashboards" modifiedBy="SYSTEM" lastUpdated="1701235665000" description="" /><resource name="Strategic Targets" id="Strategic Targets" type="Dashboard" cloneOnly="false" size="" path="/Global Artifacts/Dashboards" pathAlias="/Global Artifacts/Dashboards" modifiedBy="SYSTEM" lastUpdated="1701235665000" description="" /><resource name="Target Variance" id="Target Variance" type="Dashboard" cloneOnly="false" size="" path="/Global Artifacts/Dashboards" pathAlias="/Global Artifacts/Dashboards" modifiedBy="SYSTEM" lastUpdated="1701235665000" description="" /><resource name="Revenue Overview" id="Revenue Overview" type="Dashboard" cloneOnly="false" size="" path="/Global Artifacts/Dashboards" pathAlias="/Global Artifacts/Dashboards" modifiedBy="SYSTEM" lastUpdated="1701235665000" description="" /><resource name="Revenue by Distribution Channel" id="Revenue by Distribution Channel" type="Dashboard" cloneOnly="false" size="" path="/Global Artifacts/Dashboards" pathAlias="/Global Artifacts/Dashboards" modifiedBy="SYSTEM" lastUpdated="1701235665000" description="" /><resource name="Expenses" id="Expenses" type="Dashboard" cloneOnly="false" size="" path="/Global Artifacts/Dashboards" pathAlias="/Global Artifacts/Dashboards" modifiedBy="SYSTEM" lastUpdated="1701235665000" description="" /><resource name="Plan Income Statement" id="Plan Income Statement" type="Dashboard" cloneOnly="false" size="" path="/Global Artifacts/Dashboards" pathAlias="/Global Artifacts/Dashboards" modifiedBy="SYSTEM" lastUpdated="1701235665000" description="" /><resource name="Forecast Income Statement" id="Forecast Income Statement" type="Dashboard" cloneOnly="false" size="" path="/Global Artifacts/Dashboards" pathAlias="/Global Artifacts/Dashboards" modifiedBy="SYSTEM" lastUpdated="1701235665000" description="" /><resource name="Accessories Revenue Plan" id="Accessories Revenue Plan" type="Dashboard" cloneOnly="false" size="" path="/Global Artifacts/Dashboards" pathAlias="/Global Artifacts/Dashboards" modifiedBy="SYSTEM" lastUpdated="1701235665000" description="" /><resource name="Revenue by Market" id="Revenue by Market" type="Dashboard" cloneOnly="false" size="" path="/Global Artifacts/Dashboards" pathAlias="/Global Artifacts/Dashboards" modifiedBy="SYSTEM" lastUpdated="1701235665000" description="" /><resource name="YTD Results" id="YTD Results" type="Dashboard" cloneOnly="false" size="" path="/Global Artifacts/Dashboards" pathAlias="/Global Artifacts/Dashboards" modifiedBy="SYSTEM" lastUpdated="1701235665000" description="" /><resource name="Operating Plan" id="Operating Plan" type="Task List" cloneOnly="false" size="" path="/Global Artifacts/Task Lists" pathAlias="/Global Artifacts/Task Lists" modifiedBy="SYSTEM" lastUpdated="1701235665000" description="" /><resource name="Operating Forecast" id="Operating Forecast" type="Task List" cloneOnly="false" size="" path="/Global Artifacts/Task Lists" pathAlias="/Global Artifacts/Task Lists" modifiedBy="SYSTEM" lastUpdated="1701235665000" description="" /><resource name="User Preferences" id="User Preferences" type="User Preferences" cloneOnly="false" size="" path="/Configuration" pathAlias="/Configuration" modifiedBy="" lastUpdated="" description="" /><resource name="Users" id="Users" type="Access" cloneOnly="false" size="" path="/Security/Access Permissions" pathAlias="/Security/Access Permissions" modifiedBy="" lastUpdated="" description="" /><resource name="Service Administrator" id="Service Administrator" type="Access" cloneOnly="false" size="" path="/Security/Access Permissions/Groups" pathAlias="/Security/Access Permissions/Groups" modifiedBy="" lastUpdated="" description="" /><resource name="Super User" id="Super User" type="Access" cloneOnly="false" size="" path="/Security/Access Permissions/Groups" pathAlias="/Security/Access Permissions/Groups" modifiedBy="" lastUpdated="" description="" /><resource name="Strategic Planner" id="Strategic Planner" type="Access" cloneOnly="false" size="" path="/Security/Access Permissions/Groups" pathAlias="/Security/Access Permissions/Groups" modifiedBy="" lastUpdated="" description="" /><resource name="Interactive User" id="Interactive User" type="Access" cloneOnly="false" size="" path="/Security/Access Permissions/Groups" pathAlias="/Security/Access Permissions/Groups" modifiedBy="SYSTEM" lastUpdated="1701235648000" description="" /><resource name="Analyst" id="Analyst" type="Access" cloneOnly="false" size="" path="/Security/Access Permissions/Groups" pathAlias="/Security/Access Permissions/Groups" modifiedBy="SYSTEM" lastUpdated="1701235648000" description="" /><resource name="User" id="User" type="Access" cloneOnly="false" size="" path="/Security/Access Permissions/Groups" pathAlias="/Security/Access Permissions/Groups" modifiedBy="SYSTEM" lastUpdated="1701235648000" description="" /><resource name="Viewer" id="Viewer" type="Access" cloneOnly="false" size="" path="/Security/Access Permissions/Groups" pathAlias="/Security/Access Permissions/Groups" modifiedBy="SYSTEM" lastUpdated="1701235648000" description="" /><resource name="Power User" id="Power User" type="Access" cloneOnly="false" size="" path="/Security/Access Permissions/Groups" pathAlias="/Security/Access Permissions/Groups" modifiedBy="SYSTEM" lastUpdated="1701235648000" description="" /><resource name="Reviewer" id="Reviewer" type="Access" cloneOnly="false" size="" path="/Security/Access Permissions/Groups" pathAlias="/Security/Access Permissions/Groups" modifiedBy="SYSTEM" lastUpdated="1701235648000" description="" /><resource name="Adhoc Options" id="Adhoc Options" type="Adhoc Options" cloneOnly="false" size="" path="/Configuration" pathAlias="/Configuration" modifiedBy="" lastUpdated="" description="" /><resource name="Account Annotations" id="Account Annotations" type="Account Annotations" cloneOnly="false" size="" path="/Relational Data" pathAlias="/Relational Data" modifiedBy="" lastUpdated="" description="" /><resource name="Cell Texts" id="Cell Texts" type="Cell Texts" cloneOnly="false" size="" path="/Relational Data" pathAlias="/Relational Data" modifiedBy="" lastUpdated="" description="" /><resource name="Planning Units" id="Planning Units" type="Planning Units" cloneOnly="false" size="" path="/Relational Data" pathAlias="/Relational Data" modifiedBy="" lastUpdated="" description="" /><resource name="Supporting Detail" id="Supporting Detail" type="Supporting Detail" cloneOnly="false" size="" path="/Relational Data" pathAlias="/Relational Data" modifiedBy="" lastUpdated="" description="" /><resource name="Text Values" id="Text Values" type="Text Values" cloneOnly="false" size="" path="/Relational Data" pathAlias="/Relational Data" modifiedBy="" lastUpdated="" description="" /><resource name="Tablet Access" id="Tablet Access" type="Tablet Access" cloneOnly="false" size="" path="/Relational Data" pathAlias="/Relational Data" modifiedBy="" lastUpdated="" description="" /><resource name="Announcements" id="Announcements" type="Announcements" cloneOnly="false" size="" path="/Relational Data" pathAlias="/Relational Data" modifiedBy="" lastUpdated="" description="" /><resource name="Clear Plan1" id="Clear Plan1" type="Job" cloneOnly="false" size="" path="/Global Artifacts/Jobs/Clear Cube" pathAlias="/Global Artifacts/Jobs/Clear Cube" modifiedBy="SYSTEM" lastUpdated="1701235666000" description="" /><resource name="Clear Vis1ASO" id="Clear Vis1ASO" type="Job" cloneOnly="false" size="" path="/Global Artifacts/Jobs/Clear Cube" pathAlias="/Global Artifacts/Jobs/Clear Cube" modifiedBy="SYSTEM" lastUpdated="1701235666000" description="" /><resource name="Financial Flow" id="Financial Flow" type="Navigation Flow" cloneOnly="false" size="" path="/Global Artifacts/Navigation Flows" pathAlias="/Global Artifacts/Navigation Flows" modifiedBy="" lastUpdated="" description="" /><resource name="User Flow" id="User Flow" type="Navigation Flow" cloneOnly="false" size="" path="/Global Artifacts/Navigation Flows" pathAlias="/Global Artifacts/Navigation Flows" modifiedBy="" lastUpdated="" description="" /><resource name="Financial Flow - Admin" id="Financial Flow - Admin" type="Navigation Flow" cloneOnly="false" size="" path="/Global Artifacts/Navigation Flows" pathAlias="/Global Artifacts/Navigation Flows" modifiedBy="" lastUpdated="" description="" /><resource name="Artifact Strings" id="Artifact Strings" type="Artifact Strings" cloneOnly="false" size="" path="/Relational Data" pathAlias="/Relational Data" modifiedBy="" lastUpdated="" description="" /><resource name="Plan1" id="Plan1" type="Essbase Data" cloneOnly="false" bigData="true" size="" path="/Essbase Data" pathAlias="/Essbase Data" modifiedBy="" lastUpdated="" description="" /><resource name="Plan2" id="Plan2" type="Essbase Data" cloneOnly="false" bigData="true" size="" path="/Essbase Data" pathAlias="/Essbase Data" modifiedBy="" lastUpdated="" description="" /><resource name="Plan3" id="Plan3" type="Essbase Data" cloneOnly="false" bigData="true" size="" path="/Essbase Data" pathAlias="/Essbase Data" modifiedBy="" lastUpdated="" description="" /><resource name="VisASO" id="VisASO" type="Essbase Data" cloneOnly="false" bigData="true" size="" path="/Essbase Data" pathAlias="/Essbase Data" modifiedBy="" lastUpdated="" description="" /><resource name="Vis1ASO" id="Vis1ASO" type="Essbase Data" cloneOnly="false" bigData="true" size="" path="/Essbase Data" pathAlias="/Essbase Data" modifiedBy="" lastUpdated="" description="" /><resource name="Attachment References" id="Attachment References" type="Attachment References" cloneOnly="false" size="" path="/Relational Data" pathAlias="/Relational Data" modifiedBy="" lastUpdated="" description="" /><resource name="Calendar" id="Calendar" type="IPM Calendar" cloneOnly="false" size="" path="/Global Artifacts" pathAlias="/Global Artifacts" modifiedBy="" lastUpdated="" description="" /><resource name="Events" id="Events" type="IPM Event" cloneOnly="false" size="" path="/Global Artifacts" pathAlias="/Global Artifacts" modifiedBy="" lastUpdated="" description="" /><folder name="Relational Data" type="Folder" size="" id="" path="/Relational Data" pathAlias="/Relational Data" modifiedBy="" lastUpdated="" description="" /><folder name="Global Artifacts" type="Folder" size="" id="" path="/Global Artifacts" pathAlias="/Global Artifacts" modifiedBy="" lastUpdated="" description="" /><folder name="Common Dimensions" type="Folder" size="" id="" path="/Global Artifacts/Common Dimensions" pathAlias="" modifiedBy="" lastUpdated="" description="" /><folder name="Standard Dimensions" type="Folder" size="" id="" path="/Global Artifacts/Common Dimensions/Standard Dimensions" pathAlias="/Global Artifacts/Common Dimensions/Standard Dimensions" modifiedBy="" lastUpdated="" description="" /><folder name="Attribute Dimensions" type="Folder" size="" id="" path="/Global Artifacts/Common Dimensions/Attribute Dimensions" pathAlias="/Global Artifacts/Common Dimensions/Attribute Dimensions" modifiedBy="" lastUpdated="" description="" /><folder name="Calculation Manager Rulesets" type="Folder" size="" id="" path="/Global Artifacts/Calculation Manager Rulesets" pathAlias="/Global Artifacts/Calculation Manager Rulesets" modifiedBy="" lastUpdated="" description="" /><folder name="Task Lists" type="Folder" size="" id="" path="/Global Artifacts/Task Lists" pathAlias="/Global Artifacts/Task Lists" modifiedBy="" lastUpdated="" description="" /><folder name="Spread Patterns" type="Folder" size="" id="" path="/Global Artifacts/Spread Patterns" pathAlias="/Global Artifacts/Spread Patterns" modifiedBy="" lastUpdated="" description="" /><folder name="Smart Lists" type="Folder" size="" id="" path="/Global Artifacts/Smart Lists" pathAlias="/Global Artifacts/Smart Lists" modifiedBy="" lastUpdated="" description="" /><folder name="Custom Menus" type="Folder" size="" id="" path="/Global Artifacts/Custom Menus" pathAlias="/Global Artifacts/Custom Menus" modifiedBy="" lastUpdated="" description="" /><folder name="Composite Forms" type="Folder" size="" id="" path="/Global Artifacts/Composite Forms" pathAlias="" modifiedBy="" lastUpdated="" description="" /><folder name="Plan" type="Folder" size="" id="" path="/Global Artifacts/Composite Forms/Plan" pathAlias="/Global Artifacts/Composite Forms/Plan" modifiedBy="" lastUpdated="" description="" /><folder name="Forecast" type="Folder" size="" id="" path="/Global Artifacts/Composite Forms/Forecast" pathAlias="/Global Artifacts/Composite Forms/Forecast" modifiedBy="" lastUpdated="" description="" /><folder name="Dashboards" type="Folder" size="" id="" path="/Global Artifacts/Dashboards" pathAlias="/Global Artifacts/Dashboards" modifiedBy="" lastUpdated="" description="" /><folder name="Substitution Variables" type="Folder" size="" id="" path="/Global Artifacts/Substitution Variables" pathAlias="/Global Artifacts/Substitution Variables" modifiedBy="" lastUpdated="" description="" /><folder name="Reporting Mappings" type="Folder" size="" id="" path="/Global Artifacts/Reporting Mappings" pathAlias="/Global Artifacts/Reporting Mappings" modifiedBy="" lastUpdated="" description="" /><folder name="Planning Unit Hierarchies" type="Folder" size="" id="" path="/Global Artifacts/Planning Unit Hierarchies" pathAlias="/Global Artifacts/Planning Unit Hierarchies" modifiedBy="" lastUpdated="" description="" /><folder name="Jobs" type="Folder" size="" id="" path="/Global Artifacts/Jobs" pathAlias="" modifiedBy="" lastUpdated="" description="" /><folder name="Clear Cube" type="Folder" size="" id="" path="/Global Artifacts/Jobs/Clear Cube" pathAlias="/Global Artifacts/Jobs/Clear Cube" modifiedBy="" lastUpdated="" description="" /><folder name="Valid Combination Rules" type="Folder" size="" id="" path="/Global Artifacts/Valid Combination Rules" pathAlias="/Global Artifacts/Valid Combination Rules" modifiedBy="" lastUpdated="" description="" /><folder name="Navigation Flows" type="Folder" size="" id="" path="/Global Artifacts/Navigation Flows" pathAlias="/Global Artifacts/Navigation Flows" modifiedBy="" lastUpdated="" description="" /><folder name="Cube" type="Folder" size="" id="" path="/Cube" pathAlias="" modifiedBy="" lastUpdated="" description="" /><folder name="Plan1" type="Folder" size="" id="" path="/Cube/Plan1" pathAlias="/Cube/Plan1" modifiedBy="" lastUpdated="" description="" /><folder name="Data Forms" type="Folder" size="" id="" path="/Cube/Plan1/Data Forms" pathAlias="" modifiedBy="" lastUpdated="" description="" /><folder name="Plan" type="Folder" size="" id="" path="/Cube/Plan1/Data Forms/Plan" pathAlias="/Cube/Plan1/Data Forms/Plan" modifiedBy="" lastUpdated="" description="" /><folder name="Forecast" type="Folder" size="" id="" path="/Cube/Plan1/Data Forms/Forecast" pathAlias="/Cube/Plan1/Data Forms/Forecast" modifiedBy="" lastUpdated="" description="" /><folder name="Long Range Plan" type="Folder" size="" id="" path="/Cube/Plan1/Data Forms/Long Range Plan" pathAlias="/Cube/Plan1/Data Forms/Long Range Plan" modifiedBy="" lastUpdated="" description="" /><folder name="Smart Forms" type="Folder" size="" id="" path="/Cube/Plan1/Data Forms/Smart Forms" pathAlias="/Cube/Plan1/Data Forms/Smart Forms" modifiedBy="" lastUpdated="" description="" /><folder name="Infolets" type="Folder" size="" id="" path="/Cube/Plan1/Data Forms/Infolets" pathAlias="/Cube/Plan1/Data Forms/Infolets" modifiedBy="" lastUpdated="" description="" /><folder name="Calculation Manager Rules" type="Folder" size="" id="" path="/Cube/Plan1/Calculation Manager Rules" pathAlias="/Cube/Plan1/Calculation Manager Rules" modifiedBy="" lastUpdated="" description="" /><folder name="Plan2" type="Folder" size="" id="" path="/Cube/Plan2" pathAlias="/Cube/Plan2" modifiedBy="" lastUpdated="" description="" /><folder name="Plan3" type="Folder" size="" id="" path="/Cube/Plan3" pathAlias="/Cube/Plan3" modifiedBy="" lastUpdated="" description="" /><folder name="VisASO" type="Folder" size="" id="" path="/Cube/VisASO" pathAlias="/Cube/VisASO" modifiedBy="" lastUpdated="" description="" /><folder name="Standard Dimensions" type="Folder" size="" id="" path="/Cube/VisASO/Standard Dimensions" pathAlias="/Cube/VisASO/Standard Dimensions" modifiedBy="" lastUpdated="" description="" /><folder name="Vis1ASO" type="Folder" size="" id="" path="/Cube/Vis1ASO" pathAlias="/Cube/Vis1ASO" modifiedBy="" lastUpdated="" description="" /><folder name="Standard Dimensions" type="Folder" size="" id="" path="/Cube/Vis1ASO/Standard Dimensions" pathAlias="/Cube/Vis1ASO/Standard Dimensions" modifiedBy="" lastUpdated="" description="" /><folder name="Data Forms" type="Folder" size="" id="" path="/Cube/Vis1ASO/Data Forms" pathAlias="" modifiedBy="" lastUpdated="" description="" /><folder name="Plan" type="Folder" size="" id="" path="/Cube/Vis1ASO/Data Forms/Plan" pathAlias="/Cube/Vis1ASO/Data Forms/Plan" modifiedBy="" lastUpdated="" description="" /><folder name="Configuration" type="Folder" size="" id="" path="/Configuration" pathAlias="/Configuration" modifiedBy="" lastUpdated="" description="" /><folder name="Properties" type="Folder" size="" id="" path="/Configuration/Properties" pathAlias="/Configuration/Properties" modifiedBy="" lastUpdated="" description="" /><folder name="Security" type="Folder" size="" id="" path="/Security" pathAlias="" modifiedBy="" lastUpdated="" description="" /><folder name="Access Permissions" type="Folder" size="" id="" path="/Security/Access Permissions" pathAlias="/Security/Access Permissions" modifiedBy="" lastUpdated="" description="" /><folder name="Groups" type="Folder" size="" id="" path="/Security/Access Permissions/Groups" pathAlias="/Security/Access Permissions/Groups" modifiedBy="" lastUpdated="" description="" /><folder name="Essbase Data" type="Folder" size="" id="" path="/Essbase Data" pathAlias="/Essbase Data" modifiedBy="" lastUpdated="" description="" /></artifactListing>