<?xml version="1.0" encoding="UTF-8" ?>
 <form xmlns:xsi="http://www.w3.org/2001/XMLSchema-instance" options2="0" suppressMissingRowsNative="false" enableOffline="false" smartForm="false" hide="false" disableSpreading="false" suppressZero="false" calcOnAutoSubmit="false" enableCubeView="false" repeatMemberLabels="false" suppressInvalidScenarioTPs="false" disableSheetProtection="false" planType="1" dir="Forms/Plan" autoSubmit="false" readOnly="false" enableFlexForm="false" nativeSuppressMissingRowsOfSmartPush="false" runSmartPushAsynchronously="false" globalAssumptions="false" disableFormatting="false" name="Actual vs Plan" >
 <query>
 <columns width="0" >
 <segment showSeparator="true" readOnly="true" >
 <dimension displayMemberFormulaDesc="false" name="Scenario" allowFlexibleDefinition="false" displayAlias="true" applyToAllDim="false" displayMemberFormula="false" dimWidth="0" hide="false" showQualifiedName="never" drillOnSharedMbrs="false" displayName="false" expand="true" displayConsolidationOperators="false" showCurrency="false" >
 <member name="Actual" selectionType="Auto" />
 <member name="Plan" selectionType="Auto" />
 <member name="Act vs Plan" selectionType="Auto" />
</dimension>
 <dimension displayMemberFormulaDesc="false" name="Version" allowFlexibleDefinition="false" displayAlias="true" applyToAllDim="false" displayMemberFormula="false" dimWidth="0" hide="false" showQualifiedName="never" drillOnSharedMbrs="false" displayName="false" expand="true" displayConsolidationOperators="false" showCurrency="false" >
 <member name="&amp;ActVersion" selectionType="Auto" />
</dimension>
 <dimension displayMemberFormulaDesc="false" name="Period" allowFlexibleDefinition="false" displayAlias="true" applyToAllDim="false" displayMemberFormula="false" dimWidth="0" hide="false" showQualifiedName="never" drillOnSharedMbrs="false" displayName="false" expand="false" displayConsolidationOperators="false" showCurrency="false" >
 <member name="&amp;ThisMonth" selectionType="Auto" />
</dimension>
</segment>
 <segment>
 <dimension displayMemberFormulaDesc="false" name="Scenario" allowFlexibleDefinition="false" displayAlias="true" applyToAllDim="false" displayMemberFormula="false" dimWidth="0" hide="false" showQualifiedName="never" drillOnSharedMbrs="false" displayName="false" expand="true" displayConsolidationOperators="false" showCurrency="false" >
 <member name="Actual" selectionType="Auto" />
 <member name="Plan" selectionType="Auto" />
 <member name="Act vs Plan" selectionType="Auto" />
</dimension>
 <dimension displayMemberFormulaDesc="false" name="Version" allowFlexibleDefinition="false" displayAlias="true" applyToAllDim="false" displayMemberFormula="false" dimWidth="0" hide="false" showQualifiedName="never" drillOnSharedMbrs="false" displayName="false" expand="true" displayConsolidationOperators="false" showCurrency="false" >
 <member name="&amp;ActVersion" selectionType="Auto" />
</dimension>
 <dimension displayMemberFormulaDesc="false" name="Period" allowFlexibleDefinition="false" displayAlias="true" applyToAllDim="false" displayMemberFormula="false" dimWidth="0" hide="false" showQualifiedName="never" drillOnSharedMbrs="false" displayName="false" expand="false" displayConsolidationOperators="false" showCurrency="false" >
 <function name="H-T-D" offset="0" >
 <member name="&amp;ThisMonth" selectionType="Auto" />
</function>
</dimension>
</segment>
 <segment showSeparator="true" >
 <dimension displayMemberFormulaDesc="false" name="Scenario" allowFlexibleDefinition="false" displayAlias="true" applyToAllDim="false" displayMemberFormula="false" dimWidth="0" hide="false" showQualifiedName="never" drillOnSharedMbrs="false" displayName="false" expand="true" displayConsolidationOperators="false" showCurrency="false" >
 <member name="Act vs Plan %" selectionType="Auto" />
</dimension>
 <dimension displayMemberFormulaDesc="false" name="Version" allowFlexibleDefinition="false" displayAlias="true" applyToAllDim="false" displayMemberFormula="false" dimWidth="0" hide="false" showQualifiedName="never" drillOnSharedMbrs="false" displayName="false" expand="true" displayConsolidationOperators="false" showCurrency="false" >
 <member name="&amp;ActVersion" selectionType="Auto" />
</dimension>
 <dimension displayMemberFormulaDesc="false" name="Period" allowFlexibleDefinition="false" displayAlias="true" applyToAllDim="false" displayMemberFormula="false" dimWidth="0" hide="false" showQualifiedName="never" drillOnSharedMbrs="false" displayName="false" expand="false" displayConsolidationOperators="false" showCurrency="false" >
 <function name="H-T-D" offset="0" >
 <member name="&amp;ThisMonth" selectionType="Auto" />
</function>
</dimension>
</segment>
 <segment size="-150" >
 <dimension displayMemberFormulaDesc="false" name="Scenario" allowFlexibleDefinition="false" displayAlias="true" applyToAllDim="false" displayMemberFormula="false" dimWidth="0" hide="false" showQualifiedName="never" drillOnSharedMbrs="false" displayName="false" expand="true" displayConsolidationOperators="false" showCurrency="false" >
 <member name="Plan" selectionType="Auto" />
</dimension>
 <dimension displayMemberFormulaDesc="false" name="Version" allowFlexibleDefinition="false" displayAlias="true" applyToAllDim="false" displayMemberFormula="false" dimWidth="0" hide="false" showQualifiedName="never" drillOnSharedMbrs="false" displayName="false" expand="true" displayConsolidationOperators="false" showCurrency="false" >
 <member name="Commentary" selectionType="Auto" />
</dimension>
 <dimension displayMemberFormulaDesc="false" name="Period" allowFlexibleDefinition="false" displayAlias="true" applyToAllDim="false" displayMemberFormula="false" dimWidth="0" hide="false" showQualifiedName="never" drillOnSharedMbrs="false" displayName="false" expand="false" displayConsolidationOperators="false" showCurrency="false" >
 <member name="&amp;ThisMonth" selectionType="Auto" />
</dimension>
</segment>
</columns>
 <rows height="0" suppressMissingBlocks="true" suppressMissing="true" >
 <segment>
 <dimension displayMemberFormulaDesc="false" name="Account" allowFlexibleDefinition="false" displayAlias="true" applyToAllDim="false" displayMemberFormula="false" dimWidth="0" hide="false" enableDropdown="false" showQualifiedName="never" drillOnSharedMbrs="false" displayName="false" expand="true" displayConsolidationOperators="false" showCurrency="false" >
 <function include="true" name="Descendants" offset="0" >
 <member name="7001" selectionType="Auto" />
</function>
</dimension>
</segment>
</rows>
 <pages>
 <segment>
 <dimension displayMemberFormulaDesc="false" name="Year" allowFlexibleDefinition="false" displayAlias="false" applyToAllDim="false" displayMemberFormula="false" dimWidth="0" hide="false" showQualifiedName="never" drillOnSharedMbrs="false" displayName="true" displayConsolidationOperators="false" showCurrency="false" >
 <member name="&amp;QCYYr1" selectionType="Auto" />
 <member name="&amp;QCYYr2" selectionType="Auto" />
</dimension>
</segment>
</pages>
 <pov enableDynamicUVs="true" dynamicUVs="Entity View" >
 <dynamicUV>Entity View</dynamicUV>
 <dimension displayMemberFormulaDesc="false" name="HSP_View" allowFlexibleDefinition="false" displayAlias="false" applyToAllDim="false" displayMemberFormula="false" dimWidth="0" hide="true" showQualifiedName="never" drillOnSharedMbrs="false" displayName="true" displayConsolidationOperators="false" showCurrency="false" >
 <member name="BaseData" selectionType="Auto" visible="true" />
</dimension>
 <dimension displayMemberFormulaDesc="false" name="Product" allowFlexibleDefinition="false" displayAlias="true" applyToAllDim="false" displayMemberFormula="false" dimWidth="0" hide="true" showQualifiedName="never" drillOnSharedMbrs="false" displayName="true" displayConsolidationOperators="false" showCurrency="false" >
 <member name="P_000" selectionType="Auto" visible="true" />
</dimension>
 <dimension displayMemberFormulaDesc="false" name="Entity" allowFlexibleDefinition="false" displayAlias="true" applyToAllDim="false" displayMemberFormula="false" dimWidth="0" hide="true" showQualifiedName="never" drillOnSharedMbrs="false" displayName="false" displayConsolidationOperators="false" showCurrency="false" >
 <member name="&amp;Entity View" selectionType="Auto" visible="true" />
</dimension>
</pov>
</query>
 <businessRules>
 <businessRule calcType="3" name="DEFAULT" planType="1" />
</businessRules>
 <displayOptions>
 <precision useCurrencyPrecision="false" nonCurrencyMax="0" nonCurrencyMin="0" currencyMax="0" percentageMax="1" currencyMin="0" percentageMin="1" />
 <display multiCurrency="false" enableMassAllocation="false" enableGridSpread="true" hideSaveConfirmMessage="true" accountAnnotation="false" enableAdHoc="false" poundMissing="true" enableAttributeDisplay="false" enableCellAttach="true" />
 <printOptions>
 <pageSettings pageSize="A4" orientation="0" font="" fontSize="8" rowHeaderPercentage="35" numDataCols="10" />
 <format supportingDetails="false" applyPrecision="false" repeatHeaders="true" reverseSupport="false" formatData="true" />
 <printDisplay currency="true" shading="true" cellNotes="false" attribute="true" accountAnnotation="true" />
</printOptions>
 <smartViewOptions enableForSmartSlice="false" enableOfflineUsage="false" />
</displayOptions>
 <dataValidationRules>
 <dataValidationRule position="1" name="Variance Commentary" enabled="true" description="" rowLocation="-1.0" colLocation="4.0" >
 <dataValidationCond toolTip="" groupOpenNestingLevel="0" operator="1" displayMessageInDVPane="true" honorPmRules="false" negate="false" groupCloseNestingLevel="0" position="1" styleId="0" type="1" bgColor="" Valid="true" logicalOperator="20" >
 <compareValue type="3" value="C" >
</compareValue>
 <compareToValue type="7" value="-0.100" >
</compareToValue>
</dataValidationCond>
 <dataValidationCond toolTip="" groupOpenNestingLevel="0" operator="8" displayMessageInDVPane="true" honorPmRules="false" negate="false" groupCloseNestingLevel="0" position="2" styleId="0" type="2" bgColor="" Valid="true" logicalOperator="0" >
 <compareValue type="1" value="" >
</compareValue>
 <compareToValue type="7" value="&quot;#missing&quot;" >
</compareToValue>
</dataValidationCond>
 <dataValidationCond toolTip="You must enter an explanation for any negative variance greater than 10%." groupOpenNestingLevel="0" operator="0" displayMessageInDVPane="true" honorPmRules="false" negate="false" groupCloseNestingLevel="0" position="3" styleId="0" type="5" bgColor="16711680" Valid="true" logicalOperator="0" >
 <compareValue type="6" value="" >
</compareValue>
 <compareToValue type="0" value="" >
</compareToValue>
</dataValidationCond>
</dataValidationRule>
 <dataValidationRulesOptions>
 <RunValidationsAsLoggedInUser>true</RunValidationsAsLoggedInUser>
 <ValidateOnlyForPagesWithBlocks>true</ValidateOnlyForPagesWithBlocks>
 <ValidateOnlyForUsersWithAccessToForm>true</ValidateOnlyForUsersWithAccessToForm>
 <ReplaceUserVarWithPuMember>false</ReplaceUserVarWithPuMember>
 <LoopOverEveryPossiblePuUserVarValue>false</LoopOverEveryPossiblePuUserVarValue>
</dataValidationRulesOptions>
</dataValidationRules>
 <formFormattings>
</formFormattings>
 <smartpush>
</smartpush>
</form>
