<?xml version="1.0" encoding="UTF-8" ?>
 <form xmlns:xsi="http://www.w3.org/2001/XMLSchema-instance" options2="0" suppressMissingRowsNative="false" enableOffline="false" smartForm="false" hide="false" disableSpreading="false" suppressZero="false" calcOnAutoSubmit="false" enableCubeView="true" repeatMemberLabels="false" suppressInvalidScenarioTPs="false" disableSheetProtection="false" planType="1" dir="Forms/Plan" autoSubmit="false" readOnly="false" enableFlexForm="false" nativeSuppressMissingRowsOfSmartPush="false" runSmartPushAsynchronously="false" globalAssumptions="false" disableFormatting="false" name="Ad Hoc Revenue Analysis" >
 <query>
 <columns width="100" >
 <segment>
 <dimension displayMemberFormulaDesc="false" name="Period" allowFlexibleDefinition="false" displayAlias="false" applyToAllDim="false" displayMemberFormula="false" dimWidth="0" hide="false" showQualifiedName="never" drillOnSharedMbrs="false" displayName="true" expand="true" displayConsolidationOperators="false" showCurrency="false" >
 <member name="Jan" selectionType="Auto" />
 <member name="Feb" selectionType="Auto" />
 <member name="Mar" selectionType="Auto" />
 <member name="Q1" selectionType="Auto" />
 <member name="Apr" selectionType="Auto" />
 <member name="May" selectionType="Auto" />
 <member name="Jun" selectionType="Auto" />
 <member name="Q2" selectionType="Auto" />
 <member name="Jul" selectionType="Auto" />
 <member name="Aug" selectionType="Auto" />
 <member name="Sep" selectionType="Auto" />
 <member name="Q3" selectionType="Auto" />
 <member name="Oct" selectionType="Auto" />
 <member name="Nov" selectionType="Auto" />
 <member name="Dec" selectionType="Auto" />
 <member name="Q4" selectionType="Auto" />
 <member name="YearTotal" selectionType="Auto" />
</dimension>
</segment>
</columns>
 <rows height="22" >
 <segment>
 <dimension displayMemberFormulaDesc="false" name="Product" allowFlexibleDefinition="false" displayAlias="false" applyToAllDim="false" displayMemberFormula="false" dimWidth="0" hide="false" enableDropdown="false" showQualifiedName="never" drillOnSharedMbrs="false" displayName="true" expand="true" displayConsolidationOperators="false" showCurrency="false" >
 <member name="P_100" selectionType="Auto" />
 <member name="P_110" selectionType="Auto" />
 <member name="P_120" selectionType="Auto" />
 <member name="P_130" selectionType="Auto" />
 <member name="P_140" selectionType="Auto" />
 <member name="P_150" selectionType="Auto" />
 <member name="P_160" selectionType="Auto" />
</dimension>
</segment>
</rows>
 <pages>
 <segment>
 <dimension displayMemberFormulaDesc="false" name="HSP_View" allowFlexibleDefinition="false" displayAlias="false" applyToAllDim="false" displayMemberFormula="false" dimWidth="0" hide="false" showQualifiedName="never" drillOnSharedMbrs="false" displayName="true" displayConsolidationOperators="false" showCurrency="false" >
 <member name="BaseData" selectionType="Auto" />
</dimension>
 <dimension displayMemberFormulaDesc="false" name="Scenario" allowFlexibleDefinition="false" displayAlias="false" applyToAllDim="false" displayMemberFormula="false" dimWidth="0" hide="false" showQualifiedName="never" drillOnSharedMbrs="false" displayName="true" displayConsolidationOperators="false" showCurrency="false" >
 <member name="Plan" selectionType="Auto" />
</dimension>
 <dimension displayMemberFormulaDesc="false" name="Year" allowFlexibleDefinition="false" displayAlias="false" applyToAllDim="false" displayMemberFormula="false" dimWidth="0" hide="false" showQualifiedName="never" drillOnSharedMbrs="false" displayName="true" displayConsolidationOperators="false" showCurrency="false" >
 <member name="FY15" selectionType="Auto" />
</dimension>
 <dimension displayMemberFormulaDesc="false" name="Version" allowFlexibleDefinition="false" displayAlias="false" applyToAllDim="false" displayMemberFormula="false" dimWidth="0" hide="false" showQualifiedName="never" drillOnSharedMbrs="false" displayName="true" displayConsolidationOperators="false" showCurrency="false" >
 <member name="Working" selectionType="Auto" />
 <member name="Sandboxes_Working" selectionType="Auto" />
 <member name="Sandboxes_What If" selectionType="Auto" />
</dimension>
 <dimension displayMemberFormulaDesc="false" name="Entity" allowFlexibleDefinition="false" displayAlias="false" applyToAllDim="false" displayMemberFormula="false" dimWidth="0" hide="false" showQualifiedName="never" drillOnSharedMbrs="false" displayName="true" displayConsolidationOperators="false" showCurrency="false" >
 <member name="410" selectionType="Auto" />
 <member name="420" selectionType="Auto" />
 <member name="421" selectionType="Auto" />
 <member name="422" selectionType="Auto" />
 <member name="423" selectionType="Auto" />
 <member name="430" selectionType="Auto" />
 <member name="440" selectionType="Auto" />
 <member name="450" selectionType="Auto" />
</dimension>
 <dimension displayMemberFormulaDesc="false" name="Account" allowFlexibleDefinition="false" displayAlias="false" applyToAllDim="false" displayMemberFormula="false" dimWidth="0" hide="false" showQualifiedName="never" drillOnSharedMbrs="false" displayName="true" displayConsolidationOperators="false" showCurrency="false" >
 <member name="Units" selectionType="Auto" />
 <member name="ASP" selectionType="Auto" />
 <member name="Gross Margin %" selectionType="Auto" />
 <member name="4001" selectionType="Auto" />
 <member name="5000" selectionType="Auto" />
 <member name="GP" selectionType="Auto" />
</dimension>
</segment>
</pages>
</query>
 <businessRules>
 <businessRule calcType="3" name="CURRENCY" planType="1" />
 <businessRule calcType="3" name="DEFAULT" planType="1" />
</businessRules>
 <displayOptions>
 <precision useCurrencyPrecision="false" nonCurrencyMax="0" nonCurrencyMin="0" currencyMax="0" percentageMax="1" currencyMin="0" percentageMin="1" />
 <display multiCurrency="false" enableMassAllocation="true" enableGridSpread="true" hideSaveConfirmMessage="false" accountAnnotation="false" enableAdHoc="true" poundMissing="true" enableAttributeDisplay="false" enableCellAttach="true" />
 <printOptions>
 <pageSettings pageSize="A4" orientation="0" font="" fontSize="8" rowHeaderPercentage="35" numDataCols="10" />
 <format supportingDetails="false" applyPrecision="false" repeatHeaders="true" reverseSupport="false" formatData="true" />
 <printDisplay currency="true" shading="true" cellNotes="false" attribute="true" accountAnnotation="true" />
</printOptions>
 <smartViewOptions enableForSmartSlice="true" enableOfflineUsage="false" />
</displayOptions>
 <dataValidationRules>
 <dataValidationRulesOptions>
 <RunValidationsAsLoggedInUser>true</RunValidationsAsLoggedInUser>
 <ValidateOnlyForPagesWithBlocks>true</ValidateOnlyForPagesWithBlocks>
 <ValidateOnlyForUsersWithAccessToForm>true</ValidateOnlyForUsersWithAccessToForm>
 <ReplaceUserVarWithPuMember>false</ReplaceUserVarWithPuMember>
 <LoopOverEveryPossiblePuUserVarValue>false</LoopOverEveryPossiblePuUserVarValue>
</dataValidationRulesOptions>
</dataValidationRules>
 <formFormattings>
 <formFormatting userName="[CURRENT_USER]" displayOptions="-2147483646" >
 <dataCellMbrTuples>
 <dataCellMbrTuple>
 <cellStyleId>1</cellStyleId>
 <frmMbrTuple>
 <gridLocation>rows</gridLocation>
 <mbr name="Jan" segment="1.0" dim="Period" />
</frmMbrTuple>
 <frmMbrTuple>
 <gridLocation>columns</gridLocation>
 <mbr name="Jan" segment="1.0" dim="Period" />
</frmMbrTuple>
</dataCellMbrTuple>
 <dataCellMbrTuple>
 <cellStyleId>2</cellStyleId>
 <frmMbrTuple>
 <gridLocation>rows</gridLocation>
 <mbr name="Feb" segment="1.0" dim="Period" />
</frmMbrTuple>
 <frmMbrTuple>
 <gridLocation>columns</gridLocation>
 <mbr name="Feb" segment="1.0" dim="Period" />
</frmMbrTuple>
</dataCellMbrTuple>
 <dataCellMbrTuple>
 <cellStyleId>3</cellStyleId>
 <frmMbrTuple>
 <gridLocation>rows</gridLocation>
 <mbr name="Mar" segment="1.0" dim="Period" />
</frmMbrTuple>
 <frmMbrTuple>
 <gridLocation>columns</gridLocation>
 <mbr name="Mar" segment="1.0" dim="Period" />
</frmMbrTuple>
</dataCellMbrTuple>
 <dataCellMbrTuple>
 <cellStyleId>4</cellStyleId>
 <frmMbrTuple>
 <gridLocation>rows</gridLocation>
 <mbr name="Q1" segment="1.0" dim="Period" />
</frmMbrTuple>
 <frmMbrTuple>
 <gridLocation>columns</gridLocation>
 <mbr name="Q1" segment="1.0" dim="Period" />
</frmMbrTuple>
</dataCellMbrTuple>
 <dataCellMbrTuple>
 <cellStyleId>5</cellStyleId>
 <frmMbrTuple>
 <gridLocation>rows</gridLocation>
 <mbr name="Apr" segment="1.0" dim="Period" />
</frmMbrTuple>
 <frmMbrTuple>
 <gridLocation>columns</gridLocation>
 <mbr name="Apr" segment="1.0" dim="Period" />
</frmMbrTuple>
</dataCellMbrTuple>
 <dataCellMbrTuple>
 <cellStyleId>6</cellStyleId>
 <frmMbrTuple>
 <gridLocation>rows</gridLocation>
 <mbr name="May" segment="1.0" dim="Period" />
</frmMbrTuple>
 <frmMbrTuple>
 <gridLocation>columns</gridLocation>
 <mbr name="May" segment="1.0" dim="Period" />
</frmMbrTuple>
</dataCellMbrTuple>
 <dataCellMbrTuple>
 <cellStyleId>7</cellStyleId>
 <frmMbrTuple>
 <gridLocation>rows</gridLocation>
 <mbr name="Jun" segment="1.0" dim="Period" />
</frmMbrTuple>
 <frmMbrTuple>
 <gridLocation>columns</gridLocation>
 <mbr name="Jun" segment="1.0" dim="Period" />
</frmMbrTuple>
</dataCellMbrTuple>
 <dataCellMbrTuple>
 <cellStyleId>8</cellStyleId>
 <frmMbrTuple>
 <gridLocation>rows</gridLocation>
 <mbr name="Q2" segment="1.0" dim="Period" />
</frmMbrTuple>
 <frmMbrTuple>
 <gridLocation>columns</gridLocation>
 <mbr name="Q2" segment="1.0" dim="Period" />
</frmMbrTuple>
</dataCellMbrTuple>
 <dataCellMbrTuple>
 <cellStyleId>9</cellStyleId>
 <frmMbrTuple>
 <gridLocation>rows</gridLocation>
 <mbr name="Jul" segment="1.0" dim="Period" />
</frmMbrTuple>
 <frmMbrTuple>
 <gridLocation>columns</gridLocation>
 <mbr name="Jul" segment="1.0" dim="Period" />
</frmMbrTuple>
</dataCellMbrTuple>
 <dataCellMbrTuple>
 <cellStyleId>10</cellStyleId>
 <frmMbrTuple>
 <gridLocation>rows</gridLocation>
 <mbr name="Aug" segment="1.0" dim="Period" />
</frmMbrTuple>
 <frmMbrTuple>
 <gridLocation>columns</gridLocation>
 <mbr name="Aug" segment="1.0" dim="Period" />
</frmMbrTuple>
</dataCellMbrTuple>
 <dataCellMbrTuple>
 <cellStyleId>11</cellStyleId>
 <frmMbrTuple>
 <gridLocation>rows</gridLocation>
 <mbr name="Sep" segment="1.0" dim="Period" />
</frmMbrTuple>
 <frmMbrTuple>
 <gridLocation>columns</gridLocation>
 <mbr name="Sep" segment="1.0" dim="Period" />
</frmMbrTuple>
</dataCellMbrTuple>
 <dataCellMbrTuple>
 <cellStyleId>12</cellStyleId>
 <frmMbrTuple>
 <gridLocation>rows</gridLocation>
 <mbr name="Q3" segment="1.0" dim="Period" />
</frmMbrTuple>
 <frmMbrTuple>
 <gridLocation>columns</gridLocation>
 <mbr name="Q3" segment="1.0" dim="Period" />
</frmMbrTuple>
</dataCellMbrTuple>
 <dataCellMbrTuple>
 <cellStyleId>13</cellStyleId>
 <frmMbrTuple>
 <gridLocation>rows</gridLocation>
 <mbr name="Oct" segment="1.0" dim="Period" />
</frmMbrTuple>
 <frmMbrTuple>
 <gridLocation>columns</gridLocation>
 <mbr name="Oct" segment="1.0" dim="Period" />
</frmMbrTuple>
</dataCellMbrTuple>
 <dataCellMbrTuple>
 <cellStyleId>14</cellStyleId>
 <frmMbrTuple>
 <gridLocation>rows</gridLocation>
 <mbr name="Nov" segment="1.0" dim="Period" />
</frmMbrTuple>
 <frmMbrTuple>
 <gridLocation>columns</gridLocation>
 <mbr name="Nov" segment="1.0" dim="Period" />
</frmMbrTuple>
</dataCellMbrTuple>
 <dataCellMbrTuple>
 <cellStyleId>15</cellStyleId>
 <frmMbrTuple>
 <gridLocation>rows</gridLocation>
 <mbr name="Dec" segment="1.0" dim="Period" />
</frmMbrTuple>
 <frmMbrTuple>
 <gridLocation>columns</gridLocation>
 <mbr name="Dec" segment="1.0" dim="Period" />
</frmMbrTuple>
</dataCellMbrTuple>
 <dataCellMbrTuple>
 <cellStyleId>16</cellStyleId>
 <frmMbrTuple>
 <gridLocation>rows</gridLocation>
 <mbr name="Q4" segment="1.0" dim="Period" />
</frmMbrTuple>
 <frmMbrTuple>
 <gridLocation>columns</gridLocation>
 <mbr name="Q4" segment="1.0" dim="Period" />
</frmMbrTuple>
</dataCellMbrTuple>
 <dataCellMbrTuple>
 <cellStyleId>17</cellStyleId>
 <frmMbrTuple>
 <gridLocation>rows</gridLocation>
 <mbr name="YearTotal" segment="1.0" dim="Period" />
</frmMbrTuple>
 <frmMbrTuple>
 <gridLocation>columns</gridLocation>
 <mbr name="YearTotal" segment="1.0" dim="Period" />
</frmMbrTuple>
</dataCellMbrTuple>
 <dataCellMbrTuple>
 <cellStyleId>18</cellStyleId>
 <frmMbrTuple>
 <gridLocation>rows</gridLocation>
 <mbr name="P_100" segment="1.0" dim="Product" />
</frmMbrTuple>
 <frmMbrTuple>
 <gridLocation>columns</gridLocation>
 <mbr name="P_100" segment="1.0" dim="Product" />
</frmMbrTuple>
</dataCellMbrTuple>
 <dataCellMbrTuple>
 <cellStyleId>19</cellStyleId>
 <frmMbrTuple>
 <gridLocation>rows</gridLocation>
 <mbr name="P_100" segment="1.0" dim="Product" />
</frmMbrTuple>
 <frmMbrTuple>
 <gridLocation>columns</gridLocation>
 <mbr name="Jan" segment="1.0" dim="Period" />
</frmMbrTuple>
</dataCellMbrTuple>
 <dataCellMbrTuple>
 <cellStyleId>20</cellStyleId>
 <frmMbrTuple>
 <gridLocation>rows</gridLocation>
 <mbr name="P_100" segment="1.0" dim="Product" />
</frmMbrTuple>
 <frmMbrTuple>
 <gridLocation>columns</gridLocation>
 <mbr name="Feb" segment="1.0" dim="Period" />
</frmMbrTuple>
</dataCellMbrTuple>
 <dataCellMbrTuple>
 <cellStyleId>21</cellStyleId>
 <frmMbrTuple>
 <gridLocation>rows</gridLocation>
 <mbr name="P_100" segment="1.0" dim="Product" />
</frmMbrTuple>
 <frmMbrTuple>
 <gridLocation>columns</gridLocation>
 <mbr name="Mar" segment="1.0" dim="Period" />
</frmMbrTuple>
</dataCellMbrTuple>
 <dataCellMbrTuple>
 <cellStyleId>22</cellStyleId>
 <frmMbrTuple>
 <gridLocation>rows</gridLocation>
 <mbr name="P_100" segment="1.0" dim="Product" />
</frmMbrTuple>
 <frmMbrTuple>
 <gridLocation>columns</gridLocation>
 <mbr name="Q1" segment="1.0" dim="Period" />
</frmMbrTuple>
</dataCellMbrTuple>
 <dataCellMbrTuple>
 <cellStyleId>23</cellStyleId>
 <frmMbrTuple>
 <gridLocation>rows</gridLocation>
 <mbr name="P_100" segment="1.0" dim="Product" />
</frmMbrTuple>
 <frmMbrTuple>
 <gridLocation>columns</gridLocation>
 <mbr name="Apr" segment="1.0" dim="Period" />
</frmMbrTuple>
</dataCellMbrTuple>
 <dataCellMbrTuple>
 <cellStyleId>24</cellStyleId>
 <frmMbrTuple>
 <gridLocation>rows</gridLocation>
 <mbr name="P_100" segment="1.0" dim="Product" />
</frmMbrTuple>
 <frmMbrTuple>
 <gridLocation>columns</gridLocation>
 <mbr name="May" segment="1.0" dim="Period" />
</frmMbrTuple>
</dataCellMbrTuple>
 <dataCellMbrTuple>
 <cellStyleId>25</cellStyleId>
 <frmMbrTuple>
 <gridLocation>rows</gridLocation>
 <mbr name="P_100" segment="1.0" dim="Product" />
</frmMbrTuple>
 <frmMbrTuple>
 <gridLocation>columns</gridLocation>
 <mbr name="Jun" segment="1.0" dim="Period" />
</frmMbrTuple>
</dataCellMbrTuple>
 <dataCellMbrTuple>
 <cellStyleId>26</cellStyleId>
 <frmMbrTuple>
 <gridLocation>rows</gridLocation>
 <mbr name="P_100" segment="1.0" dim="Product" />
</frmMbrTuple>
 <frmMbrTuple>
 <gridLocation>columns</gridLocation>
 <mbr name="Q2" segment="1.0" dim="Period" />
</frmMbrTuple>
</dataCellMbrTuple>
 <dataCellMbrTuple>
 <cellStyleId>27</cellStyleId>
 <frmMbrTuple>
 <gridLocation>rows</gridLocation>
 <mbr name="P_100" segment="1.0" dim="Product" />
</frmMbrTuple>
 <frmMbrTuple>
 <gridLocation>columns</gridLocation>
 <mbr name="Jul" segment="1.0" dim="Period" />
</frmMbrTuple>
</dataCellMbrTuple>
 <dataCellMbrTuple>
 <cellStyleId>28</cellStyleId>
 <frmMbrTuple>
 <gridLocation>rows</gridLocation>
 <mbr name="P_100" segment="1.0" dim="Product" />
</frmMbrTuple>
 <frmMbrTuple>
 <gridLocation>columns</gridLocation>
 <mbr name="Aug" segment="1.0" dim="Period" />
</frmMbrTuple>
</dataCellMbrTuple>
 <dataCellMbrTuple>
 <cellStyleId>29</cellStyleId>
 <frmMbrTuple>
 <gridLocation>rows</gridLocation>
 <mbr name="P_100" segment="1.0" dim="Product" />
</frmMbrTuple>
 <frmMbrTuple>
 <gridLocation>columns</gridLocation>
 <mbr name="Sep" segment="1.0" dim="Period" />
</frmMbrTuple>
</dataCellMbrTuple>
 <dataCellMbrTuple>
 <cellStyleId>30</cellStyleId>
 <frmMbrTuple>
 <gridLocation>rows</gridLocation>
 <mbr name="P_100" segment="1.0" dim="Product" />
</frmMbrTuple>
 <frmMbrTuple>
 <gridLocation>columns</gridLocation>
 <mbr name="Q3" segment="1.0" dim="Period" />
</frmMbrTuple>
</dataCellMbrTuple>
 <dataCellMbrTuple>
 <cellStyleId>31</cellStyleId>
 <frmMbrTuple>
 <gridLocation>rows</gridLocation>
 <mbr name="P_100" segment="1.0" dim="Product" />
</frmMbrTuple>
 <frmMbrTuple>
 <gridLocation>columns</gridLocation>
 <mbr name="Oct" segment="1.0" dim="Period" />
</frmMbrTuple>
</dataCellMbrTuple>
 <dataCellMbrTuple>
 <cellStyleId>32</cellStyleId>
 <frmMbrTuple>
 <gridLocation>rows</gridLocation>
 <mbr name="P_100" segment="1.0" dim="Product" />
</frmMbrTuple>
 <frmMbrTuple>
 <gridLocation>columns</gridLocation>
 <mbr name="Nov" segment="1.0" dim="Period" />
</frmMbrTuple>
</dataCellMbrTuple>
 <dataCellMbrTuple>
 <cellStyleId>33</cellStyleId>
 <frmMbrTuple>
 <gridLocation>rows</gridLocation>
 <mbr name="P_100" segment="1.0" dim="Product" />
</frmMbrTuple>
 <frmMbrTuple>
 <gridLocation>columns</gridLocation>
 <mbr name="Dec" segment="1.0" dim="Period" />
</frmMbrTuple>
</dataCellMbrTuple>
 <dataCellMbrTuple>
 <cellStyleId>34</cellStyleId>
 <frmMbrTuple>
 <gridLocation>rows</gridLocation>
 <mbr name="P_100" segment="1.0" dim="Product" />
</frmMbrTuple>
 <frmMbrTuple>
 <gridLocation>columns</gridLocation>
 <mbr name="Q4" segment="1.0" dim="Period" />
</frmMbrTuple>
</dataCellMbrTuple>
 <dataCellMbrTuple>
 <cellStyleId>35</cellStyleId>
 <frmMbrTuple>
 <gridLocation>rows</gridLocation>
 <mbr name="P_100" segment="1.0" dim="Product" />
</frmMbrTuple>
 <frmMbrTuple>
 <gridLocation>columns</gridLocation>
 <mbr name="YearTotal" segment="1.0" dim="Period" />
</frmMbrTuple>
</dataCellMbrTuple>
 <dataCellMbrTuple>
 <cellStyleId>36</cellStyleId>
 <frmMbrTuple>
 <gridLocation>rows</gridLocation>
 <mbr name="P_110" segment="1.0" dim="Product" />
</frmMbrTuple>
 <frmMbrTuple>
 <gridLocation>columns</gridLocation>
 <mbr name="P_110" segment="1.0" dim="Product" />
</frmMbrTuple>
</dataCellMbrTuple>
 <dataCellMbrTuple>
 <cellStyleId>37</cellStyleId>
 <frmMbrTuple>
 <gridLocation>rows</gridLocation>
 <mbr name="P_110" segment="1.0" dim="Product" />
</frmMbrTuple>
 <frmMbrTuple>
 <gridLocation>columns</gridLocation>
 <mbr name="Jan" segment="1.0" dim="Period" />
</frmMbrTuple>
</dataCellMbrTuple>
 <dataCellMbrTuple>
 <cellStyleId>38</cellStyleId>
 <frmMbrTuple>
 <gridLocation>rows</gridLocation>
 <mbr name="P_110" segment="1.0" dim="Product" />
</frmMbrTuple>
 <frmMbrTuple>
 <gridLocation>columns</gridLocation>
 <mbr name="Feb" segment="1.0" dim="Period" />
</frmMbrTuple>
</dataCellMbrTuple>
 <dataCellMbrTuple>
 <cellStyleId>39</cellStyleId>
 <frmMbrTuple>
 <gridLocation>rows</gridLocation>
 <mbr name="P_110" segment="1.0" dim="Product" />
</frmMbrTuple>
 <frmMbrTuple>
 <gridLocation>columns</gridLocation>
 <mbr name="Mar" segment="1.0" dim="Period" />
</frmMbrTuple>
</dataCellMbrTuple>
 <dataCellMbrTuple>
 <cellStyleId>40</cellStyleId>
 <frmMbrTuple>
 <gridLocation>rows</gridLocation>
 <mbr name="P_110" segment="1.0" dim="Product" />
</frmMbrTuple>
 <frmMbrTuple>
 <gridLocation>columns</gridLocation>
 <mbr name="Q1" segment="1.0" dim="Period" />
</frmMbrTuple>
</dataCellMbrTuple>
 <dataCellMbrTuple>
 <cellStyleId>41</cellStyleId>
 <frmMbrTuple>
 <gridLocation>rows</gridLocation>
 <mbr name="P_110" segment="1.0" dim="Product" />
</frmMbrTuple>
 <frmMbrTuple>
 <gridLocation>columns</gridLocation>
 <mbr name="Apr" segment="1.0" dim="Period" />
</frmMbrTuple>
</dataCellMbrTuple>
 <dataCellMbrTuple>
 <cellStyleId>42</cellStyleId>
 <frmMbrTuple>
 <gridLocation>rows</gridLocation>
 <mbr name="P_110" segment="1.0" dim="Product" />
</frmMbrTuple>
 <frmMbrTuple>
 <gridLocation>columns</gridLocation>
 <mbr name="May" segment="1.0" dim="Period" />
</frmMbrTuple>
</dataCellMbrTuple>
 <dataCellMbrTuple>
 <cellStyleId>43</cellStyleId>
 <frmMbrTuple>
 <gridLocation>rows</gridLocation>
 <mbr name="P_110" segment="1.0" dim="Product" />
</frmMbrTuple>
 <frmMbrTuple>
 <gridLocation>columns</gridLocation>
 <mbr name="Jun" segment="1.0" dim="Period" />
</frmMbrTuple>
</dataCellMbrTuple>
 <dataCellMbrTuple>
 <cellStyleId>44</cellStyleId>
 <frmMbrTuple>
 <gridLocation>rows</gridLocation>
 <mbr name="P_110" segment="1.0" dim="Product" />
</frmMbrTuple>
 <frmMbrTuple>
 <gridLocation>columns</gridLocation>
 <mbr name="Q2" segment="1.0" dim="Period" />
</frmMbrTuple>
</dataCellMbrTuple>
 <dataCellMbrTuple>
 <cellStyleId>45</cellStyleId>
 <frmMbrTuple>
 <gridLocation>rows</gridLocation>
 <mbr name="P_110" segment="1.0" dim="Product" />
</frmMbrTuple>
 <frmMbrTuple>
 <gridLocation>columns</gridLocation>
 <mbr name="Jul" segment="1.0" dim="Period" />
</frmMbrTuple>
</dataCellMbrTuple>
 <dataCellMbrTuple>
 <cellStyleId>46</cellStyleId>
 <frmMbrTuple>
 <gridLocation>rows</gridLocation>
 <mbr name="P_110" segment="1.0" dim="Product" />
</frmMbrTuple>
 <frmMbrTuple>
 <gridLocation>columns</gridLocation>
 <mbr name="Aug" segment="1.0" dim="Period" />
</frmMbrTuple>
</dataCellMbrTuple>
 <dataCellMbrTuple>
 <cellStyleId>47</cellStyleId>
 <frmMbrTuple>
 <gridLocation>rows</gridLocation>
 <mbr name="P_110" segment="1.0" dim="Product" />
</frmMbrTuple>
 <frmMbrTuple>
 <gridLocation>columns</gridLocation>
 <mbr name="Sep" segment="1.0" dim="Period" />
</frmMbrTuple>
</dataCellMbrTuple>
 <dataCellMbrTuple>
 <cellStyleId>48</cellStyleId>
 <frmMbrTuple>
 <gridLocation>rows</gridLocation>
 <mbr name="P_110" segment="1.0" dim="Product" />
</frmMbrTuple>
 <frmMbrTuple>
 <gridLocation>columns</gridLocation>
 <mbr name="Q3" segment="1.0" dim="Period" />
</frmMbrTuple>
</dataCellMbrTuple>
 <dataCellMbrTuple>
 <cellStyleId>49</cellStyleId>
 <frmMbrTuple>
 <gridLocation>rows</gridLocation>
 <mbr name="P_110" segment="1.0" dim="Product" />
</frmMbrTuple>
 <frmMbrTuple>
 <gridLocation>columns</gridLocation>
 <mbr name="Oct" segment="1.0" dim="Period" />
</frmMbrTuple>
</dataCellMbrTuple>
 <dataCellMbrTuple>
 <cellStyleId>50</cellStyleId>
 <frmMbrTuple>
 <gridLocation>rows</gridLocation>
 <mbr name="P_110" segment="1.0" dim="Product" />
</frmMbrTuple>
 <frmMbrTuple>
 <gridLocation>columns</gridLocation>
 <mbr name="Nov" segment="1.0" dim="Period" />
</frmMbrTuple>
</dataCellMbrTuple>
 <dataCellMbrTuple>
 <cellStyleId>51</cellStyleId>
 <frmMbrTuple>
 <gridLocation>rows</gridLocation>
 <mbr name="P_110" segment="1.0" dim="Product" />
</frmMbrTuple>
 <frmMbrTuple>
 <gridLocation>columns</gridLocation>
 <mbr name="Dec" segment="1.0" dim="Period" />
</frmMbrTuple>
</dataCellMbrTuple>
 <dataCellMbrTuple>
 <cellStyleId>52</cellStyleId>
 <frmMbrTuple>
 <gridLocation>rows</gridLocation>
 <mbr name="P_110" segment="1.0" dim="Product" />
</frmMbrTuple>
 <frmMbrTuple>
 <gridLocation>columns</gridLocation>
 <mbr name="Q4" segment="1.0" dim="Period" />
</frmMbrTuple>
</dataCellMbrTuple>
 <dataCellMbrTuple>
 <cellStyleId>53</cellStyleId>
 <frmMbrTuple>
 <gridLocation>rows</gridLocation>
 <mbr name="P_110" segment="1.0" dim="Product" />
</frmMbrTuple>
 <frmMbrTuple>
 <gridLocation>columns</gridLocation>
 <mbr name="YearTotal" segment="1.0" dim="Period" />
</frmMbrTuple>
</dataCellMbrTuple>
 <dataCellMbrTuple>
 <cellStyleId>54</cellStyleId>
 <frmMbrTuple>
 <gridLocation>rows</gridLocation>
 <mbr name="P_120" segment="1.0" dim="Product" />
</frmMbrTuple>
 <frmMbrTuple>
 <gridLocation>columns</gridLocation>
 <mbr name="P_120" segment="1.0" dim="Product" />
</frmMbrTuple>
</dataCellMbrTuple>
 <dataCellMbrTuple>
 <cellStyleId>55</cellStyleId>
 <frmMbrTuple>
 <gridLocation>rows</gridLocation>
 <mbr name="P_120" segment="1.0" dim="Product" />
</frmMbrTuple>
 <frmMbrTuple>
 <gridLocation>columns</gridLocation>
 <mbr name="Jan" segment="1.0" dim="Period" />
</frmMbrTuple>
</dataCellMbrTuple>
 <dataCellMbrTuple>
 <cellStyleId>56</cellStyleId>
 <frmMbrTuple>
 <gridLocation>rows</gridLocation>
 <mbr name="P_120" segment="1.0" dim="Product" />
</frmMbrTuple>
 <frmMbrTuple>
 <gridLocation>columns</gridLocation>
 <mbr name="Feb" segment="1.0" dim="Period" />
</frmMbrTuple>
</dataCellMbrTuple>
 <dataCellMbrTuple>
 <cellStyleId>57</cellStyleId>
 <frmMbrTuple>
 <gridLocation>rows</gridLocation>
 <mbr name="P_120" segment="1.0" dim="Product" />
</frmMbrTuple>
 <frmMbrTuple>
 <gridLocation>columns</gridLocation>
 <mbr name="Mar" segment="1.0" dim="Period" />
</frmMbrTuple>
</dataCellMbrTuple>
 <dataCellMbrTuple>
 <cellStyleId>58</cellStyleId>
 <frmMbrTuple>
 <gridLocation>rows</gridLocation>
 <mbr name="P_120" segment="1.0" dim="Product" />
</frmMbrTuple>
 <frmMbrTuple>
 <gridLocation>columns</gridLocation>
 <mbr name="Q1" segment="1.0" dim="Period" />
</frmMbrTuple>
</dataCellMbrTuple>
 <dataCellMbrTuple>
 <cellStyleId>59</cellStyleId>
 <frmMbrTuple>
 <gridLocation>rows</gridLocation>
 <mbr name="P_120" segment="1.0" dim="Product" />
</frmMbrTuple>
 <frmMbrTuple>
 <gridLocation>columns</gridLocation>
 <mbr name="Apr" segment="1.0" dim="Period" />
</frmMbrTuple>
</dataCellMbrTuple>
 <dataCellMbrTuple>
 <cellStyleId>60</cellStyleId>
 <frmMbrTuple>
 <gridLocation>rows</gridLocation>
 <mbr name="P_120" segment="1.0" dim="Product" />
</frmMbrTuple>
 <frmMbrTuple>
 <gridLocation>columns</gridLocation>
 <mbr name="May" segment="1.0" dim="Period" />
</frmMbrTuple>
</dataCellMbrTuple>
 <dataCellMbrTuple>
 <cellStyleId>61</cellStyleId>
 <frmMbrTuple>
 <gridLocation>rows</gridLocation>
 <mbr name="P_120" segment="1.0" dim="Product" />
</frmMbrTuple>
 <frmMbrTuple>
 <gridLocation>columns</gridLocation>
 <mbr name="Jun" segment="1.0" dim="Period" />
</frmMbrTuple>
</dataCellMbrTuple>
 <dataCellMbrTuple>
 <cellStyleId>62</cellStyleId>
 <frmMbrTuple>
 <gridLocation>rows</gridLocation>
 <mbr name="P_120" segment="1.0" dim="Product" />
</frmMbrTuple>
 <frmMbrTuple>
 <gridLocation>columns</gridLocation>
 <mbr name="Q2" segment="1.0" dim="Period" />
</frmMbrTuple>
</dataCellMbrTuple>
 <dataCellMbrTuple>
 <cellStyleId>63</cellStyleId>
 <frmMbrTuple>
 <gridLocation>rows</gridLocation>
 <mbr name="P_120" segment="1.0" dim="Product" />
</frmMbrTuple>
 <frmMbrTuple>
 <gridLocation>columns</gridLocation>
 <mbr name="Jul" segment="1.0" dim="Period" />
</frmMbrTuple>
</dataCellMbrTuple>
 <dataCellMbrTuple>
 <cellStyleId>64</cellStyleId>
 <frmMbrTuple>
 <gridLocation>rows</gridLocation>
 <mbr name="P_120" segment="1.0" dim="Product" />
</frmMbrTuple>
 <frmMbrTuple>
 <gridLocation>columns</gridLocation>
 <mbr name="Aug" segment="1.0" dim="Period" />
</frmMbrTuple>
</dataCellMbrTuple>
 <dataCellMbrTuple>
 <cellStyleId>65</cellStyleId>
 <frmMbrTuple>
 <gridLocation>rows</gridLocation>
 <mbr name="P_120" segment="1.0" dim="Product" />
</frmMbrTuple>
 <frmMbrTuple>
 <gridLocation>columns</gridLocation>
 <mbr name="Sep" segment="1.0" dim="Period" />
</frmMbrTuple>
</dataCellMbrTuple>
 <dataCellMbrTuple>
 <cellStyleId>66</cellStyleId>
 <frmMbrTuple>
 <gridLocation>rows</gridLocation>
 <mbr name="P_120" segment="1.0" dim="Product" />
</frmMbrTuple>
 <frmMbrTuple>
 <gridLocation>columns</gridLocation>
 <mbr name="Q3" segment="1.0" dim="Period" />
</frmMbrTuple>
</dataCellMbrTuple>
 <dataCellMbrTuple>
 <cellStyleId>67</cellStyleId>
 <frmMbrTuple>
 <gridLocation>rows</gridLocation>
 <mbr name="P_120" segment="1.0" dim="Product" />
</frmMbrTuple>
 <frmMbrTuple>
 <gridLocation>columns</gridLocation>
 <mbr name="Oct" segment="1.0" dim="Period" />
</frmMbrTuple>
</dataCellMbrTuple>
 <dataCellMbrTuple>
 <cellStyleId>68</cellStyleId>
 <frmMbrTuple>
 <gridLocation>rows</gridLocation>
 <mbr name="P_120" segment="1.0" dim="Product" />
</frmMbrTuple>
 <frmMbrTuple>
 <gridLocation>columns</gridLocation>
 <mbr name="Nov" segment="1.0" dim="Period" />
</frmMbrTuple>
</dataCellMbrTuple>
 <dataCellMbrTuple>
 <cellStyleId>69</cellStyleId>
 <frmMbrTuple>
 <gridLocation>rows</gridLocation>
 <mbr name="P_120" segment="1.0" dim="Product" />
</frmMbrTuple>
 <frmMbrTuple>
 <gridLocation>columns</gridLocation>
 <mbr name="Dec" segment="1.0" dim="Period" />
</frmMbrTuple>
</dataCellMbrTuple>
 <dataCellMbrTuple>
 <cellStyleId>70</cellStyleId>
 <frmMbrTuple>
 <gridLocation>rows</gridLocation>
 <mbr name="P_120" segment="1.0" dim="Product" />
</frmMbrTuple>
 <frmMbrTuple>
 <gridLocation>columns</gridLocation>
 <mbr name="Q4" segment="1.0" dim="Period" />
</frmMbrTuple>
</dataCellMbrTuple>
 <dataCellMbrTuple>
 <cellStyleId>71</cellStyleId>
 <frmMbrTuple>
 <gridLocation>rows</gridLocation>
 <mbr name="P_120" segment="1.0" dim="Product" />
</frmMbrTuple>
 <frmMbrTuple>
 <gridLocation>columns</gridLocation>
 <mbr name="YearTotal" segment="1.0" dim="Period" />
</frmMbrTuple>
</dataCellMbrTuple>
 <dataCellMbrTuple>
 <cellStyleId>72</cellStyleId>
 <frmMbrTuple>
 <gridLocation>rows</gridLocation>
 <mbr name="P_130" segment="1.0" dim="Product" />
</frmMbrTuple>
 <frmMbrTuple>
 <gridLocation>columns</gridLocation>
 <mbr name="P_130" segment="1.0" dim="Product" />
</frmMbrTuple>
</dataCellMbrTuple>
 <dataCellMbrTuple>
 <cellStyleId>73</cellStyleId>
 <frmMbrTuple>
 <gridLocation>rows</gridLocation>
 <mbr name="P_130" segment="1.0" dim="Product" />
</frmMbrTuple>
 <frmMbrTuple>
 <gridLocation>columns</gridLocation>
 <mbr name="Jan" segment="1.0" dim="Period" />
</frmMbrTuple>
</dataCellMbrTuple>
 <dataCellMbrTuple>
 <cellStyleId>74</cellStyleId>
 <frmMbrTuple>
 <gridLocation>rows</gridLocation>
 <mbr name="P_130" segment="1.0" dim="Product" />
</frmMbrTuple>
 <frmMbrTuple>
 <gridLocation>columns</gridLocation>
 <mbr name="Feb" segment="1.0" dim="Period" />
</frmMbrTuple>
</dataCellMbrTuple>
 <dataCellMbrTuple>
 <cellStyleId>75</cellStyleId>
 <frmMbrTuple>
 <gridLocation>rows</gridLocation>
 <mbr name="P_130" segment="1.0" dim="Product" />
</frmMbrTuple>
 <frmMbrTuple>
 <gridLocation>columns</gridLocation>
 <mbr name="Mar" segment="1.0" dim="Period" />
</frmMbrTuple>
</dataCellMbrTuple>
 <dataCellMbrTuple>
 <cellStyleId>76</cellStyleId>
 <frmMbrTuple>
 <gridLocation>rows</gridLocation>
 <mbr name="P_130" segment="1.0" dim="Product" />
</frmMbrTuple>
 <frmMbrTuple>
 <gridLocation>columns</gridLocation>
 <mbr name="Q1" segment="1.0" dim="Period" />
</frmMbrTuple>
</dataCellMbrTuple>
 <dataCellMbrTuple>
 <cellStyleId>77</cellStyleId>
 <frmMbrTuple>
 <gridLocation>rows</gridLocation>
 <mbr name="P_130" segment="1.0" dim="Product" />
</frmMbrTuple>
 <frmMbrTuple>
 <gridLocation>columns</gridLocation>
 <mbr name="Apr" segment="1.0" dim="Period" />
</frmMbrTuple>
</dataCellMbrTuple>
 <dataCellMbrTuple>
 <cellStyleId>78</cellStyleId>
 <frmMbrTuple>
 <gridLocation>rows</gridLocation>
 <mbr name="P_130" segment="1.0" dim="Product" />
</frmMbrTuple>
 <frmMbrTuple>
 <gridLocation>columns</gridLocation>
 <mbr name="May" segment="1.0" dim="Period" />
</frmMbrTuple>
</dataCellMbrTuple>
 <dataCellMbrTuple>
 <cellStyleId>79</cellStyleId>
 <frmMbrTuple>
 <gridLocation>rows</gridLocation>
 <mbr name="P_130" segment="1.0" dim="Product" />
</frmMbrTuple>
 <frmMbrTuple>
 <gridLocation>columns</gridLocation>
 <mbr name="Jun" segment="1.0" dim="Period" />
</frmMbrTuple>
</dataCellMbrTuple>
 <dataCellMbrTuple>
 <cellStyleId>80</cellStyleId>
 <frmMbrTuple>
 <gridLocation>rows</gridLocation>
 <mbr name="P_130" segment="1.0" dim="Product" />
</frmMbrTuple>
 <frmMbrTuple>
 <gridLocation>columns</gridLocation>
 <mbr name="Q2" segment="1.0" dim="Period" />
</frmMbrTuple>
</dataCellMbrTuple>
 <dataCellMbrTuple>
 <cellStyleId>81</cellStyleId>
 <frmMbrTuple>
 <gridLocation>rows</gridLocation>
 <mbr name="P_130" segment="1.0" dim="Product" />
</frmMbrTuple>
 <frmMbrTuple>
 <gridLocation>columns</gridLocation>
 <mbr name="Jul" segment="1.0" dim="Period" />
</frmMbrTuple>
</dataCellMbrTuple>
 <dataCellMbrTuple>
 <cellStyleId>82</cellStyleId>
 <frmMbrTuple>
 <gridLocation>rows</gridLocation>
 <mbr name="P_130" segment="1.0" dim="Product" />
</frmMbrTuple>
 <frmMbrTuple>
 <gridLocation>columns</gridLocation>
 <mbr name="Aug" segment="1.0" dim="Period" />
</frmMbrTuple>
</dataCellMbrTuple>
 <dataCellMbrTuple>
 <cellStyleId>83</cellStyleId>
 <frmMbrTuple>
 <gridLocation>rows</gridLocation>
 <mbr name="P_130" segment="1.0" dim="Product" />
</frmMbrTuple>
 <frmMbrTuple>
 <gridLocation>columns</gridLocation>
 <mbr name="Sep" segment="1.0" dim="Period" />
</frmMbrTuple>
</dataCellMbrTuple>
 <dataCellMbrTuple>
 <cellStyleId>84</cellStyleId>
 <frmMbrTuple>
 <gridLocation>rows</gridLocation>
 <mbr name="P_130" segment="1.0" dim="Product" />
</frmMbrTuple>
 <frmMbrTuple>
 <gridLocation>columns</gridLocation>
 <mbr name="Q3" segment="1.0" dim="Period" />
</frmMbrTuple>
</dataCellMbrTuple>
 <dataCellMbrTuple>
 <cellStyleId>85</cellStyleId>
 <frmMbrTuple>
 <gridLocation>rows</gridLocation>
 <mbr name="P_130" segment="1.0" dim="Product" />
</frmMbrTuple>
 <frmMbrTuple>
 <gridLocation>columns</gridLocation>
 <mbr name="Oct" segment="1.0" dim="Period" />
</frmMbrTuple>
</dataCellMbrTuple>
 <dataCellMbrTuple>
 <cellStyleId>86</cellStyleId>
 <frmMbrTuple>
 <gridLocation>rows</gridLocation>
 <mbr name="P_130" segment="1.0" dim="Product" />
</frmMbrTuple>
 <frmMbrTuple>
 <gridLocation>columns</gridLocation>
 <mbr name="Nov" segment="1.0" dim="Period" />
</frmMbrTuple>
</dataCellMbrTuple>
 <dataCellMbrTuple>
 <cellStyleId>87</cellStyleId>
 <frmMbrTuple>
 <gridLocation>rows</gridLocation>
 <mbr name="P_130" segment="1.0" dim="Product" />
</frmMbrTuple>
 <frmMbrTuple>
 <gridLocation>columns</gridLocation>
 <mbr name="Dec" segment="1.0" dim="Period" />
</frmMbrTuple>
</dataCellMbrTuple>
 <dataCellMbrTuple>
 <cellStyleId>88</cellStyleId>
 <frmMbrTuple>
 <gridLocation>rows</gridLocation>
 <mbr name="P_130" segment="1.0" dim="Product" />
</frmMbrTuple>
 <frmMbrTuple>
 <gridLocation>columns</gridLocation>
 <mbr name="Q4" segment="1.0" dim="Period" />
</frmMbrTuple>
</dataCellMbrTuple>
 <dataCellMbrTuple>
 <cellStyleId>89</cellStyleId>
 <frmMbrTuple>
 <gridLocation>rows</gridLocation>
 <mbr name="P_130" segment="1.0" dim="Product" />
</frmMbrTuple>
 <frmMbrTuple>
 <gridLocation>columns</gridLocation>
 <mbr name="YearTotal" segment="1.0" dim="Period" />
</frmMbrTuple>
</dataCellMbrTuple>
 <dataCellMbrTuple>
 <cellStyleId>90</cellStyleId>
 <frmMbrTuple>
 <gridLocation>rows</gridLocation>
 <mbr name="P_140" segment="1.0" dim="Product" />
</frmMbrTuple>
 <frmMbrTuple>
 <gridLocation>columns</gridLocation>
 <mbr name="P_140" segment="1.0" dim="Product" />
</frmMbrTuple>
</dataCellMbrTuple>
 <dataCellMbrTuple>
 <cellStyleId>91</cellStyleId>
 <frmMbrTuple>
 <gridLocation>rows</gridLocation>
 <mbr name="P_140" segment="1.0" dim="Product" />
</frmMbrTuple>
 <frmMbrTuple>
 <gridLocation>columns</gridLocation>
 <mbr name="Jan" segment="1.0" dim="Period" />
</frmMbrTuple>
</dataCellMbrTuple>
 <dataCellMbrTuple>
 <cellStyleId>92</cellStyleId>
 <frmMbrTuple>
 <gridLocation>rows</gridLocation>
 <mbr name="P_140" segment="1.0" dim="Product" />
</frmMbrTuple>
 <frmMbrTuple>
 <gridLocation>columns</gridLocation>
 <mbr name="Feb" segment="1.0" dim="Period" />
</frmMbrTuple>
</dataCellMbrTuple>
 <dataCellMbrTuple>
 <cellStyleId>93</cellStyleId>
 <frmMbrTuple>
 <gridLocation>rows</gridLocation>
 <mbr name="P_140" segment="1.0" dim="Product" />
</frmMbrTuple>
 <frmMbrTuple>
 <gridLocation>columns</gridLocation>
 <mbr name="Mar" segment="1.0" dim="Period" />
</frmMbrTuple>
</dataCellMbrTuple>
 <dataCellMbrTuple>
 <cellStyleId>94</cellStyleId>
 <frmMbrTuple>
 <gridLocation>rows</gridLocation>
 <mbr name="P_140" segment="1.0" dim="Product" />
</frmMbrTuple>
 <frmMbrTuple>
 <gridLocation>columns</gridLocation>
 <mbr name="Q1" segment="1.0" dim="Period" />
</frmMbrTuple>
</dataCellMbrTuple>
 <dataCellMbrTuple>
 <cellStyleId>95</cellStyleId>
 <frmMbrTuple>
 <gridLocation>rows</gridLocation>
 <mbr name="P_140" segment="1.0" dim="Product" />
</frmMbrTuple>
 <frmMbrTuple>
 <gridLocation>columns</gridLocation>
 <mbr name="Apr" segment="1.0" dim="Period" />
</frmMbrTuple>
</dataCellMbrTuple>
 <dataCellMbrTuple>
 <cellStyleId>96</cellStyleId>
 <frmMbrTuple>
 <gridLocation>rows</gridLocation>
 <mbr name="P_140" segment="1.0" dim="Product" />
</frmMbrTuple>
 <frmMbrTuple>
 <gridLocation>columns</gridLocation>
 <mbr name="May" segment="1.0" dim="Period" />
</frmMbrTuple>
</dataCellMbrTuple>
 <dataCellMbrTuple>
 <cellStyleId>97</cellStyleId>
 <frmMbrTuple>
 <gridLocation>rows</gridLocation>
 <mbr name="P_140" segment="1.0" dim="Product" />
</frmMbrTuple>
 <frmMbrTuple>
 <gridLocation>columns</gridLocation>
 <mbr name="Jun" segment="1.0" dim="Period" />
</frmMbrTuple>
</dataCellMbrTuple>
 <dataCellMbrTuple>
 <cellStyleId>98</cellStyleId>
 <frmMbrTuple>
 <gridLocation>rows</gridLocation>
 <mbr name="P_140" segment="1.0" dim="Product" />
</frmMbrTuple>
 <frmMbrTuple>
 <gridLocation>columns</gridLocation>
 <mbr name="Q2" segment="1.0" dim="Period" />
</frmMbrTuple>
</dataCellMbrTuple>
 <dataCellMbrTuple>
 <cellStyleId>99</cellStyleId>
 <frmMbrTuple>
 <gridLocation>rows</gridLocation>
 <mbr name="P_140" segment="1.0" dim="Product" />
</frmMbrTuple>
 <frmMbrTuple>
 <gridLocation>columns</gridLocation>
 <mbr name="Jul" segment="1.0" dim="Period" />
</frmMbrTuple>
</dataCellMbrTuple>
 <dataCellMbrTuple>
 <cellStyleId>100</cellStyleId>
 <frmMbrTuple>
 <gridLocation>rows</gridLocation>
 <mbr name="P_140" segment="1.0" dim="Product" />
</frmMbrTuple>
 <frmMbrTuple>
 <gridLocation>columns</gridLocation>
 <mbr name="Aug" segment="1.0" dim="Period" />
</frmMbrTuple>
</dataCellMbrTuple>
 <dataCellMbrTuple>
 <cellStyleId>101</cellStyleId>
 <frmMbrTuple>
 <gridLocation>rows</gridLocation>
 <mbr name="P_140" segment="1.0" dim="Product" />
</frmMbrTuple>
 <frmMbrTuple>
 <gridLocation>columns</gridLocation>
 <mbr name="Sep" segment="1.0" dim="Period" />
</frmMbrTuple>
</dataCellMbrTuple>
 <dataCellMbrTuple>
 <cellStyleId>102</cellStyleId>
 <frmMbrTuple>
 <gridLocation>rows</gridLocation>
 <mbr name="P_140" segment="1.0" dim="Product" />
</frmMbrTuple>
 <frmMbrTuple>
 <gridLocation>columns</gridLocation>
 <mbr name="Q3" segment="1.0" dim="Period" />
</frmMbrTuple>
</dataCellMbrTuple>
 <dataCellMbrTuple>
 <cellStyleId>103</cellStyleId>
 <frmMbrTuple>
 <gridLocation>rows</gridLocation>
 <mbr name="P_140" segment="1.0" dim="Product" />
</frmMbrTuple>
 <frmMbrTuple>
 <gridLocation>columns</gridLocation>
 <mbr name="Oct" segment="1.0" dim="Period" />
</frmMbrTuple>
</dataCellMbrTuple>
 <dataCellMbrTuple>
 <cellStyleId>104</cellStyleId>
 <frmMbrTuple>
 <gridLocation>rows</gridLocation>
 <mbr name="P_140" segment="1.0" dim="Product" />
</frmMbrTuple>
 <frmMbrTuple>
 <gridLocation>columns</gridLocation>
 <mbr name="Nov" segment="1.0" dim="Period" />
</frmMbrTuple>
</dataCellMbrTuple>
 <dataCellMbrTuple>
 <cellStyleId>105</cellStyleId>
 <frmMbrTuple>
 <gridLocation>rows</gridLocation>
 <mbr name="P_140" segment="1.0" dim="Product" />
</frmMbrTuple>
 <frmMbrTuple>
 <gridLocation>columns</gridLocation>
 <mbr name="Dec" segment="1.0" dim="Period" />
</frmMbrTuple>
</dataCellMbrTuple>
 <dataCellMbrTuple>
 <cellStyleId>106</cellStyleId>
 <frmMbrTuple>
 <gridLocation>rows</gridLocation>
 <mbr name="P_140" segment="1.0" dim="Product" />
</frmMbrTuple>
 <frmMbrTuple>
 <gridLocation>columns</gridLocation>
 <mbr name="Q4" segment="1.0" dim="Period" />
</frmMbrTuple>
</dataCellMbrTuple>
 <dataCellMbrTuple>
 <cellStyleId>107</cellStyleId>
 <frmMbrTuple>
 <gridLocation>rows</gridLocation>
 <mbr name="P_140" segment="1.0" dim="Product" />
</frmMbrTuple>
 <frmMbrTuple>
 <gridLocation>columns</gridLocation>
 <mbr name="YearTotal" segment="1.0" dim="Period" />
</frmMbrTuple>
</dataCellMbrTuple>
 <dataCellMbrTuple>
 <cellStyleId>108</cellStyleId>
 <frmMbrTuple>
 <gridLocation>rows</gridLocation>
 <mbr name="P_150" segment="1.0" dim="Product" />
</frmMbrTuple>
 <frmMbrTuple>
 <gridLocation>columns</gridLocation>
 <mbr name="P_150" segment="1.0" dim="Product" />
</frmMbrTuple>
</dataCellMbrTuple>
 <dataCellMbrTuple>
 <cellStyleId>109</cellStyleId>
 <frmMbrTuple>
 <gridLocation>rows</gridLocation>
 <mbr name="P_150" segment="1.0" dim="Product" />
</frmMbrTuple>
 <frmMbrTuple>
 <gridLocation>columns</gridLocation>
 <mbr name="Jan" segment="1.0" dim="Period" />
</frmMbrTuple>
</dataCellMbrTuple>
 <dataCellMbrTuple>
 <cellStyleId>110</cellStyleId>
 <frmMbrTuple>
 <gridLocation>rows</gridLocation>
 <mbr name="P_150" segment="1.0" dim="Product" />
</frmMbrTuple>
 <frmMbrTuple>
 <gridLocation>columns</gridLocation>
 <mbr name="Feb" segment="1.0" dim="Period" />
</frmMbrTuple>
</dataCellMbrTuple>
 <dataCellMbrTuple>
 <cellStyleId>111</cellStyleId>
 <frmMbrTuple>
 <gridLocation>rows</gridLocation>
 <mbr name="P_150" segment="1.0" dim="Product" />
</frmMbrTuple>
 <frmMbrTuple>
 <gridLocation>columns</gridLocation>
 <mbr name="Mar" segment="1.0" dim="Period" />
</frmMbrTuple>
</dataCellMbrTuple>
 <dataCellMbrTuple>
 <cellStyleId>112</cellStyleId>
 <frmMbrTuple>
 <gridLocation>rows</gridLocation>
 <mbr name="P_150" segment="1.0" dim="Product" />
</frmMbrTuple>
 <frmMbrTuple>
 <gridLocation>columns</gridLocation>
 <mbr name="Q1" segment="1.0" dim="Period" />
</frmMbrTuple>
</dataCellMbrTuple>
 <dataCellMbrTuple>
 <cellStyleId>113</cellStyleId>
 <frmMbrTuple>
 <gridLocation>rows</gridLocation>
 <mbr name="P_150" segment="1.0" dim="Product" />
</frmMbrTuple>
 <frmMbrTuple>
 <gridLocation>columns</gridLocation>
 <mbr name="Apr" segment="1.0" dim="Period" />
</frmMbrTuple>
</dataCellMbrTuple>
 <dataCellMbrTuple>
 <cellStyleId>114</cellStyleId>
 <frmMbrTuple>
 <gridLocation>rows</gridLocation>
 <mbr name="P_150" segment="1.0" dim="Product" />
</frmMbrTuple>
 <frmMbrTuple>
 <gridLocation>columns</gridLocation>
 <mbr name="May" segment="1.0" dim="Period" />
</frmMbrTuple>
</dataCellMbrTuple>
 <dataCellMbrTuple>
 <cellStyleId>115</cellStyleId>
 <frmMbrTuple>
 <gridLocation>rows</gridLocation>
 <mbr name="P_150" segment="1.0" dim="Product" />
</frmMbrTuple>
 <frmMbrTuple>
 <gridLocation>columns</gridLocation>
 <mbr name="Jun" segment="1.0" dim="Period" />
</frmMbrTuple>
</dataCellMbrTuple>
 <dataCellMbrTuple>
 <cellStyleId>116</cellStyleId>
 <frmMbrTuple>
 <gridLocation>rows</gridLocation>
 <mbr name="P_150" segment="1.0" dim="Product" />
</frmMbrTuple>
 <frmMbrTuple>
 <gridLocation>columns</gridLocation>
 <mbr name="Q2" segment="1.0" dim="Period" />
</frmMbrTuple>
</dataCellMbrTuple>
 <dataCellMbrTuple>
 <cellStyleId>117</cellStyleId>
 <frmMbrTuple>
 <gridLocation>rows</gridLocation>
 <mbr name="P_150" segment="1.0" dim="Product" />
</frmMbrTuple>
 <frmMbrTuple>
 <gridLocation>columns</gridLocation>
 <mbr name="Jul" segment="1.0" dim="Period" />
</frmMbrTuple>
</dataCellMbrTuple>
 <dataCellMbrTuple>
 <cellStyleId>118</cellStyleId>
 <frmMbrTuple>
 <gridLocation>rows</gridLocation>
 <mbr name="P_150" segment="1.0" dim="Product" />
</frmMbrTuple>
 <frmMbrTuple>
 <gridLocation>columns</gridLocation>
 <mbr name="Aug" segment="1.0" dim="Period" />
</frmMbrTuple>
</dataCellMbrTuple>
 <dataCellMbrTuple>
 <cellStyleId>119</cellStyleId>
 <frmMbrTuple>
 <gridLocation>rows</gridLocation>
 <mbr name="P_150" segment="1.0" dim="Product" />
</frmMbrTuple>
 <frmMbrTuple>
 <gridLocation>columns</gridLocation>
 <mbr name="Sep" segment="1.0" dim="Period" />
</frmMbrTuple>
</dataCellMbrTuple>
 <dataCellMbrTuple>
 <cellStyleId>120</cellStyleId>
 <frmMbrTuple>
 <gridLocation>rows</gridLocation>
 <mbr name="P_150" segment="1.0" dim="Product" />
</frmMbrTuple>
 <frmMbrTuple>
 <gridLocation>columns</gridLocation>
 <mbr name="Q3" segment="1.0" dim="Period" />
</frmMbrTuple>
</dataCellMbrTuple>
 <dataCellMbrTuple>
 <cellStyleId>121</cellStyleId>
 <frmMbrTuple>
 <gridLocation>rows</gridLocation>
 <mbr name="P_150" segment="1.0" dim="Product" />
</frmMbrTuple>
 <frmMbrTuple>
 <gridLocation>columns</gridLocation>
 <mbr name="Oct" segment="1.0" dim="Period" />
</frmMbrTuple>
</dataCellMbrTuple>
 <dataCellMbrTuple>
 <cellStyleId>122</cellStyleId>
 <frmMbrTuple>
 <gridLocation>rows</gridLocation>
 <mbr name="P_150" segment="1.0" dim="Product" />
</frmMbrTuple>
 <frmMbrTuple>
 <gridLocation>columns</gridLocation>
 <mbr name="Nov" segment="1.0" dim="Period" />
</frmMbrTuple>
</dataCellMbrTuple>
 <dataCellMbrTuple>
 <cellStyleId>123</cellStyleId>
 <frmMbrTuple>
 <gridLocation>rows</gridLocation>
 <mbr name="P_150" segment="1.0" dim="Product" />
</frmMbrTuple>
 <frmMbrTuple>
 <gridLocation>columns</gridLocation>
 <mbr name="Dec" segment="1.0" dim="Period" />
</frmMbrTuple>
</dataCellMbrTuple>
 <dataCellMbrTuple>
 <cellStyleId>124</cellStyleId>
 <frmMbrTuple>
 <gridLocation>rows</gridLocation>
 <mbr name="P_150" segment="1.0" dim="Product" />
</frmMbrTuple>
 <frmMbrTuple>
 <gridLocation>columns</gridLocation>
 <mbr name="Q4" segment="1.0" dim="Period" />
</frmMbrTuple>
</dataCellMbrTuple>
 <dataCellMbrTuple>
 <cellStyleId>125</cellStyleId>
 <frmMbrTuple>
 <gridLocation>rows</gridLocation>
 <mbr name="P_150" segment="1.0" dim="Product" />
</frmMbrTuple>
 <frmMbrTuple>
 <gridLocation>columns</gridLocation>
 <mbr name="YearTotal" segment="1.0" dim="Period" />
</frmMbrTuple>
</dataCellMbrTuple>
 <dataCellMbrTuple>
 <cellStyleId>126</cellStyleId>
 <frmMbrTuple>
 <gridLocation>rows</gridLocation>
 <mbr name="P_160" segment="1.0" dim="Product" />
</frmMbrTuple>
 <frmMbrTuple>
 <gridLocation>columns</gridLocation>
 <mbr name="P_160" segment="1.0" dim="Product" />
</frmMbrTuple>
</dataCellMbrTuple>
 <dataCellMbrTuple>
 <cellStyleId>127</cellStyleId>
 <frmMbrTuple>
 <gridLocation>rows</gridLocation>
 <mbr name="P_160" segment="1.0" dim="Product" />
</frmMbrTuple>
 <frmMbrTuple>
 <gridLocation>columns</gridLocation>
 <mbr name="Jan" segment="1.0" dim="Period" />
</frmMbrTuple>
</dataCellMbrTuple>
 <dataCellMbrTuple>
 <cellStyleId>128</cellStyleId>
 <frmMbrTuple>
 <gridLocation>rows</gridLocation>
 <mbr name="P_160" segment="1.0" dim="Product" />
</frmMbrTuple>
 <frmMbrTuple>
 <gridLocation>columns</gridLocation>
 <mbr name="Feb" segment="1.0" dim="Period" />
</frmMbrTuple>
</dataCellMbrTuple>
 <dataCellMbrTuple>
 <cellStyleId>129</cellStyleId>
 <frmMbrTuple>
 <gridLocation>rows</gridLocation>
 <mbr name="P_160" segment="1.0" dim="Product" />
</frmMbrTuple>
 <frmMbrTuple>
 <gridLocation>columns</gridLocation>
 <mbr name="Mar" segment="1.0" dim="Period" />
</frmMbrTuple>
</dataCellMbrTuple>
 <dataCellMbrTuple>
 <cellStyleId>130</cellStyleId>
 <frmMbrTuple>
 <gridLocation>rows</gridLocation>
 <mbr name="P_160" segment="1.0" dim="Product" />
</frmMbrTuple>
 <frmMbrTuple>
 <gridLocation>columns</gridLocation>
 <mbr name="Q1" segment="1.0" dim="Period" />
</frmMbrTuple>
</dataCellMbrTuple>
 <dataCellMbrTuple>
 <cellStyleId>131</cellStyleId>
 <frmMbrTuple>
 <gridLocation>rows</gridLocation>
 <mbr name="P_160" segment="1.0" dim="Product" />
</frmMbrTuple>
 <frmMbrTuple>
 <gridLocation>columns</gridLocation>
 <mbr name="Apr" segment="1.0" dim="Period" />
</frmMbrTuple>
</dataCellMbrTuple>
 <dataCellMbrTuple>
 <cellStyleId>132</cellStyleId>
 <frmMbrTuple>
 <gridLocation>rows</gridLocation>
 <mbr name="P_160" segment="1.0" dim="Product" />
</frmMbrTuple>
 <frmMbrTuple>
 <gridLocation>columns</gridLocation>
 <mbr name="May" segment="1.0" dim="Period" />
</frmMbrTuple>
</dataCellMbrTuple>
 <dataCellMbrTuple>
 <cellStyleId>133</cellStyleId>
 <frmMbrTuple>
 <gridLocation>rows</gridLocation>
 <mbr name="P_160" segment="1.0" dim="Product" />
</frmMbrTuple>
 <frmMbrTuple>
 <gridLocation>columns</gridLocation>
 <mbr name="Jun" segment="1.0" dim="Period" />
</frmMbrTuple>
</dataCellMbrTuple>
 <dataCellMbrTuple>
 <cellStyleId>134</cellStyleId>
 <frmMbrTuple>
 <gridLocation>rows</gridLocation>
 <mbr name="P_160" segment="1.0" dim="Product" />
</frmMbrTuple>
 <frmMbrTuple>
 <gridLocation>columns</gridLocation>
 <mbr name="Q2" segment="1.0" dim="Period" />
</frmMbrTuple>
</dataCellMbrTuple>
 <dataCellMbrTuple>
 <cellStyleId>135</cellStyleId>
 <frmMbrTuple>
 <gridLocation>rows</gridLocation>
 <mbr name="P_160" segment="1.0" dim="Product" />
</frmMbrTuple>
 <frmMbrTuple>
 <gridLocation>columns</gridLocation>
 <mbr name="Jul" segment="1.0" dim="Period" />
</frmMbrTuple>
</dataCellMbrTuple>
 <dataCellMbrTuple>
 <cellStyleId>136</cellStyleId>
 <frmMbrTuple>
 <gridLocation>rows</gridLocation>
 <mbr name="P_160" segment="1.0" dim="Product" />
</frmMbrTuple>
 <frmMbrTuple>
 <gridLocation>columns</gridLocation>
 <mbr name="Aug" segment="1.0" dim="Period" />
</frmMbrTuple>
</dataCellMbrTuple>
 <dataCellMbrTuple>
 <cellStyleId>137</cellStyleId>
 <frmMbrTuple>
 <gridLocation>rows</gridLocation>
 <mbr name="P_160" segment="1.0" dim="Product" />
</frmMbrTuple>
 <frmMbrTuple>
 <gridLocation>columns</gridLocation>
 <mbr name="Sep" segment="1.0" dim="Period" />
</frmMbrTuple>
</dataCellMbrTuple>
 <dataCellMbrTuple>
 <cellStyleId>138</cellStyleId>
 <frmMbrTuple>
 <gridLocation>rows</gridLocation>
 <mbr name="P_160" segment="1.0" dim="Product" />
</frmMbrTuple>
 <frmMbrTuple>
 <gridLocation>columns</gridLocation>
 <mbr name="Q3" segment="1.0" dim="Period" />
</frmMbrTuple>
</dataCellMbrTuple>
 <dataCellMbrTuple>
 <cellStyleId>139</cellStyleId>
 <frmMbrTuple>
 <gridLocation>rows</gridLocation>
 <mbr name="P_160" segment="1.0" dim="Product" />
</frmMbrTuple>
 <frmMbrTuple>
 <gridLocation>columns</gridLocation>
 <mbr name="Oct" segment="1.0" dim="Period" />
</frmMbrTuple>
</dataCellMbrTuple>
 <dataCellMbrTuple>
 <cellStyleId>140</cellStyleId>
 <frmMbrTuple>
 <gridLocation>rows</gridLocation>
 <mbr name="P_160" segment="1.0" dim="Product" />
</frmMbrTuple>
 <frmMbrTuple>
 <gridLocation>columns</gridLocation>
 <mbr name="Nov" segment="1.0" dim="Period" />
</frmMbrTuple>
</dataCellMbrTuple>
 <dataCellMbrTuple>
 <cellStyleId>141</cellStyleId>
 <frmMbrTuple>
 <gridLocation>rows</gridLocation>
 <mbr name="P_160" segment="1.0" dim="Product" />
</frmMbrTuple>
 <frmMbrTuple>
 <gridLocation>columns</gridLocation>
 <mbr name="Dec" segment="1.0" dim="Period" />
</frmMbrTuple>
</dataCellMbrTuple>
 <dataCellMbrTuple>
 <cellStyleId>142</cellStyleId>
 <frmMbrTuple>
 <gridLocation>rows</gridLocation>
 <mbr name="P_160" segment="1.0" dim="Product" />
</frmMbrTuple>
 <frmMbrTuple>
 <gridLocation>columns</gridLocation>
 <mbr name="Q4" segment="1.0" dim="Period" />
</frmMbrTuple>
</dataCellMbrTuple>
 <dataCellMbrTuple>
 <cellStyleId>143</cellStyleId>
 <frmMbrTuple>
 <gridLocation>rows</gridLocation>
 <mbr name="P_160" segment="1.0" dim="Product" />
</frmMbrTuple>
 <frmMbrTuple>
 <gridLocation>columns</gridLocation>
 <mbr name="YearTotal" segment="1.0" dim="Period" />
</frmMbrTuple>
</dataCellMbrTuple>
</dataCellMbrTuples>
 <cellStyles>
 <cellStyle id="1" >
 <objs>
</objs>
 <cellStyleValues>
 <readOnly>false</readOnly>
 <wordWrap>false</wordWrap>
</cellStyleValues>
</cellStyle>
 <cellStyle id="2" >
 <objs>
</objs>
 <cellStyleValues>
 <readOnly>false</readOnly>
 <wordWrap>false</wordWrap>
</cellStyleValues>
</cellStyle>
 <cellStyle id="3" >
 <objs>
</objs>
 <cellStyleValues>
 <readOnly>false</readOnly>
 <wordWrap>false</wordWrap>
</cellStyleValues>
</cellStyle>
 <cellStyle id="4" >
 <objs>
</objs>
 <cellStyleValues>
 <readOnly>false</readOnly>
 <wordWrap>false</wordWrap>
</cellStyleValues>
</cellStyle>
 <cellStyle id="5" >
 <objs>
</objs>
 <cellStyleValues>
 <readOnly>false</readOnly>
 <wordWrap>false</wordWrap>
</cellStyleValues>
</cellStyle>
 <cellStyle id="6" >
 <objs>
</objs>
 <cellStyleValues>
 <readOnly>false</readOnly>
 <wordWrap>false</wordWrap>
</cellStyleValues>
</cellStyle>
 <cellStyle id="7" >
 <objs>
</objs>
 <cellStyleValues>
 <readOnly>false</readOnly>
 <wordWrap>false</wordWrap>
</cellStyleValues>
</cellStyle>
 <cellStyle id="8" >
 <objs>
</objs>
 <cellStyleValues>
 <readOnly>false</readOnly>
 <wordWrap>false</wordWrap>
</cellStyleValues>
</cellStyle>
 <cellStyle id="9" >
 <objs>
</objs>
 <cellStyleValues>
 <readOnly>false</readOnly>
 <wordWrap>false</wordWrap>
</cellStyleValues>
</cellStyle>
 <cellStyle id="10" >
 <objs>
</objs>
 <cellStyleValues>
 <readOnly>false</readOnly>
 <wordWrap>false</wordWrap>
</cellStyleValues>
</cellStyle>
 <cellStyle id="11" >
 <objs>
</objs>
 <cellStyleValues>
 <readOnly>false</readOnly>
 <wordWrap>false</wordWrap>
</cellStyleValues>
</cellStyle>
 <cellStyle id="12" >
 <objs>
</objs>
 <cellStyleValues>
 <readOnly>false</readOnly>
 <wordWrap>false</wordWrap>
</cellStyleValues>
</cellStyle>
 <cellStyle id="13" >
 <objs>
</objs>
 <cellStyleValues>
 <readOnly>false</readOnly>
 <wordWrap>false</wordWrap>
</cellStyleValues>
</cellStyle>
 <cellStyle id="14" >
 <objs>
</objs>
 <cellStyleValues>
 <readOnly>false</readOnly>
 <wordWrap>false</wordWrap>
</cellStyleValues>
</cellStyle>
 <cellStyle id="15" >
 <objs>
</objs>
 <cellStyleValues>
 <readOnly>false</readOnly>
 <wordWrap>false</wordWrap>
</cellStyleValues>
</cellStyle>
 <cellStyle id="16" >
 <objs>
</objs>
 <cellStyleValues>
 <readOnly>false</readOnly>
 <wordWrap>false</wordWrap>
</cellStyleValues>
</cellStyle>
 <cellStyle id="17" >
 <objs>
</objs>
 <cellStyleValues>
 <readOnly>false</readOnly>
 <wordWrap>false</wordWrap>
</cellStyleValues>
</cellStyle>
 <cellStyle id="18" >
 <objs>
</objs>
 <cellStyleValues>
 <readOnly>false</readOnly>
 <wordWrap>false</wordWrap>
</cellStyleValues>
</cellStyle>
 <cellStyle id="19" >
 <objs>
</objs>
 <cellStyleValues>
 <readOnly>false</readOnly>
 <wordWrap>false</wordWrap>
</cellStyleValues>
</cellStyle>
 <cellStyle id="20" >
 <objs>
</objs>
 <cellStyleValues>
 <readOnly>false</readOnly>
 <wordWrap>false</wordWrap>
</cellStyleValues>
</cellStyle>
 <cellStyle id="21" >
 <objs>
</objs>
 <cellStyleValues>
 <readOnly>false</readOnly>
 <wordWrap>false</wordWrap>
</cellStyleValues>
</cellStyle>
 <cellStyle id="22" >
 <objs>
</objs>
 <cellStyleValues>
 <readOnly>false</readOnly>
 <wordWrap>false</wordWrap>
</cellStyleValues>
</cellStyle>
 <cellStyle id="23" >
 <objs>
</objs>
 <cellStyleValues>
 <readOnly>false</readOnly>
 <wordWrap>false</wordWrap>
</cellStyleValues>
</cellStyle>
 <cellStyle id="24" >
 <objs>
</objs>
 <cellStyleValues>
 <readOnly>false</readOnly>
 <wordWrap>false</wordWrap>
</cellStyleValues>
</cellStyle>
 <cellStyle id="25" >
 <objs>
</objs>
 <cellStyleValues>
 <readOnly>false</readOnly>
 <wordWrap>false</wordWrap>
</cellStyleValues>
</cellStyle>
 <cellStyle id="26" >
 <objs>
</objs>
 <cellStyleValues>
 <readOnly>false</readOnly>
 <wordWrap>false</wordWrap>
</cellStyleValues>
</cellStyle>
 <cellStyle id="27" >
 <objs>
</objs>
 <cellStyleValues>
 <readOnly>false</readOnly>
 <wordWrap>false</wordWrap>
</cellStyleValues>
</cellStyle>
 <cellStyle id="28" >
 <objs>
</objs>
 <cellStyleValues>
 <readOnly>false</readOnly>
 <wordWrap>false</wordWrap>
</cellStyleValues>
</cellStyle>
 <cellStyle id="29" >
 <objs>
</objs>
 <cellStyleValues>
 <readOnly>false</readOnly>
 <wordWrap>false</wordWrap>
</cellStyleValues>
</cellStyle>
 <cellStyle id="30" >
 <objs>
</objs>
 <cellStyleValues>
 <readOnly>false</readOnly>
 <wordWrap>false</wordWrap>
</cellStyleValues>
</cellStyle>
 <cellStyle id="31" >
 <objs>
</objs>
 <cellStyleValues>
 <readOnly>false</readOnly>
 <wordWrap>false</wordWrap>
</cellStyleValues>
</cellStyle>
 <cellStyle id="32" >
 <objs>
</objs>
 <cellStyleValues>
 <readOnly>false</readOnly>
 <wordWrap>false</wordWrap>
</cellStyleValues>
</cellStyle>
 <cellStyle id="33" >
 <objs>
</objs>
 <cellStyleValues>
 <readOnly>false</readOnly>
 <wordWrap>false</wordWrap>
</cellStyleValues>
</cellStyle>
 <cellStyle id="34" >
 <objs>
</objs>
 <cellStyleValues>
 <readOnly>false</readOnly>
 <wordWrap>false</wordWrap>
</cellStyleValues>
</cellStyle>
 <cellStyle id="35" >
 <objs>
</objs>
 <cellStyleValues>
 <readOnly>false</readOnly>
 <wordWrap>false</wordWrap>
</cellStyleValues>
</cellStyle>
 <cellStyle id="36" >
 <objs>
</objs>
 <cellStyleValues>
 <readOnly>false</readOnly>
 <wordWrap>false</wordWrap>
</cellStyleValues>
</cellStyle>
 <cellStyle id="37" >
 <objs>
</objs>
 <cellStyleValues>
 <readOnly>false</readOnly>
 <wordWrap>false</wordWrap>
</cellStyleValues>
</cellStyle>
 <cellStyle id="38" >
 <objs>
</objs>
 <cellStyleValues>
 <readOnly>false</readOnly>
 <wordWrap>false</wordWrap>
</cellStyleValues>
</cellStyle>
 <cellStyle id="39" >
 <objs>
</objs>
 <cellStyleValues>
 <readOnly>false</readOnly>
 <wordWrap>false</wordWrap>
</cellStyleValues>
</cellStyle>
 <cellStyle id="40" >
 <objs>
</objs>
 <cellStyleValues>
 <readOnly>false</readOnly>
 <wordWrap>false</wordWrap>
</cellStyleValues>
</cellStyle>
 <cellStyle id="41" >
 <objs>
</objs>
 <cellStyleValues>
 <readOnly>false</readOnly>
 <wordWrap>false</wordWrap>
</cellStyleValues>
</cellStyle>
 <cellStyle id="42" >
 <objs>
</objs>
 <cellStyleValues>
 <readOnly>false</readOnly>
 <wordWrap>false</wordWrap>
</cellStyleValues>
</cellStyle>
 <cellStyle id="43" >
 <objs>
</objs>
 <cellStyleValues>
 <readOnly>false</readOnly>
 <wordWrap>false</wordWrap>
</cellStyleValues>
</cellStyle>
 <cellStyle id="44" >
 <objs>
</objs>
 <cellStyleValues>
 <readOnly>false</readOnly>
 <wordWrap>false</wordWrap>
</cellStyleValues>
</cellStyle>
 <cellStyle id="45" >
 <objs>
</objs>
 <cellStyleValues>
 <readOnly>false</readOnly>
 <wordWrap>false</wordWrap>
</cellStyleValues>
</cellStyle>
 <cellStyle id="46" >
 <objs>
</objs>
 <cellStyleValues>
 <readOnly>false</readOnly>
 <wordWrap>false</wordWrap>
</cellStyleValues>
</cellStyle>
 <cellStyle id="47" >
 <objs>
</objs>
 <cellStyleValues>
 <readOnly>false</readOnly>
 <wordWrap>false</wordWrap>
</cellStyleValues>
</cellStyle>
 <cellStyle id="48" >
 <objs>
</objs>
 <cellStyleValues>
 <readOnly>false</readOnly>
 <wordWrap>false</wordWrap>
</cellStyleValues>
</cellStyle>
 <cellStyle id="49" >
 <objs>
</objs>
 <cellStyleValues>
 <readOnly>false</readOnly>
 <wordWrap>false</wordWrap>
</cellStyleValues>
</cellStyle>
 <cellStyle id="50" >
 <objs>
</objs>
 <cellStyleValues>
 <readOnly>false</readOnly>
 <wordWrap>false</wordWrap>
</cellStyleValues>
</cellStyle>
 <cellStyle id="51" >
 <objs>
</objs>
 <cellStyleValues>
 <readOnly>false</readOnly>
 <wordWrap>false</wordWrap>
</cellStyleValues>
</cellStyle>
 <cellStyle id="52" >
 <objs>
</objs>
 <cellStyleValues>
 <readOnly>false</readOnly>
 <wordWrap>false</wordWrap>
</cellStyleValues>
</cellStyle>
 <cellStyle id="53" >
 <objs>
</objs>
 <cellStyleValues>
 <readOnly>false</readOnly>
 <wordWrap>false</wordWrap>
</cellStyleValues>
</cellStyle>
 <cellStyle id="54" >
 <objs>
</objs>
 <cellStyleValues>
 <readOnly>false</readOnly>
 <wordWrap>false</wordWrap>
</cellStyleValues>
</cellStyle>
 <cellStyle id="55" >
 <objs>
</objs>
 <cellStyleValues>
 <readOnly>false</readOnly>
 <wordWrap>false</wordWrap>
</cellStyleValues>
</cellStyle>
 <cellStyle id="56" >
 <objs>
</objs>
 <cellStyleValues>
 <readOnly>false</readOnly>
 <wordWrap>false</wordWrap>
</cellStyleValues>
</cellStyle>
 <cellStyle id="57" >
 <objs>
</objs>
 <cellStyleValues>
 <readOnly>false</readOnly>
 <wordWrap>false</wordWrap>
</cellStyleValues>
</cellStyle>
 <cellStyle id="58" >
 <objs>
</objs>
 <cellStyleValues>
 <readOnly>false</readOnly>
 <wordWrap>false</wordWrap>
</cellStyleValues>
</cellStyle>
 <cellStyle id="59" >
 <objs>
</objs>
 <cellStyleValues>
 <readOnly>false</readOnly>
 <wordWrap>false</wordWrap>
</cellStyleValues>
</cellStyle>
 <cellStyle id="60" >
 <objs>
</objs>
 <cellStyleValues>
 <readOnly>false</readOnly>
 <wordWrap>false</wordWrap>
</cellStyleValues>
</cellStyle>
 <cellStyle id="61" >
 <objs>
</objs>
 <cellStyleValues>
 <readOnly>false</readOnly>
 <wordWrap>false</wordWrap>
</cellStyleValues>
</cellStyle>
 <cellStyle id="62" >
 <objs>
</objs>
 <cellStyleValues>
 <readOnly>false</readOnly>
 <wordWrap>false</wordWrap>
</cellStyleValues>
</cellStyle>
 <cellStyle id="63" >
 <objs>
</objs>
 <cellStyleValues>
 <readOnly>false</readOnly>
 <wordWrap>false</wordWrap>
</cellStyleValues>
</cellStyle>
 <cellStyle id="64" >
 <objs>
</objs>
 <cellStyleValues>
 <readOnly>false</readOnly>
 <wordWrap>false</wordWrap>
</cellStyleValues>
</cellStyle>
 <cellStyle id="65" >
 <objs>
</objs>
 <cellStyleValues>
 <readOnly>false</readOnly>
 <wordWrap>false</wordWrap>
</cellStyleValues>
</cellStyle>
 <cellStyle id="66" >
 <objs>
</objs>
 <cellStyleValues>
 <readOnly>false</readOnly>
 <wordWrap>false</wordWrap>
</cellStyleValues>
</cellStyle>
 <cellStyle id="67" >
 <objs>
</objs>
 <cellStyleValues>
 <readOnly>false</readOnly>
 <wordWrap>false</wordWrap>
</cellStyleValues>
</cellStyle>
 <cellStyle id="68" >
 <objs>
</objs>
 <cellStyleValues>
 <readOnly>false</readOnly>
 <wordWrap>false</wordWrap>
</cellStyleValues>
</cellStyle>
 <cellStyle id="69" >
 <objs>
</objs>
 <cellStyleValues>
 <readOnly>false</readOnly>
 <wordWrap>false</wordWrap>
</cellStyleValues>
</cellStyle>
 <cellStyle id="70" >
 <objs>
</objs>
 <cellStyleValues>
 <readOnly>false</readOnly>
 <wordWrap>false</wordWrap>
</cellStyleValues>
</cellStyle>
 <cellStyle id="71" >
 <objs>
</objs>
 <cellStyleValues>
 <readOnly>false</readOnly>
 <wordWrap>false</wordWrap>
</cellStyleValues>
</cellStyle>
 <cellStyle id="72" >
 <objs>
</objs>
 <cellStyleValues>
 <readOnly>false</readOnly>
 <wordWrap>false</wordWrap>
</cellStyleValues>
</cellStyle>
 <cellStyle id="73" >
 <objs>
</objs>
 <cellStyleValues>
 <readOnly>false</readOnly>
 <wordWrap>false</wordWrap>
</cellStyleValues>
</cellStyle>
 <cellStyle id="74" >
 <objs>
</objs>
 <cellStyleValues>
 <readOnly>false</readOnly>
 <wordWrap>false</wordWrap>
</cellStyleValues>
</cellStyle>
 <cellStyle id="75" >
 <objs>
</objs>
 <cellStyleValues>
 <readOnly>false</readOnly>
 <wordWrap>false</wordWrap>
</cellStyleValues>
</cellStyle>
 <cellStyle id="76" >
 <objs>
</objs>
 <cellStyleValues>
 <readOnly>false</readOnly>
 <wordWrap>false</wordWrap>
</cellStyleValues>
</cellStyle>
 <cellStyle id="77" >
 <objs>
</objs>
 <cellStyleValues>
 <readOnly>false</readOnly>
 <wordWrap>false</wordWrap>
</cellStyleValues>
</cellStyle>
 <cellStyle id="78" >
 <objs>
</objs>
 <cellStyleValues>
 <readOnly>false</readOnly>
 <wordWrap>false</wordWrap>
</cellStyleValues>
</cellStyle>
 <cellStyle id="79" >
 <objs>
</objs>
 <cellStyleValues>
 <readOnly>false</readOnly>
 <wordWrap>false</wordWrap>
</cellStyleValues>
</cellStyle>
 <cellStyle id="80" >
 <objs>
</objs>
 <cellStyleValues>
 <readOnly>false</readOnly>
 <wordWrap>false</wordWrap>
</cellStyleValues>
</cellStyle>
 <cellStyle id="81" >
 <objs>
</objs>
 <cellStyleValues>
 <readOnly>false</readOnly>
 <wordWrap>false</wordWrap>
</cellStyleValues>
</cellStyle>
 <cellStyle id="82" >
 <objs>
</objs>
 <cellStyleValues>
 <readOnly>false</readOnly>
 <wordWrap>false</wordWrap>
</cellStyleValues>
</cellStyle>
 <cellStyle id="83" >
 <objs>
</objs>
 <cellStyleValues>
 <readOnly>false</readOnly>
 <wordWrap>false</wordWrap>
</cellStyleValues>
</cellStyle>
 <cellStyle id="84" >
 <objs>
</objs>
 <cellStyleValues>
 <readOnly>false</readOnly>
 <wordWrap>false</wordWrap>
</cellStyleValues>
</cellStyle>
 <cellStyle id="85" >
 <objs>
</objs>
 <cellStyleValues>
 <readOnly>false</readOnly>
 <wordWrap>false</wordWrap>
</cellStyleValues>
</cellStyle>
 <cellStyle id="86" >
 <objs>
</objs>
 <cellStyleValues>
 <readOnly>false</readOnly>
 <wordWrap>false</wordWrap>
</cellStyleValues>
</cellStyle>
 <cellStyle id="87" >
 <objs>
</objs>
 <cellStyleValues>
 <readOnly>false</readOnly>
 <wordWrap>false</wordWrap>
</cellStyleValues>
</cellStyle>
 <cellStyle id="88" >
 <objs>
</objs>
 <cellStyleValues>
 <readOnly>false</readOnly>
 <wordWrap>false</wordWrap>
</cellStyleValues>
</cellStyle>
 <cellStyle id="89" >
 <objs>
</objs>
 <cellStyleValues>
 <readOnly>false</readOnly>
 <wordWrap>false</wordWrap>
</cellStyleValues>
</cellStyle>
 <cellStyle id="90" >
 <objs>
</objs>
 <cellStyleValues>
 <readOnly>false</readOnly>
 <wordWrap>false</wordWrap>
</cellStyleValues>
</cellStyle>
 <cellStyle id="91" >
 <objs>
</objs>
 <cellStyleValues>
 <readOnly>false</readOnly>
 <wordWrap>false</wordWrap>
</cellStyleValues>
</cellStyle>
 <cellStyle id="92" >
 <objs>
</objs>
 <cellStyleValues>
 <readOnly>false</readOnly>
 <wordWrap>false</wordWrap>
</cellStyleValues>
</cellStyle>
 <cellStyle id="93" >
 <objs>
</objs>
 <cellStyleValues>
 <readOnly>false</readOnly>
 <wordWrap>false</wordWrap>
</cellStyleValues>
</cellStyle>
 <cellStyle id="94" >
 <objs>
</objs>
 <cellStyleValues>
 <readOnly>false</readOnly>
 <wordWrap>false</wordWrap>
</cellStyleValues>
</cellStyle>
 <cellStyle id="95" >
 <objs>
</objs>
 <cellStyleValues>
 <readOnly>false</readOnly>
 <wordWrap>false</wordWrap>
</cellStyleValues>
</cellStyle>
 <cellStyle id="96" >
 <objs>
</objs>
 <cellStyleValues>
 <readOnly>false</readOnly>
 <wordWrap>false</wordWrap>
</cellStyleValues>
</cellStyle>
 <cellStyle id="97" >
 <objs>
</objs>
 <cellStyleValues>
 <readOnly>false</readOnly>
 <wordWrap>false</wordWrap>
</cellStyleValues>
</cellStyle>
 <cellStyle id="98" >
 <objs>
</objs>
 <cellStyleValues>
 <readOnly>false</readOnly>
 <wordWrap>false</wordWrap>
</cellStyleValues>
</cellStyle>
 <cellStyle id="99" >
 <objs>
</objs>
 <cellStyleValues>
 <readOnly>false</readOnly>
 <wordWrap>false</wordWrap>
</cellStyleValues>
</cellStyle>
 <cellStyle id="100" >
 <objs>
</objs>
 <cellStyleValues>
 <readOnly>false</readOnly>
 <wordWrap>false</wordWrap>
</cellStyleValues>
</cellStyle>
 <cellStyle id="101" >
 <objs>
</objs>
 <cellStyleValues>
 <readOnly>false</readOnly>
 <wordWrap>false</wordWrap>
</cellStyleValues>
</cellStyle>
 <cellStyle id="102" >
 <objs>
</objs>
 <cellStyleValues>
 <readOnly>false</readOnly>
 <wordWrap>false</wordWrap>
</cellStyleValues>
</cellStyle>
 <cellStyle id="103" >
 <objs>
</objs>
 <cellStyleValues>
 <readOnly>false</readOnly>
 <wordWrap>false</wordWrap>
</cellStyleValues>
</cellStyle>
 <cellStyle id="104" >
 <objs>
</objs>
 <cellStyleValues>
 <readOnly>false</readOnly>
 <wordWrap>false</wordWrap>
</cellStyleValues>
</cellStyle>
 <cellStyle id="105" >
 <objs>
</objs>
 <cellStyleValues>
 <readOnly>false</readOnly>
 <wordWrap>false</wordWrap>
</cellStyleValues>
</cellStyle>
 <cellStyle id="106" >
 <objs>
</objs>
 <cellStyleValues>
 <readOnly>false</readOnly>
 <wordWrap>false</wordWrap>
</cellStyleValues>
</cellStyle>
 <cellStyle id="107" >
 <objs>
</objs>
 <cellStyleValues>
 <readOnly>false</readOnly>
 <wordWrap>false</wordWrap>
</cellStyleValues>
</cellStyle>
 <cellStyle id="108" >
 <objs>
</objs>
 <cellStyleValues>
 <readOnly>false</readOnly>
 <wordWrap>false</wordWrap>
</cellStyleValues>
</cellStyle>
 <cellStyle id="109" >
 <objs>
</objs>
 <cellStyleValues>
 <readOnly>false</readOnly>
 <wordWrap>false</wordWrap>
</cellStyleValues>
</cellStyle>
 <cellStyle id="110" >
 <objs>
</objs>
 <cellStyleValues>
 <readOnly>false</readOnly>
 <wordWrap>false</wordWrap>
</cellStyleValues>
</cellStyle>
 <cellStyle id="111" >
 <objs>
</objs>
 <cellStyleValues>
 <readOnly>false</readOnly>
 <wordWrap>false</wordWrap>
</cellStyleValues>
</cellStyle>
 <cellStyle id="112" >
 <objs>
</objs>
 <cellStyleValues>
 <readOnly>false</readOnly>
 <wordWrap>false</wordWrap>
</cellStyleValues>
</cellStyle>
 <cellStyle id="113" >
 <objs>
</objs>
 <cellStyleValues>
 <readOnly>false</readOnly>
 <wordWrap>false</wordWrap>
</cellStyleValues>
</cellStyle>
 <cellStyle id="114" >
 <objs>
</objs>
 <cellStyleValues>
 <readOnly>false</readOnly>
 <wordWrap>false</wordWrap>
</cellStyleValues>
</cellStyle>
 <cellStyle id="115" >
 <objs>
</objs>
 <cellStyleValues>
 <readOnly>false</readOnly>
 <wordWrap>false</wordWrap>
</cellStyleValues>
</cellStyle>
 <cellStyle id="116" >
 <objs>
</objs>
 <cellStyleValues>
 <readOnly>false</readOnly>
 <wordWrap>false</wordWrap>
</cellStyleValues>
</cellStyle>
 <cellStyle id="117" >
 <objs>
</objs>
 <cellStyleValues>
 <readOnly>false</readOnly>
 <wordWrap>false</wordWrap>
</cellStyleValues>
</cellStyle>
 <cellStyle id="118" >
 <objs>
</objs>
 <cellStyleValues>
 <readOnly>false</readOnly>
 <wordWrap>false</wordWrap>
</cellStyleValues>
</cellStyle>
 <cellStyle id="119" >
 <objs>
</objs>
 <cellStyleValues>
 <readOnly>false</readOnly>
 <wordWrap>false</wordWrap>
</cellStyleValues>
</cellStyle>
 <cellStyle id="120" >
 <objs>
</objs>
 <cellStyleValues>
 <readOnly>false</readOnly>
 <wordWrap>false</wordWrap>
</cellStyleValues>
</cellStyle>
 <cellStyle id="121" >
 <objs>
</objs>
 <cellStyleValues>
 <readOnly>false</readOnly>
 <wordWrap>false</wordWrap>
</cellStyleValues>
</cellStyle>
 <cellStyle id="122" >
 <objs>
</objs>
 <cellStyleValues>
 <readOnly>false</readOnly>
 <wordWrap>false</wordWrap>
</cellStyleValues>
</cellStyle>
 <cellStyle id="123" >
 <objs>
</objs>
 <cellStyleValues>
 <readOnly>false</readOnly>
 <wordWrap>false</wordWrap>
</cellStyleValues>
</cellStyle>
 <cellStyle id="124" >
 <objs>
</objs>
 <cellStyleValues>
 <readOnly>false</readOnly>
 <wordWrap>false</wordWrap>
</cellStyleValues>
</cellStyle>
 <cellStyle id="125" >
 <objs>
</objs>
 <cellStyleValues>
 <readOnly>false</readOnly>
 <wordWrap>false</wordWrap>
</cellStyleValues>
</cellStyle>
 <cellStyle id="126" >
 <objs>
</objs>
 <cellStyleValues>
 <readOnly>false</readOnly>
 <wordWrap>false</wordWrap>
</cellStyleValues>
</cellStyle>
 <cellStyle id="127" >
 <objs>
</objs>
 <cellStyleValues>
 <readOnly>false</readOnly>
 <wordWrap>false</wordWrap>
</cellStyleValues>
</cellStyle>
 <cellStyle id="128" >
 <objs>
</objs>
 <cellStyleValues>
 <readOnly>false</readOnly>
 <wordWrap>false</wordWrap>
</cellStyleValues>
</cellStyle>
 <cellStyle id="129" >
 <objs>
</objs>
 <cellStyleValues>
 <readOnly>false</readOnly>
 <wordWrap>false</wordWrap>
</cellStyleValues>
</cellStyle>
 <cellStyle id="130" >
 <objs>
</objs>
 <cellStyleValues>
 <readOnly>false</readOnly>
 <wordWrap>false</wordWrap>
</cellStyleValues>
</cellStyle>
 <cellStyle id="131" >
 <objs>
</objs>
 <cellStyleValues>
 <readOnly>false</readOnly>
 <wordWrap>false</wordWrap>
</cellStyleValues>
</cellStyle>
 <cellStyle id="132" >
 <objs>
</objs>
 <cellStyleValues>
 <readOnly>false</readOnly>
 <wordWrap>false</wordWrap>
</cellStyleValues>
</cellStyle>
 <cellStyle id="133" >
 <objs>
</objs>
 <cellStyleValues>
 <readOnly>false</readOnly>
 <wordWrap>false</wordWrap>
</cellStyleValues>
</cellStyle>
 <cellStyle id="134" >
 <objs>
</objs>
 <cellStyleValues>
 <readOnly>false</readOnly>
 <wordWrap>false</wordWrap>
</cellStyleValues>
</cellStyle>
 <cellStyle id="135" >
 <objs>
</objs>
 <cellStyleValues>
 <readOnly>false</readOnly>
 <wordWrap>false</wordWrap>
</cellStyleValues>
</cellStyle>
 <cellStyle id="136" >
 <objs>
</objs>
 <cellStyleValues>
 <readOnly>false</readOnly>
 <wordWrap>false</wordWrap>
</cellStyleValues>
</cellStyle>
 <cellStyle id="137" >
 <objs>
</objs>
 <cellStyleValues>
 <readOnly>false</readOnly>
 <wordWrap>false</wordWrap>
</cellStyleValues>
</cellStyle>
 <cellStyle id="138" >
 <objs>
</objs>
 <cellStyleValues>
 <readOnly>false</readOnly>
 <wordWrap>false</wordWrap>
</cellStyleValues>
</cellStyle>
 <cellStyle id="139" >
 <objs>
</objs>
 <cellStyleValues>
 <readOnly>false</readOnly>
 <wordWrap>false</wordWrap>
</cellStyleValues>
</cellStyle>
 <cellStyle id="140" >
 <objs>
</objs>
 <cellStyleValues>
 <readOnly>false</readOnly>
 <wordWrap>false</wordWrap>
</cellStyleValues>
</cellStyle>
 <cellStyle id="141" >
 <objs>
</objs>
 <cellStyleValues>
 <readOnly>false</readOnly>
 <wordWrap>false</wordWrap>
</cellStyleValues>
</cellStyle>
 <cellStyle id="142" >
 <objs>
</objs>
 <cellStyleValues>
 <readOnly>false</readOnly>
 <wordWrap>false</wordWrap>
</cellStyleValues>
</cellStyle>
 <cellStyle id="143" >
 <objs>
</objs>
 <cellStyleValues>
 <readOnly>false</readOnly>
 <wordWrap>false</wordWrap>
</cellStyleValues>
</cellStyle>
</cellStyles>
 <columnRowSizes>
</columnRowSizes>
 <values>
 <colors>
</colors>
 <fonts>
</fonts>
 <txtFrmts>
 <txtFrmt id="0" >Italic</txtFrmt>
 <txtFrmt id="1" >Bold</txtFrmt>
 <txtFrmt id="2" >Underline</txtFrmt>
 <txtFrmt id="3" >StrikeThrough</txtFrmt>
</txtFrmts>
 <vAlign>
</vAlign>
 <hAlign>
</hAlign>
</values>
 <objs>
 <numFrmts>
</numFrmts>
 <borders>
</borders>
</objs>
</formFormatting>
</formFormattings>
 <smartpush>
</smartpush>
</form>
