<?xml version="1.0" encoding="UTF-8" ?>
 <form xmlns:xsi="http://www.w3.org/2001/XMLSchema-instance" options2="0" suppressMissingRowsNative="false" enableOffline="false" smartForm="false" hide="false" disableSpreading="false" suppressZero="false" calcOnAutoSubmit="false" enableCubeView="false" repeatMemberLabels="false" suppressInvalidScenarioTPs="false" disableSheetProtection="false" planType="1" dir="Forms/Plan" autoSubmit="false" readOnly="false" enableFlexForm="false" nativeSuppressMissingRowsOfSmartPush="false" runSmartPushAsynchronously="false" globalAssumptions="false" disableFormatting="false" name="Set Planning Expense Driver Assumptions" >
 <query>
 <columns width="0" >
 <segment>
 <dimension displayMemberFormulaDesc="false" name="Account" allowFlexibleDefinition="false" displayAlias="true" applyToAllDim="false" displayMemberFormula="true" dimWidth="0" hide="false" showQualifiedName="never" drillOnSharedMbrs="false" displayName="false" expand="true" displayConsolidationOperators="false" showCurrency="false" >
 <member name="Trips" selectionType="Auto" />
 <member name="Square Feet" selectionType="Auto" />
 <member name="9000" selectionType="Auto" />
 <member name="9800" selectionType="Auto" />
 <member name="Employee Benefits %" selectionType="Auto" />
</dimension>
 <dimension displayMemberFormulaDesc="false" name="Period" allowFlexibleDefinition="false" displayAlias="false" applyToAllDim="false" displayMemberFormula="false" dimWidth="0" hide="false" showQualifiedName="never" drillOnSharedMbrs="false" displayName="true" expand="false" displayConsolidationOperators="false" showCurrency="false" >
 <function include="true" name="Descendants" offset="0" >
 <member name="YearTotal" selectionType="Auto" />
</function>
</dimension>
</segment>
</columns>
 <rows height="22" >
 <segment>
 <dimension displayMemberFormulaDesc="false" name="Entity" allowFlexibleDefinition="false" displayAlias="true" applyToAllDim="false" displayMemberFormula="false" dimWidth="0" hide="false" enableDropdown="false" showQualifiedName="never" drillOnSharedMbrs="false" displayName="true" expand="true" displayConsolidationOperators="false" showCurrency="false" >
 <function include="true" name="Children" offset="0" >
 <member name="403" selectionType="Auto" />
</function>
</dimension>
</segment>
</rows>
 <pov enableDynamicUVs="true" dynamicUVs="Version View" >
 <dynamicUV>Version View</dynamicUV>
 <dimension displayMemberFormulaDesc="false" name="HSP_View" allowFlexibleDefinition="false" displayAlias="false" applyToAllDim="false" displayMemberFormula="false" dimWidth="0" hide="true" showQualifiedName="never" drillOnSharedMbrs="false" displayName="true" displayConsolidationOperators="false" showCurrency="false" >
 <member name="BaseData" selectionType="Auto" visible="true" />
</dimension>
 <dimension displayMemberFormulaDesc="false" name="Year" allowFlexibleDefinition="false" displayAlias="false" applyToAllDim="false" displayMemberFormula="false" dimWidth="0" hide="false" showQualifiedName="never" drillOnSharedMbrs="false" displayName="true" displayConsolidationOperators="false" showCurrency="false" >
 <member name="&amp;NextYear" selectionType="Auto" visible="true" />
</dimension>
 <dimension displayMemberFormulaDesc="false" name="Scenario" allowFlexibleDefinition="false" displayAlias="false" applyToAllDim="false" displayMemberFormula="false" dimWidth="0" hide="false" showQualifiedName="never" drillOnSharedMbrs="false" displayName="true" displayConsolidationOperators="false" showCurrency="false" >
 <member name="Plan" selectionType="Auto" visible="true" />
</dimension>
 <dimension displayMemberFormulaDesc="false" name="Version" allowFlexibleDefinition="false" displayAlias="false" applyToAllDim="false" displayMemberFormula="false" dimWidth="0" hide="true" showQualifiedName="never" drillOnSharedMbrs="false" displayName="true" displayConsolidationOperators="false" showCurrency="false" >
 <member name="&amp;Version View" selectionType="Auto" visible="true" />
</dimension>
 <dimension displayMemberFormulaDesc="false" name="Product" allowFlexibleDefinition="false" displayAlias="false" applyToAllDim="false" displayMemberFormula="false" dimWidth="0" hide="true" showQualifiedName="never" drillOnSharedMbrs="false" displayName="true" displayConsolidationOperators="false" showCurrency="false" >
 <member name="P_000" selectionType="Auto" visible="true" />
</dimension>
</pov>
</query>
 <businessRules>
 <businessRule calcType="3" name="DEFAULT" planType="1" />
 <businessRule calcType="0" name="Operating Expenses Plan" planType="1" runOnSave="true" />
</businessRules>
 <displayOptions>
 <precision useCurrencyPrecision="false" nonCurrencyMax="0" nonCurrencyMin="0" currencyMax="0" percentageMax="1" currencyMin="0" percentageMin="1" />
 <display multiCurrency="false" enableMassAllocation="false" enableGridSpread="true" hideSaveConfirmMessage="true" accountAnnotation="false" enableAdHoc="false" poundMissing="true" enableAttributeDisplay="false" enableCellAttach="true" />
 <printOptions>
 <pageSettings pageSize="A4" orientation="0" font="" fontSize="8" rowHeaderPercentage="35" numDataCols="10" />
 <format supportingDetails="false" applyPrecision="false" repeatHeaders="true" reverseSupport="false" formatData="true" />
 <printDisplay currency="true" shading="true" cellNotes="false" attribute="true" accountAnnotation="true" />
</printOptions>
 <smartViewOptions enableForSmartSlice="false" enableOfflineUsage="false" />
</displayOptions>
 <dataValidationRules>
 <dataValidationRulesOptions>
 <RunValidationsAsLoggedInUser>true</RunValidationsAsLoggedInUser>
 <ValidateOnlyForPagesWithBlocks>true</ValidateOnlyForPagesWithBlocks>
 <ValidateOnlyForUsersWithAccessToForm>true</ValidateOnlyForUsersWithAccessToForm>
 <ReplaceUserVarWithPuMember>false</ReplaceUserVarWithPuMember>
 <LoopOverEveryPossiblePuUserVarValue>false</LoopOverEveryPossiblePuUserVarValue>
</dataValidationRulesOptions>
</dataValidationRules>
 <formFormattings>
 <formFormatting userName="[CURRENT_USER]" displayOptions="-2147483646" >
 <dataCellMbrTuples>
 <dataCellMbrTuple>
 <cellStyleId>1</cellStyleId>
 <frmMbrTuple>
 <gridLocation>rows</gridLocation>
 <mbr name="Trips" segment="1.0" dim="Account" />
</frmMbrTuple>
 <frmMbrTuple>
 <gridLocation>columns</gridLocation>
 <mbr name="Trips" segment="1.0" dim="Account" />
 <mbr name="YearTotal" segment="1.0" dim="Period" />
</frmMbrTuple>
</dataCellMbrTuple>
 <dataCellMbrTuple>
 <cellStyleId>2</cellStyleId>
 <frmMbrTuple>
 <gridLocation>rows</gridLocation>
 <mbr name="Square Feet" segment="1.0" dim="Account" />
</frmMbrTuple>
 <frmMbrTuple>
 <gridLocation>columns</gridLocation>
 <mbr name="Square Feet" segment="1.0" dim="Account" />
 <mbr name="YearTotal" segment="1.0" dim="Period" />
</frmMbrTuple>
</dataCellMbrTuple>
 <dataCellMbrTuple>
 <cellStyleId>3</cellStyleId>
 <frmMbrTuple>
 <gridLocation>rows</gridLocation>
 <mbr name="9000" segment="1.0" dim="Account" />
</frmMbrTuple>
 <frmMbrTuple>
 <gridLocation>columns</gridLocation>
 <mbr name="9000" segment="1.0" dim="Account" />
 <mbr name="YearTotal" segment="1.0" dim="Period" />
</frmMbrTuple>
</dataCellMbrTuple>
 <dataCellMbrTuple>
 <cellStyleId>4</cellStyleId>
 <frmMbrTuple>
 <gridLocation>rows</gridLocation>
 <mbr name="9800" segment="1.0" dim="Account" />
</frmMbrTuple>
 <frmMbrTuple>
 <gridLocation>columns</gridLocation>
 <mbr name="9800" segment="1.0" dim="Account" />
 <mbr name="YearTotal" segment="1.0" dim="Period" />
</frmMbrTuple>
</dataCellMbrTuple>
 <dataCellMbrTuple>
 <cellStyleId>5</cellStyleId>
 <frmMbrTuple>
 <gridLocation>rows</gridLocation>
 <mbr name="Employee Benefits %" segment="1.0" dim="Account" />
</frmMbrTuple>
 <frmMbrTuple>
 <gridLocation>columns</gridLocation>
 <mbr name="Employee Benefits %" segment="1.0" dim="Account" />
 <mbr name="YearTotal" segment="1.0" dim="Period" />
</frmMbrTuple>
</dataCellMbrTuple>
 <dataCellMbrTuple>
 <cellStyleId>6</cellStyleId>
 <frmMbrTuple>
 <gridLocation>rows</gridLocation>
 <mbr name="YearTotal" segment="1.0" dim="Period" />
</frmMbrTuple>
 <frmMbrTuple>
 <gridLocation>columns</gridLocation>
 <mbr name="Trips" segment="1.0" dim="Account" />
 <mbr name="YearTotal" segment="1.0" dim="Period" />
</frmMbrTuple>
</dataCellMbrTuple>
 <dataCellMbrTuple>
 <cellStyleId>7</cellStyleId>
 <frmMbrTuple>
 <gridLocation>rows</gridLocation>
 <mbr name="YearTotal" segment="1.0" dim="Period" />
</frmMbrTuple>
 <frmMbrTuple>
 <gridLocation>columns</gridLocation>
 <mbr name="Square Feet" segment="1.0" dim="Account" />
 <mbr name="YearTotal" segment="1.0" dim="Period" />
</frmMbrTuple>
</dataCellMbrTuple>
 <dataCellMbrTuple>
 <cellStyleId>8</cellStyleId>
 <frmMbrTuple>
 <gridLocation>rows</gridLocation>
 <mbr name="YearTotal" segment="1.0" dim="Period" />
</frmMbrTuple>
 <frmMbrTuple>
 <gridLocation>columns</gridLocation>
 <mbr name="9000" segment="1.0" dim="Account" />
 <mbr name="YearTotal" segment="1.0" dim="Period" />
</frmMbrTuple>
</dataCellMbrTuple>
 <dataCellMbrTuple>
 <cellStyleId>9</cellStyleId>
 <frmMbrTuple>
 <gridLocation>rows</gridLocation>
 <mbr name="YearTotal" segment="1.0" dim="Period" />
</frmMbrTuple>
 <frmMbrTuple>
 <gridLocation>columns</gridLocation>
 <mbr name="9800" segment="1.0" dim="Account" />
 <mbr name="YearTotal" segment="1.0" dim="Period" />
</frmMbrTuple>
</dataCellMbrTuple>
 <dataCellMbrTuple>
 <cellStyleId>10</cellStyleId>
 <frmMbrTuple>
 <gridLocation>rows</gridLocation>
 <mbr name="YearTotal" segment="1.0" dim="Period" />
</frmMbrTuple>
 <frmMbrTuple>
 <gridLocation>columns</gridLocation>
 <mbr name="Employee Benefits %" segment="1.0" dim="Account" />
 <mbr name="YearTotal" segment="1.0" dim="Period" />
</frmMbrTuple>
</dataCellMbrTuple>
 <dataCellMbrTuple>
 <cellStyleId>11</cellStyleId>
 <frmMbrTuple>
 <gridLocation>rows</gridLocation>
 <mbr name="410" segment="1.0" dim="Entity" />
</frmMbrTuple>
 <frmMbrTuple>
 <gridLocation>columns</gridLocation>
 <mbr name="410" segment="1.0" dim="Entity" />
</frmMbrTuple>
</dataCellMbrTuple>
 <dataCellMbrTuple>
 <cellStyleId>12</cellStyleId>
 <frmMbrTuple>
 <gridLocation>rows</gridLocation>
 <mbr name="410" segment="1.0" dim="Entity" />
</frmMbrTuple>
 <frmMbrTuple>
 <gridLocation>columns</gridLocation>
 <mbr name="Trips" segment="1.0" dim="Account" />
 <mbr name="YearTotal" segment="1.0" dim="Period" />
</frmMbrTuple>
</dataCellMbrTuple>
 <dataCellMbrTuple>
 <cellStyleId>13</cellStyleId>
 <frmMbrTuple>
 <gridLocation>rows</gridLocation>
 <mbr name="410" segment="1.0" dim="Entity" />
</frmMbrTuple>
 <frmMbrTuple>
 <gridLocation>columns</gridLocation>
 <mbr name="Square Feet" segment="1.0" dim="Account" />
 <mbr name="YearTotal" segment="1.0" dim="Period" />
</frmMbrTuple>
</dataCellMbrTuple>
 <dataCellMbrTuple>
 <cellStyleId>14</cellStyleId>
 <frmMbrTuple>
 <gridLocation>rows</gridLocation>
 <mbr name="410" segment="1.0" dim="Entity" />
</frmMbrTuple>
 <frmMbrTuple>
 <gridLocation>columns</gridLocation>
 <mbr name="9000" segment="1.0" dim="Account" />
 <mbr name="YearTotal" segment="1.0" dim="Period" />
</frmMbrTuple>
</dataCellMbrTuple>
 <dataCellMbrTuple>
 <cellStyleId>15</cellStyleId>
 <frmMbrTuple>
 <gridLocation>rows</gridLocation>
 <mbr name="410" segment="1.0" dim="Entity" />
</frmMbrTuple>
 <frmMbrTuple>
 <gridLocation>columns</gridLocation>
 <mbr name="9800" segment="1.0" dim="Account" />
 <mbr name="YearTotal" segment="1.0" dim="Period" />
</frmMbrTuple>
</dataCellMbrTuple>
 <dataCellMbrTuple>
 <cellStyleId>16</cellStyleId>
 <frmMbrTuple>
 <gridLocation>rows</gridLocation>
 <mbr name="410" segment="1.0" dim="Entity" />
</frmMbrTuple>
 <frmMbrTuple>
 <gridLocation>columns</gridLocation>
 <mbr name="Employee Benefits %" segment="1.0" dim="Account" />
 <mbr name="YearTotal" segment="1.0" dim="Period" />
</frmMbrTuple>
</dataCellMbrTuple>
 <dataCellMbrTuple>
 <cellStyleId>17</cellStyleId>
 <frmMbrTuple>
 <gridLocation>rows</gridLocation>
 <mbr name="420" segment="1.0" dim="Entity" />
</frmMbrTuple>
 <frmMbrTuple>
 <gridLocation>columns</gridLocation>
 <mbr name="420" segment="1.0" dim="Entity" />
</frmMbrTuple>
</dataCellMbrTuple>
 <dataCellMbrTuple>
 <cellStyleId>18</cellStyleId>
 <frmMbrTuple>
 <gridLocation>rows</gridLocation>
 <mbr name="420" segment="1.0" dim="Entity" />
</frmMbrTuple>
 <frmMbrTuple>
 <gridLocation>columns</gridLocation>
 <mbr name="Trips" segment="1.0" dim="Account" />
 <mbr name="YearTotal" segment="1.0" dim="Period" />
</frmMbrTuple>
</dataCellMbrTuple>
 <dataCellMbrTuple>
 <cellStyleId>19</cellStyleId>
 <frmMbrTuple>
 <gridLocation>rows</gridLocation>
 <mbr name="420" segment="1.0" dim="Entity" />
</frmMbrTuple>
 <frmMbrTuple>
 <gridLocation>columns</gridLocation>
 <mbr name="Square Feet" segment="1.0" dim="Account" />
 <mbr name="YearTotal" segment="1.0" dim="Period" />
</frmMbrTuple>
</dataCellMbrTuple>
 <dataCellMbrTuple>
 <cellStyleId>20</cellStyleId>
 <frmMbrTuple>
 <gridLocation>rows</gridLocation>
 <mbr name="420" segment="1.0" dim="Entity" />
</frmMbrTuple>
 <frmMbrTuple>
 <gridLocation>columns</gridLocation>
 <mbr name="9000" segment="1.0" dim="Account" />
 <mbr name="YearTotal" segment="1.0" dim="Period" />
</frmMbrTuple>
</dataCellMbrTuple>
 <dataCellMbrTuple>
 <cellStyleId>21</cellStyleId>
 <frmMbrTuple>
 <gridLocation>rows</gridLocation>
 <mbr name="420" segment="1.0" dim="Entity" />
</frmMbrTuple>
 <frmMbrTuple>
 <gridLocation>columns</gridLocation>
 <mbr name="9800" segment="1.0" dim="Account" />
 <mbr name="YearTotal" segment="1.0" dim="Period" />
</frmMbrTuple>
</dataCellMbrTuple>
 <dataCellMbrTuple>
 <cellStyleId>22</cellStyleId>
 <frmMbrTuple>
 <gridLocation>rows</gridLocation>
 <mbr name="420" segment="1.0" dim="Entity" />
</frmMbrTuple>
 <frmMbrTuple>
 <gridLocation>columns</gridLocation>
 <mbr name="Employee Benefits %" segment="1.0" dim="Account" />
 <mbr name="YearTotal" segment="1.0" dim="Period" />
</frmMbrTuple>
</dataCellMbrTuple>
 <dataCellMbrTuple>
 <cellStyleId>23</cellStyleId>
 <frmMbrTuple>
 <gridLocation>rows</gridLocation>
 <mbr name="421" segment="1.0" dim="Entity" />
</frmMbrTuple>
 <frmMbrTuple>
 <gridLocation>columns</gridLocation>
 <mbr name="421" segment="1.0" dim="Entity" />
</frmMbrTuple>
</dataCellMbrTuple>
 <dataCellMbrTuple>
 <cellStyleId>24</cellStyleId>
 <frmMbrTuple>
 <gridLocation>rows</gridLocation>
 <mbr name="421" segment="1.0" dim="Entity" />
</frmMbrTuple>
 <frmMbrTuple>
 <gridLocation>columns</gridLocation>
 <mbr name="Trips" segment="1.0" dim="Account" />
 <mbr name="YearTotal" segment="1.0" dim="Period" />
</frmMbrTuple>
</dataCellMbrTuple>
 <dataCellMbrTuple>
 <cellStyleId>25</cellStyleId>
 <frmMbrTuple>
 <gridLocation>rows</gridLocation>
 <mbr name="421" segment="1.0" dim="Entity" />
</frmMbrTuple>
 <frmMbrTuple>
 <gridLocation>columns</gridLocation>
 <mbr name="Square Feet" segment="1.0" dim="Account" />
 <mbr name="YearTotal" segment="1.0" dim="Period" />
</frmMbrTuple>
</dataCellMbrTuple>
 <dataCellMbrTuple>
 <cellStyleId>26</cellStyleId>
 <frmMbrTuple>
 <gridLocation>rows</gridLocation>
 <mbr name="421" segment="1.0" dim="Entity" />
</frmMbrTuple>
 <frmMbrTuple>
 <gridLocation>columns</gridLocation>
 <mbr name="9000" segment="1.0" dim="Account" />
 <mbr name="YearTotal" segment="1.0" dim="Period" />
</frmMbrTuple>
</dataCellMbrTuple>
 <dataCellMbrTuple>
 <cellStyleId>27</cellStyleId>
 <frmMbrTuple>
 <gridLocation>rows</gridLocation>
 <mbr name="421" segment="1.0" dim="Entity" />
</frmMbrTuple>
 <frmMbrTuple>
 <gridLocation>columns</gridLocation>
 <mbr name="9800" segment="1.0" dim="Account" />
 <mbr name="YearTotal" segment="1.0" dim="Period" />
</frmMbrTuple>
</dataCellMbrTuple>
 <dataCellMbrTuple>
 <cellStyleId>28</cellStyleId>
 <frmMbrTuple>
 <gridLocation>rows</gridLocation>
 <mbr name="421" segment="1.0" dim="Entity" />
</frmMbrTuple>
 <frmMbrTuple>
 <gridLocation>columns</gridLocation>
 <mbr name="Employee Benefits %" segment="1.0" dim="Account" />
 <mbr name="YearTotal" segment="1.0" dim="Period" />
</frmMbrTuple>
</dataCellMbrTuple>
 <dataCellMbrTuple>
 <cellStyleId>29</cellStyleId>
 <frmMbrTuple>
 <gridLocation>rows</gridLocation>
 <mbr name="422" segment="1.0" dim="Entity" />
</frmMbrTuple>
 <frmMbrTuple>
 <gridLocation>columns</gridLocation>
 <mbr name="422" segment="1.0" dim="Entity" />
</frmMbrTuple>
</dataCellMbrTuple>
 <dataCellMbrTuple>
 <cellStyleId>30</cellStyleId>
 <frmMbrTuple>
 <gridLocation>rows</gridLocation>
 <mbr name="422" segment="1.0" dim="Entity" />
</frmMbrTuple>
 <frmMbrTuple>
 <gridLocation>columns</gridLocation>
 <mbr name="Trips" segment="1.0" dim="Account" />
 <mbr name="YearTotal" segment="1.0" dim="Period" />
</frmMbrTuple>
</dataCellMbrTuple>
 <dataCellMbrTuple>
 <cellStyleId>31</cellStyleId>
 <frmMbrTuple>
 <gridLocation>rows</gridLocation>
 <mbr name="422" segment="1.0" dim="Entity" />
</frmMbrTuple>
 <frmMbrTuple>
 <gridLocation>columns</gridLocation>
 <mbr name="Square Feet" segment="1.0" dim="Account" />
 <mbr name="YearTotal" segment="1.0" dim="Period" />
</frmMbrTuple>
</dataCellMbrTuple>
 <dataCellMbrTuple>
 <cellStyleId>32</cellStyleId>
 <frmMbrTuple>
 <gridLocation>rows</gridLocation>
 <mbr name="422" segment="1.0" dim="Entity" />
</frmMbrTuple>
 <frmMbrTuple>
 <gridLocation>columns</gridLocation>
 <mbr name="9000" segment="1.0" dim="Account" />
 <mbr name="YearTotal" segment="1.0" dim="Period" />
</frmMbrTuple>
</dataCellMbrTuple>
 <dataCellMbrTuple>
 <cellStyleId>33</cellStyleId>
 <frmMbrTuple>
 <gridLocation>rows</gridLocation>
 <mbr name="422" segment="1.0" dim="Entity" />
</frmMbrTuple>
 <frmMbrTuple>
 <gridLocation>columns</gridLocation>
 <mbr name="9800" segment="1.0" dim="Account" />
 <mbr name="YearTotal" segment="1.0" dim="Period" />
</frmMbrTuple>
</dataCellMbrTuple>
 <dataCellMbrTuple>
 <cellStyleId>34</cellStyleId>
 <frmMbrTuple>
 <gridLocation>rows</gridLocation>
 <mbr name="422" segment="1.0" dim="Entity" />
</frmMbrTuple>
 <frmMbrTuple>
 <gridLocation>columns</gridLocation>
 <mbr name="Employee Benefits %" segment="1.0" dim="Account" />
 <mbr name="YearTotal" segment="1.0" dim="Period" />
</frmMbrTuple>
</dataCellMbrTuple>
 <dataCellMbrTuple>
 <cellStyleId>35</cellStyleId>
 <frmMbrTuple>
 <gridLocation>rows</gridLocation>
 <mbr name="423" segment="1.0" dim="Entity" />
</frmMbrTuple>
 <frmMbrTuple>
 <gridLocation>columns</gridLocation>
 <mbr name="423" segment="1.0" dim="Entity" />
</frmMbrTuple>
</dataCellMbrTuple>
 <dataCellMbrTuple>
 <cellStyleId>36</cellStyleId>
 <frmMbrTuple>
 <gridLocation>rows</gridLocation>
 <mbr name="423" segment="1.0" dim="Entity" />
</frmMbrTuple>
 <frmMbrTuple>
 <gridLocation>columns</gridLocation>
 <mbr name="Trips" segment="1.0" dim="Account" />
 <mbr name="YearTotal" segment="1.0" dim="Period" />
</frmMbrTuple>
</dataCellMbrTuple>
 <dataCellMbrTuple>
 <cellStyleId>37</cellStyleId>
 <frmMbrTuple>
 <gridLocation>rows</gridLocation>
 <mbr name="423" segment="1.0" dim="Entity" />
</frmMbrTuple>
 <frmMbrTuple>
 <gridLocation>columns</gridLocation>
 <mbr name="Square Feet" segment="1.0" dim="Account" />
 <mbr name="YearTotal" segment="1.0" dim="Period" />
</frmMbrTuple>
</dataCellMbrTuple>
 <dataCellMbrTuple>
 <cellStyleId>38</cellStyleId>
 <frmMbrTuple>
 <gridLocation>rows</gridLocation>
 <mbr name="423" segment="1.0" dim="Entity" />
</frmMbrTuple>
 <frmMbrTuple>
 <gridLocation>columns</gridLocation>
 <mbr name="9000" segment="1.0" dim="Account" />
 <mbr name="YearTotal" segment="1.0" dim="Period" />
</frmMbrTuple>
</dataCellMbrTuple>
 <dataCellMbrTuple>
 <cellStyleId>39</cellStyleId>
 <frmMbrTuple>
 <gridLocation>rows</gridLocation>
 <mbr name="423" segment="1.0" dim="Entity" />
</frmMbrTuple>
 <frmMbrTuple>
 <gridLocation>columns</gridLocation>
 <mbr name="9800" segment="1.0" dim="Account" />
 <mbr name="YearTotal" segment="1.0" dim="Period" />
</frmMbrTuple>
</dataCellMbrTuple>
 <dataCellMbrTuple>
 <cellStyleId>40</cellStyleId>
 <frmMbrTuple>
 <gridLocation>rows</gridLocation>
 <mbr name="423" segment="1.0" dim="Entity" />
</frmMbrTuple>
 <frmMbrTuple>
 <gridLocation>columns</gridLocation>
 <mbr name="Employee Benefits %" segment="1.0" dim="Account" />
 <mbr name="YearTotal" segment="1.0" dim="Period" />
</frmMbrTuple>
</dataCellMbrTuple>
 <dataCellMbrTuple>
 <cellStyleId>41</cellStyleId>
 <frmMbrTuple>
 <gridLocation>rows</gridLocation>
 <mbr name="430" segment="1.0" dim="Entity" />
</frmMbrTuple>
 <frmMbrTuple>
 <gridLocation>columns</gridLocation>
 <mbr name="430" segment="1.0" dim="Entity" />
</frmMbrTuple>
</dataCellMbrTuple>
 <dataCellMbrTuple>
 <cellStyleId>42</cellStyleId>
 <frmMbrTuple>
 <gridLocation>rows</gridLocation>
 <mbr name="430" segment="1.0" dim="Entity" />
</frmMbrTuple>
 <frmMbrTuple>
 <gridLocation>columns</gridLocation>
 <mbr name="Trips" segment="1.0" dim="Account" />
 <mbr name="YearTotal" segment="1.0" dim="Period" />
</frmMbrTuple>
</dataCellMbrTuple>
 <dataCellMbrTuple>
 <cellStyleId>43</cellStyleId>
 <frmMbrTuple>
 <gridLocation>rows</gridLocation>
 <mbr name="430" segment="1.0" dim="Entity" />
</frmMbrTuple>
 <frmMbrTuple>
 <gridLocation>columns</gridLocation>
 <mbr name="Square Feet" segment="1.0" dim="Account" />
 <mbr name="YearTotal" segment="1.0" dim="Period" />
</frmMbrTuple>
</dataCellMbrTuple>
 <dataCellMbrTuple>
 <cellStyleId>44</cellStyleId>
 <frmMbrTuple>
 <gridLocation>rows</gridLocation>
 <mbr name="430" segment="1.0" dim="Entity" />
</frmMbrTuple>
 <frmMbrTuple>
 <gridLocation>columns</gridLocation>
 <mbr name="9000" segment="1.0" dim="Account" />
 <mbr name="YearTotal" segment="1.0" dim="Period" />
</frmMbrTuple>
</dataCellMbrTuple>
 <dataCellMbrTuple>
 <cellStyleId>45</cellStyleId>
 <frmMbrTuple>
 <gridLocation>rows</gridLocation>
 <mbr name="430" segment="1.0" dim="Entity" />
</frmMbrTuple>
 <frmMbrTuple>
 <gridLocation>columns</gridLocation>
 <mbr name="9800" segment="1.0" dim="Account" />
 <mbr name="YearTotal" segment="1.0" dim="Period" />
</frmMbrTuple>
</dataCellMbrTuple>
 <dataCellMbrTuple>
 <cellStyleId>46</cellStyleId>
 <frmMbrTuple>
 <gridLocation>rows</gridLocation>
 <mbr name="430" segment="1.0" dim="Entity" />
</frmMbrTuple>
 <frmMbrTuple>
 <gridLocation>columns</gridLocation>
 <mbr name="Employee Benefits %" segment="1.0" dim="Account" />
 <mbr name="YearTotal" segment="1.0" dim="Period" />
</frmMbrTuple>
</dataCellMbrTuple>
 <dataCellMbrTuple>
 <cellStyleId>47</cellStyleId>
 <frmMbrTuple>
 <gridLocation>rows</gridLocation>
 <mbr name="440" segment="1.0" dim="Entity" />
</frmMbrTuple>
 <frmMbrTuple>
 <gridLocation>columns</gridLocation>
 <mbr name="440" segment="1.0" dim="Entity" />
</frmMbrTuple>
</dataCellMbrTuple>
 <dataCellMbrTuple>
 <cellStyleId>48</cellStyleId>
 <frmMbrTuple>
 <gridLocation>rows</gridLocation>
 <mbr name="440" segment="1.0" dim="Entity" />
</frmMbrTuple>
 <frmMbrTuple>
 <gridLocation>columns</gridLocation>
 <mbr name="Trips" segment="1.0" dim="Account" />
 <mbr name="YearTotal" segment="1.0" dim="Period" />
</frmMbrTuple>
</dataCellMbrTuple>
 <dataCellMbrTuple>
 <cellStyleId>49</cellStyleId>
 <frmMbrTuple>
 <gridLocation>rows</gridLocation>
 <mbr name="440" segment="1.0" dim="Entity" />
</frmMbrTuple>
 <frmMbrTuple>
 <gridLocation>columns</gridLocation>
 <mbr name="Square Feet" segment="1.0" dim="Account" />
 <mbr name="YearTotal" segment="1.0" dim="Period" />
</frmMbrTuple>
</dataCellMbrTuple>
 <dataCellMbrTuple>
 <cellStyleId>50</cellStyleId>
 <frmMbrTuple>
 <gridLocation>rows</gridLocation>
 <mbr name="440" segment="1.0" dim="Entity" />
</frmMbrTuple>
 <frmMbrTuple>
 <gridLocation>columns</gridLocation>
 <mbr name="9000" segment="1.0" dim="Account" />
 <mbr name="YearTotal" segment="1.0" dim="Period" />
</frmMbrTuple>
</dataCellMbrTuple>
 <dataCellMbrTuple>
 <cellStyleId>51</cellStyleId>
 <frmMbrTuple>
 <gridLocation>rows</gridLocation>
 <mbr name="440" segment="1.0" dim="Entity" />
</frmMbrTuple>
 <frmMbrTuple>
 <gridLocation>columns</gridLocation>
 <mbr name="9800" segment="1.0" dim="Account" />
 <mbr name="YearTotal" segment="1.0" dim="Period" />
</frmMbrTuple>
</dataCellMbrTuple>
 <dataCellMbrTuple>
 <cellStyleId>52</cellStyleId>
 <frmMbrTuple>
 <gridLocation>rows</gridLocation>
 <mbr name="440" segment="1.0" dim="Entity" />
</frmMbrTuple>
 <frmMbrTuple>
 <gridLocation>columns</gridLocation>
 <mbr name="Employee Benefits %" segment="1.0" dim="Account" />
 <mbr name="YearTotal" segment="1.0" dim="Period" />
</frmMbrTuple>
</dataCellMbrTuple>
 <dataCellMbrTuple>
 <cellStyleId>53</cellStyleId>
 <frmMbrTuple>
 <gridLocation>rows</gridLocation>
 <mbr name="450" segment="1.0" dim="Entity" />
</frmMbrTuple>
 <frmMbrTuple>
 <gridLocation>columns</gridLocation>
 <mbr name="450" segment="1.0" dim="Entity" />
</frmMbrTuple>
</dataCellMbrTuple>
 <dataCellMbrTuple>
 <cellStyleId>54</cellStyleId>
 <frmMbrTuple>
 <gridLocation>rows</gridLocation>
 <mbr name="450" segment="1.0" dim="Entity" />
</frmMbrTuple>
 <frmMbrTuple>
 <gridLocation>columns</gridLocation>
 <mbr name="Trips" segment="1.0" dim="Account" />
 <mbr name="YearTotal" segment="1.0" dim="Period" />
</frmMbrTuple>
</dataCellMbrTuple>
 <dataCellMbrTuple>
 <cellStyleId>55</cellStyleId>
 <frmMbrTuple>
 <gridLocation>rows</gridLocation>
 <mbr name="450" segment="1.0" dim="Entity" />
</frmMbrTuple>
 <frmMbrTuple>
 <gridLocation>columns</gridLocation>
 <mbr name="Square Feet" segment="1.0" dim="Account" />
 <mbr name="YearTotal" segment="1.0" dim="Period" />
</frmMbrTuple>
</dataCellMbrTuple>
 <dataCellMbrTuple>
 <cellStyleId>56</cellStyleId>
 <frmMbrTuple>
 <gridLocation>rows</gridLocation>
 <mbr name="450" segment="1.0" dim="Entity" />
</frmMbrTuple>
 <frmMbrTuple>
 <gridLocation>columns</gridLocation>
 <mbr name="9000" segment="1.0" dim="Account" />
 <mbr name="YearTotal" segment="1.0" dim="Period" />
</frmMbrTuple>
</dataCellMbrTuple>
 <dataCellMbrTuple>
 <cellStyleId>57</cellStyleId>
 <frmMbrTuple>
 <gridLocation>rows</gridLocation>
 <mbr name="450" segment="1.0" dim="Entity" />
</frmMbrTuple>
 <frmMbrTuple>
 <gridLocation>columns</gridLocation>
 <mbr name="9800" segment="1.0" dim="Account" />
 <mbr name="YearTotal" segment="1.0" dim="Period" />
</frmMbrTuple>
</dataCellMbrTuple>
 <dataCellMbrTuple>
 <cellStyleId>58</cellStyleId>
 <frmMbrTuple>
 <gridLocation>rows</gridLocation>
 <mbr name="450" segment="1.0" dim="Entity" />
</frmMbrTuple>
 <frmMbrTuple>
 <gridLocation>columns</gridLocation>
 <mbr name="Employee Benefits %" segment="1.0" dim="Account" />
 <mbr name="YearTotal" segment="1.0" dim="Period" />
</frmMbrTuple>
</dataCellMbrTuple>
 <dataCellMbrTuple>
 <cellStyleId>59</cellStyleId>
 <frmMbrTuple>
 <gridLocation>rows</gridLocation>
 <mbr name="403" segment="1.0" dim="Entity" />
</frmMbrTuple>
 <frmMbrTuple>
 <gridLocation>columns</gridLocation>
 <mbr name="403" segment="1.0" dim="Entity" />
</frmMbrTuple>
</dataCellMbrTuple>
 <dataCellMbrTuple>
 <cellStyleId>60</cellStyleId>
 <frmMbrTuple>
 <gridLocation>rows</gridLocation>
 <mbr name="403" segment="1.0" dim="Entity" />
</frmMbrTuple>
 <frmMbrTuple>
 <gridLocation>columns</gridLocation>
 <mbr name="Trips" segment="1.0" dim="Account" />
 <mbr name="YearTotal" segment="1.0" dim="Period" />
</frmMbrTuple>
</dataCellMbrTuple>
 <dataCellMbrTuple>
 <cellStyleId>61</cellStyleId>
 <frmMbrTuple>
 <gridLocation>rows</gridLocation>
 <mbr name="403" segment="1.0" dim="Entity" />
</frmMbrTuple>
 <frmMbrTuple>
 <gridLocation>columns</gridLocation>
 <mbr name="Square Feet" segment="1.0" dim="Account" />
 <mbr name="YearTotal" segment="1.0" dim="Period" />
</frmMbrTuple>
</dataCellMbrTuple>
 <dataCellMbrTuple>
 <cellStyleId>62</cellStyleId>
 <frmMbrTuple>
 <gridLocation>rows</gridLocation>
 <mbr name="403" segment="1.0" dim="Entity" />
</frmMbrTuple>
 <frmMbrTuple>
 <gridLocation>columns</gridLocation>
 <mbr name="9000" segment="1.0" dim="Account" />
 <mbr name="YearTotal" segment="1.0" dim="Period" />
</frmMbrTuple>
</dataCellMbrTuple>
 <dataCellMbrTuple>
 <cellStyleId>63</cellStyleId>
 <frmMbrTuple>
 <gridLocation>rows</gridLocation>
 <mbr name="403" segment="1.0" dim="Entity" />
</frmMbrTuple>
 <frmMbrTuple>
 <gridLocation>columns</gridLocation>
 <mbr name="9800" segment="1.0" dim="Account" />
 <mbr name="YearTotal" segment="1.0" dim="Period" />
</frmMbrTuple>
</dataCellMbrTuple>
 <dataCellMbrTuple>
 <cellStyleId>64</cellStyleId>
 <frmMbrTuple>
 <gridLocation>rows</gridLocation>
 <mbr name="403" segment="1.0" dim="Entity" />
</frmMbrTuple>
 <frmMbrTuple>
 <gridLocation>columns</gridLocation>
 <mbr name="Employee Benefits %" segment="1.0" dim="Account" />
 <mbr name="YearTotal" segment="1.0" dim="Period" />
</frmMbrTuple>
</dataCellMbrTuple>
</dataCellMbrTuples>
 <cellStyles>
 <cellStyle id="1" >
 <objs>
</objs>
 <cellStyleValues>
 <readOnly>false</readOnly>
 <wordWrap>false</wordWrap>
</cellStyleValues>
</cellStyle>
 <cellStyle id="2" >
 <objs>
</objs>
 <cellStyleValues>
 <readOnly>false</readOnly>
 <wordWrap>false</wordWrap>
</cellStyleValues>
</cellStyle>
 <cellStyle id="3" >
 <objs>
</objs>
 <cellStyleValues>
 <readOnly>false</readOnly>
 <wordWrap>false</wordWrap>
</cellStyleValues>
</cellStyle>
 <cellStyle id="4" >
 <objs>
</objs>
 <cellStyleValues>
 <readOnly>false</readOnly>
 <wordWrap>false</wordWrap>
</cellStyleValues>
</cellStyle>
 <cellStyle id="5" >
 <objs>
</objs>
 <cellStyleValues>
 <readOnly>false</readOnly>
 <wordWrap>false</wordWrap>
</cellStyleValues>
</cellStyle>
 <cellStyle id="6" >
 <objs>
</objs>
 <cellStyleValues>
 <readOnly>false</readOnly>
 <wordWrap>false</wordWrap>
</cellStyleValues>
</cellStyle>
 <cellStyle id="7" >
 <objs>
</objs>
 <cellStyleValues>
 <readOnly>false</readOnly>
 <wordWrap>false</wordWrap>
</cellStyleValues>
</cellStyle>
 <cellStyle id="8" >
 <objs>
</objs>
 <cellStyleValues>
 <readOnly>false</readOnly>
 <wordWrap>false</wordWrap>
</cellStyleValues>
</cellStyle>
 <cellStyle id="9" >
 <objs>
</objs>
 <cellStyleValues>
 <readOnly>false</readOnly>
 <wordWrap>false</wordWrap>
</cellStyleValues>
</cellStyle>
 <cellStyle id="10" >
 <objs>
</objs>
 <cellStyleValues>
 <readOnly>false</readOnly>
 <wordWrap>false</wordWrap>
</cellStyleValues>
</cellStyle>
 <cellStyle id="11" >
 <objs>
</objs>
 <cellStyleValues>
 <readOnly>false</readOnly>
 <wordWrap>false</wordWrap>
</cellStyleValues>
</cellStyle>
 <cellStyle id="12" >
 <objs>
</objs>
 <cellStyleValues>
 <readOnly>false</readOnly>
 <wordWrap>false</wordWrap>
</cellStyleValues>
</cellStyle>
 <cellStyle id="13" >
 <objs>
</objs>
 <cellStyleValues>
 <readOnly>false</readOnly>
 <wordWrap>false</wordWrap>
</cellStyleValues>
</cellStyle>
 <cellStyle id="14" >
 <objs>
</objs>
 <cellStyleValues>
 <readOnly>false</readOnly>
 <wordWrap>false</wordWrap>
</cellStyleValues>
</cellStyle>
 <cellStyle id="15" >
 <objs>
</objs>
 <cellStyleValues>
 <readOnly>false</readOnly>
 <wordWrap>false</wordWrap>
</cellStyleValues>
</cellStyle>
 <cellStyle id="16" >
 <objs>
</objs>
 <cellStyleValues>
 <readOnly>false</readOnly>
 <wordWrap>false</wordWrap>
</cellStyleValues>
</cellStyle>
 <cellStyle id="17" >
 <objs>
</objs>
 <cellStyleValues>
 <readOnly>false</readOnly>
 <wordWrap>false</wordWrap>
</cellStyleValues>
</cellStyle>
 <cellStyle id="18" >
 <objs>
</objs>
 <cellStyleValues>
 <readOnly>false</readOnly>
 <wordWrap>false</wordWrap>
</cellStyleValues>
</cellStyle>
 <cellStyle id="19" >
 <objs>
</objs>
 <cellStyleValues>
 <readOnly>false</readOnly>
 <wordWrap>false</wordWrap>
</cellStyleValues>
</cellStyle>
 <cellStyle id="20" >
 <objs>
</objs>
 <cellStyleValues>
 <readOnly>false</readOnly>
 <wordWrap>false</wordWrap>
</cellStyleValues>
</cellStyle>
 <cellStyle id="21" >
 <objs>
</objs>
 <cellStyleValues>
 <readOnly>false</readOnly>
 <wordWrap>false</wordWrap>
</cellStyleValues>
</cellStyle>
 <cellStyle id="22" >
 <objs>
</objs>
 <cellStyleValues>
 <readOnly>false</readOnly>
 <wordWrap>false</wordWrap>
</cellStyleValues>
</cellStyle>
 <cellStyle id="23" >
 <objs>
</objs>
 <cellStyleValues>
 <readOnly>false</readOnly>
 <wordWrap>false</wordWrap>
</cellStyleValues>
</cellStyle>
 <cellStyle id="24" >
 <objs>
</objs>
 <cellStyleValues>
 <readOnly>false</readOnly>
 <wordWrap>false</wordWrap>
</cellStyleValues>
</cellStyle>
 <cellStyle id="25" >
 <objs>
</objs>
 <cellStyleValues>
 <readOnly>false</readOnly>
 <wordWrap>false</wordWrap>
</cellStyleValues>
</cellStyle>
 <cellStyle id="26" >
 <objs>
</objs>
 <cellStyleValues>
 <readOnly>false</readOnly>
 <wordWrap>false</wordWrap>
</cellStyleValues>
</cellStyle>
 <cellStyle id="27" >
 <objs>
</objs>
 <cellStyleValues>
 <readOnly>false</readOnly>
 <wordWrap>false</wordWrap>
</cellStyleValues>
</cellStyle>
 <cellStyle id="28" >
 <objs>
</objs>
 <cellStyleValues>
 <readOnly>false</readOnly>
 <wordWrap>false</wordWrap>
</cellStyleValues>
</cellStyle>
 <cellStyle id="29" >
 <objs>
</objs>
 <cellStyleValues>
 <readOnly>false</readOnly>
 <wordWrap>false</wordWrap>
</cellStyleValues>
</cellStyle>
 <cellStyle id="30" >
 <objs>
</objs>
 <cellStyleValues>
 <readOnly>false</readOnly>
 <wordWrap>false</wordWrap>
</cellStyleValues>
</cellStyle>
 <cellStyle id="31" >
 <objs>
</objs>
 <cellStyleValues>
 <readOnly>false</readOnly>
 <wordWrap>false</wordWrap>
</cellStyleValues>
</cellStyle>
 <cellStyle id="32" >
 <objs>
</objs>
 <cellStyleValues>
 <readOnly>false</readOnly>
 <wordWrap>false</wordWrap>
</cellStyleValues>
</cellStyle>
 <cellStyle id="33" >
 <objs>
</objs>
 <cellStyleValues>
 <readOnly>false</readOnly>
 <wordWrap>false</wordWrap>
</cellStyleValues>
</cellStyle>
 <cellStyle id="34" >
 <objs>
</objs>
 <cellStyleValues>
 <readOnly>false</readOnly>
 <wordWrap>false</wordWrap>
</cellStyleValues>
</cellStyle>
 <cellStyle id="35" >
 <objs>
</objs>
 <cellStyleValues>
 <readOnly>false</readOnly>
 <wordWrap>false</wordWrap>
</cellStyleValues>
</cellStyle>
 <cellStyle id="36" >
 <objs>
</objs>
 <cellStyleValues>
 <readOnly>false</readOnly>
 <wordWrap>false</wordWrap>
</cellStyleValues>
</cellStyle>
 <cellStyle id="37" >
 <objs>
</objs>
 <cellStyleValues>
 <readOnly>false</readOnly>
 <wordWrap>false</wordWrap>
</cellStyleValues>
</cellStyle>
 <cellStyle id="38" >
 <objs>
</objs>
 <cellStyleValues>
 <readOnly>false</readOnly>
 <wordWrap>false</wordWrap>
</cellStyleValues>
</cellStyle>
 <cellStyle id="39" >
 <objs>
</objs>
 <cellStyleValues>
 <readOnly>false</readOnly>
 <wordWrap>false</wordWrap>
</cellStyleValues>
</cellStyle>
 <cellStyle id="40" >
 <objs>
</objs>
 <cellStyleValues>
 <readOnly>false</readOnly>
 <wordWrap>false</wordWrap>
</cellStyleValues>
</cellStyle>
 <cellStyle id="41" >
 <objs>
</objs>
 <cellStyleValues>
 <readOnly>false</readOnly>
 <wordWrap>false</wordWrap>
</cellStyleValues>
</cellStyle>
 <cellStyle id="42" >
 <objs>
</objs>
 <cellStyleValues>
 <readOnly>false</readOnly>
 <wordWrap>false</wordWrap>
</cellStyleValues>
</cellStyle>
 <cellStyle id="43" >
 <objs>
</objs>
 <cellStyleValues>
 <readOnly>false</readOnly>
 <wordWrap>false</wordWrap>
</cellStyleValues>
</cellStyle>
 <cellStyle id="44" >
 <objs>
</objs>
 <cellStyleValues>
 <readOnly>false</readOnly>
 <wordWrap>false</wordWrap>
</cellStyleValues>
</cellStyle>
 <cellStyle id="45" >
 <objs>
</objs>
 <cellStyleValues>
 <readOnly>false</readOnly>
 <wordWrap>false</wordWrap>
</cellStyleValues>
</cellStyle>
 <cellStyle id="46" >
 <objs>
</objs>
 <cellStyleValues>
 <readOnly>false</readOnly>
 <wordWrap>false</wordWrap>
</cellStyleValues>
</cellStyle>
 <cellStyle id="47" >
 <objs>
</objs>
 <cellStyleValues>
 <readOnly>false</readOnly>
 <wordWrap>false</wordWrap>
</cellStyleValues>
</cellStyle>
 <cellStyle id="48" >
 <objs>
</objs>
 <cellStyleValues>
 <readOnly>false</readOnly>
 <wordWrap>false</wordWrap>
</cellStyleValues>
</cellStyle>
 <cellStyle id="49" >
 <objs>
</objs>
 <cellStyleValues>
 <readOnly>false</readOnly>
 <wordWrap>false</wordWrap>
</cellStyleValues>
</cellStyle>
 <cellStyle id="50" >
 <objs>
</objs>
 <cellStyleValues>
 <readOnly>false</readOnly>
 <wordWrap>false</wordWrap>
</cellStyleValues>
</cellStyle>
 <cellStyle id="51" >
 <objs>
</objs>
 <cellStyleValues>
 <readOnly>false</readOnly>
 <wordWrap>false</wordWrap>
</cellStyleValues>
</cellStyle>
 <cellStyle id="52" >
 <objs>
</objs>
 <cellStyleValues>
 <readOnly>false</readOnly>
 <wordWrap>false</wordWrap>
</cellStyleValues>
</cellStyle>
 <cellStyle id="53" >
 <objs>
</objs>
 <cellStyleValues>
 <readOnly>false</readOnly>
 <wordWrap>false</wordWrap>
</cellStyleValues>
</cellStyle>
 <cellStyle id="54" >
 <objs>
</objs>
 <cellStyleValues>
 <readOnly>false</readOnly>
 <wordWrap>false</wordWrap>
</cellStyleValues>
</cellStyle>
 <cellStyle id="55" >
 <objs>
</objs>
 <cellStyleValues>
 <readOnly>false</readOnly>
 <wordWrap>false</wordWrap>
</cellStyleValues>
</cellStyle>
 <cellStyle id="56" >
 <objs>
</objs>
 <cellStyleValues>
 <readOnly>false</readOnly>
 <wordWrap>false</wordWrap>
</cellStyleValues>
</cellStyle>
 <cellStyle id="57" >
 <objs>
</objs>
 <cellStyleValues>
 <readOnly>false</readOnly>
 <wordWrap>false</wordWrap>
</cellStyleValues>
</cellStyle>
 <cellStyle id="58" >
 <objs>
</objs>
 <cellStyleValues>
 <readOnly>false</readOnly>
 <wordWrap>false</wordWrap>
</cellStyleValues>
</cellStyle>
 <cellStyle id="59" >
 <objs>
</objs>
 <cellStyleValues>
 <readOnly>false</readOnly>
 <wordWrap>false</wordWrap>
 <format id="1" />
 <format id="1" />
</cellStyleValues>
</cellStyle>
 <cellStyle id="60" >
 <objs>
</objs>
 <cellStyleValues>
 <readOnly>false</readOnly>
 <wordWrap>false</wordWrap>
 <format id="1" />
</cellStyleValues>
</cellStyle>
 <cellStyle id="61" >
 <objs>
</objs>
 <cellStyleValues>
 <readOnly>false</readOnly>
 <wordWrap>false</wordWrap>
 <format id="1" />
</cellStyleValues>
</cellStyle>
 <cellStyle id="62" >
 <objs>
</objs>
 <cellStyleValues>
 <readOnly>false</readOnly>
 <wordWrap>false</wordWrap>
 <format id="1" />
</cellStyleValues>
</cellStyle>
 <cellStyle id="63" >
 <objs>
</objs>
 <cellStyleValues>
 <readOnly>false</readOnly>
 <wordWrap>false</wordWrap>
 <format id="1" />
</cellStyleValues>
</cellStyle>
 <cellStyle id="64" >
 <objs>
</objs>
 <cellStyleValues>
 <readOnly>false</readOnly>
 <wordWrap>false</wordWrap>
 <format id="1" />
</cellStyleValues>
</cellStyle>
</cellStyles>
 <columnRowSizes>
</columnRowSizes>
 <values>
 <colors>
</colors>
 <fonts>
</fonts>
 <txtFrmts>
 <txtFrmt id="0" >Italic</txtFrmt>
 <txtFrmt id="1" >Bold</txtFrmt>
 <txtFrmt id="2" >Underline</txtFrmt>
 <txtFrmt id="3" >StrikeThrough</txtFrmt>
</txtFrmts>
 <vAlign>
</vAlign>
 <hAlign>
</hAlign>
</values>
 <objs>
 <numFrmts>
</numFrmts>
 <borders>
</borders>
</objs>
</formFormatting>
</formFormattings>
 <smartpush>
</smartpush>
</form>
