<?xml version="1.0" encoding="UTF-8" ?>
 <form xmlns:xsi="http://www.w3.org/2001/XMLSchema-instance" name="Allocations - HR" dshFormat="1:false:1:1" dshEditable="1" dir="Forms" globalScope="1" hide="false" runCalcOnSaveOnDirtyFormsOnly="false" dashboard="true" runSmartPushAsynchronously="false" composite="true" >
 <pane formsPerRow="0" style="0" name="" width="0" formsPerCol="1" columns="0" splitOrientation="H" layout="0" heightUnits="0" widthUnits="0" paneID="0" parentID="-1" height="0" colorCode="" />
 <pane formsPerRow="0" style="0" name="" width="50" formsPerCol="1" columns="0" splitOrientation="" layout="0" heightUnits="0" widthUnits="0" paneID="1" parentID="0" height="0" colorCode="" >
 <blocks>
 <block name="HR Expenses" resourceType="2" displayType="0" position="0" formType="0" legendLocation="0" chartType="-1" resourceLabel="HR Expenses" smartPushOpts="0" paneID="1" labelLocation="0" chartformat="LAP_RIGHT:NO_LABEL:true:@:true:@:true:@:true:@:true:false:-1:false:-1:true:@:true:@:true:@:true:@:1:1:BAR_VERT_CLUST:-2:1:@:1:@:@:@:@:@:@:14:22" />
</blocks>
 <sharedDimensions>
</sharedDimensions>
</pane>
 <pane formsPerRow="0" style="0" name="" width="50" formsPerCol="1" columns="0" splitOrientation="V" layout="0" heightUnits="0" widthUnits="0" paneID="2" parentID="0" height="0" colorCode="" />
 <pane formsPerRow="0" style="0" name="" width="65" formsPerCol="1" columns="0" splitOrientation="" layout="0" heightUnits="0" widthUnits="0" paneID="3" parentID="2" height="0" colorCode="" >
 <blocks>
 <block name="HR Allocation Driver" resourceType="2" displayType="0" position="0" formType="0" legendLocation="0" chartType="-1" resourceLabel="HR Allocation Driver" smartPushOpts="0" paneID="3" labelLocation="0" chartformat="LAP_RIGHT:NO_LABEL:true:@:true:@:true:@:true:@:true:false:-1:false:-1:true:@:true:@:true:@:true:@:1:1:BAR_VERT_CLUST:-2:1:@:1:@:@:@:@:@:@:14:22" />
</blocks>
 <sharedDimensions>
</sharedDimensions>
</pane>
 <pane formsPerRow="0" style="0" name="" width="35" formsPerCol="1" columns="0" splitOrientation="" layout="0" heightUnits="0" widthUnits="0" paneID="4" parentID="2" height="0" colorCode="" >
 <blocks>
 <block name="HR Allocation Out" resourceType="2" displayType="0" position="0" formType="0" legendLocation="0" chartType="-1" resourceLabel="HR Allocation Out" smartPushOpts="0" paneID="4" labelLocation="0" chartformat="LAP_RIGHT:NO_LABEL:true:@:true:@:true:@:true:@:true:false:-1:false:-1:true:@:true:@:true:@:true:@:1:1:BAR_VERT_CLUST:-2:1:@:1:@:@:@:@:@:@:14:22" />
</blocks>
 <sharedDimensions>
</sharedDimensions>
</pane>
</form>
