<?xml version="1.0" encoding="UTF-8" ?>
 <form xmlns:xsi="http://www.w3.org/2001/XMLSchema-instance" name="Corporate Outlook" dshFormat="1:false:1:0" dshEditable="1" dir="Forms" globalScope="1" hide="false" runCalcOnSaveOnDirtyFormsOnly="false" dashboard="true" runSmartPushAsynchronously="false" composite="true" >
 <title><![CDATA[<span style="font-weight: bold;"><span style="color:rgb(128, 128, 128);"><font size="4">Corporate Outlook</font></span></span>
 
 
 
 
 
 
 
 
 
 
 
 
 
 
 
 
 
 
 
 
 
 
 
 
 
 
 
 
 
 
 
 
 
 
 
 
 
 
 
 
 
 
 
 
 
 
 
 
 
 
 
 
 
 
 
 
 
 
 
 
 
 
 
 
 
 
 
 
 
 
 
 
 
 
 
 
 
 
 
 
 
 
 
 
 
 
 
 
 
 
 ]]></title>
 <pane formsPerRow="0" style="0" name="" width="0" formsPerCol="1" columns="0" splitOrientation="H" layout="0" heightUnits="0" widthUnits="0" paneID="0" parentID="-1" height="0" colorCode="" />
 <pane formsPerRow="0" style="0" name="" width="50" formsPerCol="1" columns="0" splitOrientation="V" layout="0" heightUnits="0" widthUnits="320" paneID="1" parentID="0" height="0" colorCode="" />
 <pane formsPerRow="0" style="0" name="" width="0" formsPerCol="1" columns="0" splitOrientation="" layout="0" heightUnits="0" widthUnits="0" paneID="3" parentID="1" height="0" colorCode="" >
 <blocks>
 <block name="Shareholder Value" resourceType="2" displayType="0" position="0" formType="0" legendLocation="0" chartType="10" resourceLabel="Shareholder Value" smartPushOpts="0" paneID="3" labelLocation="0" chartformat="LAP_RIGHT:NO_LABEL:true:@:true:@:true:@:true:@:false:false:-1:true:-1:true:@:true:@:true:@:true:@:1:1:BAR_VERT_CLUST:-2:1:2000:1:1000:Low:1500:Medium:2000:High:14:22:15" />
</blocks>
 <sharedDimensions>
</sharedDimensions>
</pane>
 <pane formsPerRow="0" style="0" name="" width="0" formsPerCol="1" columns="0" splitOrientation="" layout="0" heightUnits="0" widthUnits="0" paneID="4" parentID="1" height="0" colorCode="" >
 <blocks>
 <block name="Scenario Comparison" resourceType="2" displayType="0" position="0" formType="0" legendLocation="0" chartType="-1" resourceLabel="Scenario Comparison" smartPushOpts="0" paneID="4" labelLocation="0" chartformat="LAP_RIGHT:NO_LABEL:true:@:true:@:true:@:true:@:true:false:-1:false:-1:true:@:true:@:true:@:true:@:1:1:BAR_VERT_CLUST:-2:1:@:1:@:@:@:@:@:@" />
</blocks>
 <sharedDimensions>
</sharedDimensions>
</pane>
 <pane formsPerRow="0" style="0" name="" width="50" formsPerCol="1" columns="0" splitOrientation="V" layout="0" heightUnits="0" widthUnits="196" paneID="2" parentID="0" height="0" colorCode="" />
 <pane formsPerRow="0" style="0" name="" width="0" formsPerCol="1" columns="0" splitOrientation="" layout="0" heightUnits="0" widthUnits="0" paneID="5" parentID="2" height="0" colorCode="" >
 <blocks>
 <block name="Market Price Comparison" resourceType="2" displayType="0" position="0" formType="0" legendLocation="0" chartType="1" resourceLabel="Market Price Comparison" smartPushOpts="0" paneID="5" labelLocation="0" chartformat="LAP_RIGHT:NO_LABEL:true:@:true:@:true:@:true:@:true:false:-1:false:-1:true:@:true:@:true:@:true:@:1:1:BAR_VERT_CLUST:-2:1:@:1:@:@:@:@:@:@" />
</blocks>
 <sharedDimensions>
</sharedDimensions>
</pane>
 <pane formsPerRow="0" style="0" name="" width="0" formsPerCol="1" columns="0" splitOrientation="V" layout="0" heightUnits="0" widthUnits="0" paneID="6" parentID="2" height="0" colorCode="" />
 <pane formsPerRow="0" style="0" name="" width="50" formsPerCol="1" columns="0" splitOrientation="" layout="0" heightUnits="0" widthUnits="0" paneID="7" parentID="6" height="0" colorCode="" >
 <blocks>
 <block name="Earnings per Share" resourceType="2" displayType="0" position="0" formType="0" legendLocation="0" chartType="4" resourceLabel="Earnings per Share" smartPushOpts="0" paneID="7" labelLocation="0" chartformat="LAP_RIGHT:NO_LABEL:true:@:true:@:true:@:true:@:true:false:-1:false:-1:true:@:true:@:true:@:true:@:1:1:BAR_VERT_CLUST:-2:1:@:1:@:@:@:@:@:@" />
</blocks>
 <sharedDimensions>
</sharedDimensions>
</pane>
 <pane formsPerRow="0" style="0" name="" width="50" formsPerCol="1" columns="0" splitOrientation="" layout="0" heightUnits="0" widthUnits="0" paneID="8" parentID="6" height="0" colorCode="" >
 <blocks>
 <block name="" resourceType="4" displayType="1" position="0" formType="0" legendLocation="0" chartType="0" resourceLabel="Corporate Goals" smartPushOpts="0" paneID="8" labelLocation="0" >
 <resourceString><![CDATA[<span style="font-weight:bold;"><br/>Revenue Growth - <span style="color:rgb(0, 0, 255);">15%</span><br/><br/>Market Share - <span style="color:rgb(0, 0, 255);">5%</span><br/><br/>Sales per Employee - <span style="color:rgb(0, 0, 255);">$100,000</span><br/></span>]]></resourceString>
</block>
</blocks>
 <sharedDimensions>
</sharedDimensions>
</pane>
</form>
