<?xml version="1.0" encoding="UTF-8" ?>
 <reportingMapping repCube="Vis1ASO" name="MapChannels" planType="Plan1" mapType="1" repApp="BVision" >
 <description></description>
 <columnDimension>Account</columnDimension>
 <essbaseServer defaultServer="true" ></essbaseServer>
 <dimMappings>
 <dimMapping mappingType="POV" >
 <sourceDims>
 <mappingDim>HSP_View</mappingDim>
</sourceDims>
 <sourceSelections>
 <mappingMbrSelection>BaseData</mappingMbrSelection>
</sourceSelections>
 <sourceExcludeSelections>
 <mappingMbrSelection></mappingMbrSelection>
</sourceExcludeSelections>
 <targetSelections>
</targetSelections>
 <detailedMappings>
</detailedMappings>
</dimMapping>
 <dimMapping mappingType="DIMENSION" >
 <sourceDims>
 <mappingDim>Scenario</mappingDim>
</sourceDims>
 <targetDims>
 <mappingRepDim>Scenario</mappingRepDim>
</targetDims>
 <sourceSelections>
 <mappingMbrSelection>ILvl0Descendants(Scenario)</mappingMbrSelection>
</sourceSelections>
 <sourceExcludeSelections>
 <mappingMbrSelection></mappingMbrSelection>
</sourceExcludeSelections>
 <targetSelections>
 <targetMbrSelection>Scenario</targetMbrSelection>
</targetSelections>
 <detailedMappings>
</detailedMappings>
</dimMapping>
 <dimMapping mappingType="DIMENSION" >
 <sourceDims>
 <mappingDim>Account</mappingDim>
</sourceDims>
 <targetDims>
 <mappingRepDim>Account</mappingRepDim>
</targetDims>
 <sourceSelections>
 <mappingMbrSelection>ILvl0Descendants(Account)</mappingMbrSelection>
</sourceSelections>
 <sourceExcludeSelections>
 <mappingMbrSelection></mappingMbrSelection>
</sourceExcludeSelections>
 <targetSelections>
 <targetMbrSelection>Account</targetMbrSelection>
</targetSelections>
 <detailedMappings>
</detailedMappings>
</dimMapping>
 <dimMapping mappingType="DIMENSION" >
 <sourceDims>
 <mappingDim>Entity</mappingDim>
</sourceDims>
 <targetDims>
 <mappingRepDim>Entity</mappingRepDim>
</targetDims>
 <sourceSelections>
 <mappingMbrSelection>ILvl0Descendants(Entity)</mappingMbrSelection>
</sourceSelections>
 <sourceExcludeSelections>
 <mappingMbrSelection></mappingMbrSelection>
</sourceExcludeSelections>
 <targetSelections>
 <targetMbrSelection>Entity</targetMbrSelection>
</targetSelections>
 <detailedMappings>
</detailedMappings>
</dimMapping>
 <dimMapping mappingType="DIMENSION" >
 <sourceDims>
 <mappingDim>Period</mappingDim>
</sourceDims>
 <targetDims>
 <mappingRepDim>Period</mappingRepDim>
</targetDims>
 <sourceSelections>
 <mappingMbrSelection>ILvl0Descendants(Period)</mappingMbrSelection>
</sourceSelections>
 <sourceExcludeSelections>
 <mappingMbrSelection></mappingMbrSelection>
</sourceExcludeSelections>
 <targetSelections>
 <targetMbrSelection>Period</targetMbrSelection>
</targetSelections>
 <detailedMappings>
</detailedMappings>
</dimMapping>
 <dimMapping mappingType="DIMENSION" >
 <sourceDims>
 <mappingDim>Version</mappingDim>
</sourceDims>
 <targetDims>
 <mappingRepDim>Version</mappingRepDim>
</targetDims>
 <sourceSelections>
 <mappingMbrSelection>ILvl0Descendants(Version)</mappingMbrSelection>
</sourceSelections>
 <sourceExcludeSelections>
 <mappingMbrSelection></mappingMbrSelection>
</sourceExcludeSelections>
 <targetSelections>
 <targetMbrSelection>Version</targetMbrSelection>
</targetSelections>
 <detailedMappings>
</detailedMappings>
</dimMapping>
 <dimMapping mappingType="DIMENSION" >
 <sourceDims>
 <mappingDim>Year</mappingDim>
</sourceDims>
 <targetDims>
 <mappingRepDim>Year</mappingRepDim>
</targetDims>
 <sourceSelections>
 <mappingMbrSelection>ILvl0Descendants(Year)</mappingMbrSelection>
</sourceSelections>
 <sourceExcludeSelections>
 <mappingMbrSelection></mappingMbrSelection>
</sourceExcludeSelections>
 <targetSelections>
 <targetMbrSelection>Year</targetMbrSelection>
</targetSelections>
 <detailedMappings>
</detailedMappings>
</dimMapping>
 <dimMapping mappingType="DIMENSION" >
 <sourceDims>
 <mappingDim>Product</mappingDim>
</sourceDims>
 <targetDims>
 <mappingRepDim>Product</mappingRepDim>
</targetDims>
 <sourceSelections>
 <mappingMbrSelection>ILvl0Descendants(Product)</mappingMbrSelection>
</sourceSelections>
 <sourceExcludeSelections>
 <mappingMbrSelection></mappingMbrSelection>
</sourceExcludeSelections>
 <targetSelections>
 <targetMbrSelection>Product</targetMbrSelection>
</targetSelections>
 <detailedMappings>
</detailedMappings>
</dimMapping>
 <dimMapping mappingType="SMART_LIST" >
 <mappingEnum>Channel</mappingEnum>
 <sourceDims>
 <mappingDim>Account</mappingDim>
</sourceDims>
 <targetDims>
 <mappingRepDim>Channel</mappingRepDim>
</targetDims>
 <sourceSelections>
 <mappingMbrSelection>Product Channel</mappingMbrSelection>
</sourceSelections>
 <sourceExcludeSelections>
 <mappingMbrSelection></mappingMbrSelection>
</sourceExcludeSelections>
 <targetSelections>
 <targetMbrSelection>Channel</targetMbrSelection>
</targetSelections>
 <detailedMappings>
</detailedMappings>
</dimMapping>
</dimMappings>
 <additionalConfiguration>
</additionalConfiguration>
 <dataOptions>
 <dataOption dataOptionType="COMMENTS" value="2" ></dataOption>
 <dataOption dataOptionType="ATTACHMENTS" value="0" ></dataOption>
 <dataOption dataOptionType="CELL_DETAILS" value="0" ></dataOption>
 <dataOption dataOptionType="OPTIONS" value="0" ></dataOption>
 <dataOption dataOptionType="CONCURRENCY_OPTIONS" value="0" ></dataOption>
</dataOptions>
</reportingMapping>
