<?xml version = '1.0' encoding = 'UTF-8'?>
<PeriodForLcmVO>
   <PeriodForLcmVORow>
      <Periodkey>2011-01-31</Periodkey>
      <Priorperiodkey>2010-12-31</Priorperiodkey>
      <Perioddesc>Jan-11</Perioddesc>
      <Periodtargetm>Jan</Periodtargetm>
      <Periodtargetq null="true"/>
      <Periodtargety null="true"/>
      <Periodtargetd null="true"/>
      <Yeartarget>FY11</Yeartarget>
   </PeriodForLcmVORow>
   <PeriodForLcmVORow>
      <Periodkey>2011-02-28</Periodkey>
      <Priorperiodkey>2011-01-31</Priorperiodkey>
      <Perioddesc>Feb-11</Perioddesc>
      <Periodtargetm>Feb</Periodtargetm>
      <Periodtargetq null="true"/>
      <Periodtargety null="true"/>
      <Periodtargetd null="true"/>
      <Yeartarget>FY11</Yeartarget>
   </PeriodForLcmVORow>
   <PeriodForLcmVORow>
      <Periodkey>2011-03-31</Periodkey>
      <Priorperiodkey>2011-02-28</Priorperiodkey>
      <Perioddesc>Mar-11</Perioddesc>
      <Periodtargetm>Mar</Periodtargetm>
      <Periodtargetq null="true"/>
      <Periodtargety null="true"/>
      <Periodtargetd null="true"/>
      <Yeartarget>FY11</Yeartarget>
   </PeriodForLcmVORow>
   <PeriodForLcmVORow>
      <Periodkey>2011-04-30</Periodkey>
      <Priorperiodkey>2011-03-31</Priorperiodkey>
      <Perioddesc>Apr-11</Perioddesc>
      <Periodtargetm>Apr</Periodtargetm>
      <Periodtargetq null="true"/>
      <Periodtargety null="true"/>
      <Periodtargetd null="true"/>
      <Yeartarget>FY11</Yeartarget>
   </PeriodForLcmVORow>
   <PeriodForLcmVORow>
      <Periodkey>2011-05-31</Periodkey>
      <Priorperiodkey>2011-04-30</Priorperiodkey>
      <Perioddesc>May-11</Perioddesc>
      <Periodtargetm>May</Periodtargetm>
      <Periodtargetq null="true"/>
      <Periodtargety null="true"/>
      <Periodtargetd null="true"/>
      <Yeartarget>FY11</Yeartarget>
   </PeriodForLcmVORow>
   <PeriodForLcmVORow>
      <Periodkey>2011-06-30</Periodkey>
      <Priorperiodkey>2011-05-31</Priorperiodkey>
      <Perioddesc>Jun-11</Perioddesc>
      <Periodtargetm>Jun</Periodtargetm>
      <Periodtargetq null="true"/>
      <Periodtargety null="true"/>
      <Periodtargetd null="true"/>
      <Yeartarget>FY11</Yeartarget>
   </PeriodForLcmVORow>
   <PeriodForLcmVORow>
      <Periodkey>2011-07-31</Periodkey>
      <Priorperiodkey>2011-06-30</Priorperiodkey>
      <Perioddesc>Jul-11</Perioddesc>
      <Periodtargetm>Jul</Periodtargetm>
      <Periodtargetq null="true"/>
      <Periodtargety null="true"/>
      <Periodtargetd null="true"/>
      <Yeartarget>FY11</Yeartarget>
   </PeriodForLcmVORow>
   <PeriodForLcmVORow>
      <Periodkey>2011-08-31</Periodkey>
      <Priorperiodkey>2011-07-31</Priorperiodkey>
      <Perioddesc>Aug-11</Perioddesc>
      <Periodtargetm>Aug</Periodtargetm>
      <Periodtargetq null="true"/>
      <Periodtargety null="true"/>
      <Periodtargetd null="true"/>
      <Yeartarget>FY11</Yeartarget>
   </PeriodForLcmVORow>
   <PeriodForLcmVORow>
      <Periodkey>2011-09-30</Periodkey>
      <Priorperiodkey>2011-08-31</Priorperiodkey>
      <Perioddesc>Sep-11</Perioddesc>
      <Periodtargetm>Sep</Periodtargetm>
      <Periodtargetq null="true"/>
      <Periodtargety null="true"/>
      <Periodtargetd null="true"/>
      <Yeartarget>FY11</Yeartarget>
   </PeriodForLcmVORow>
   <PeriodForLcmVORow>
      <Periodkey>2011-10-31</Periodkey>
      <Priorperiodkey>2011-09-30</Priorperiodkey>
      <Perioddesc>Oct-11</Perioddesc>
      <Periodtargetm>Oct</Periodtargetm>
      <Periodtargetq null="true"/>
      <Periodtargety null="true"/>
      <Periodtargetd null="true"/>
      <Yeartarget>FY11</Yeartarget>
   </PeriodForLcmVORow>
   <PeriodForLcmVORow>
      <Periodkey>2011-11-30</Periodkey>
      <Priorperiodkey>2011-10-31</Priorperiodkey>
      <Perioddesc>Nov-11</Perioddesc>
      <Periodtargetm>Nov</Periodtargetm>
      <Periodtargetq null="true"/>
      <Periodtargety null="true"/>
      <Periodtargetd null="true"/>
      <Yeartarget>FY11</Yeartarget>
   </PeriodForLcmVORow>
   <PeriodForLcmVORow>
      <Periodkey>2011-12-31</Periodkey>
      <Priorperiodkey>2011-11-30</Priorperiodkey>
      <Perioddesc>Dec-11</Perioddesc>
      <Periodtargetm>Dec</Periodtargetm>
      <Periodtargetq null="true"/>
      <Periodtargety null="true"/>
      <Periodtargetd null="true"/>
      <Yeartarget>FY11</Yeartarget>
   </PeriodForLcmVORow>
   <PeriodForLcmVORow>
      <Periodkey>2012-01-31</Periodkey>
      <Priorperiodkey>2011-12-31</Priorperiodkey>
      <Perioddesc>Jan-12</Perioddesc>
      <Periodtargetm>Jan</Periodtargetm>
      <Periodtargetq null="true"/>
      <Periodtargety null="true"/>
      <Periodtargetd null="true"/>
      <Yeartarget>FY12</Yeartarget>
   </PeriodForLcmVORow>
   <PeriodForLcmVORow>
      <Periodkey>2012-02-29</Periodkey>
      <Priorperiodkey>2012-01-31</Priorperiodkey>
      <Perioddesc>Feb-12</Perioddesc>
      <Periodtargetm>Feb</Periodtargetm>
      <Periodtargetq null="true"/>
      <Periodtargety null="true"/>
      <Periodtargetd null="true"/>
      <Yeartarget>FY12</Yeartarget>
   </PeriodForLcmVORow>
   <PeriodForLcmVORow>
      <Periodkey>2012-03-31</Periodkey>
      <Priorperiodkey>2012-02-29</Priorperiodkey>
      <Perioddesc>Mar-12</Perioddesc>
      <Periodtargetm>Mar</Periodtargetm>
      <Periodtargetq null="true"/>
      <Periodtargety null="true"/>
      <Periodtargetd null="true"/>
      <Yeartarget>FY12</Yeartarget>
   </PeriodForLcmVORow>
   <PeriodForLcmVORow>
      <Periodkey>2012-04-30</Periodkey>
      <Priorperiodkey>2012-03-31</Priorperiodkey>
      <Perioddesc>Apr-12</Perioddesc>
      <Periodtargetm>Apr</Periodtargetm>
      <Periodtargetq null="true"/>
      <Periodtargety null="true"/>
      <Periodtargetd null="true"/>
      <Yeartarget>FY12</Yeartarget>
   </PeriodForLcmVORow>
   <PeriodForLcmVORow>
      <Periodkey>2012-05-31</Periodkey>
      <Priorperiodkey>2012-04-30</Priorperiodkey>
      <Perioddesc>May-12</Perioddesc>
      <Periodtargetm>May</Periodtargetm>
      <Periodtargetq null="true"/>
      <Periodtargety null="true"/>
      <Periodtargetd null="true"/>
      <Yeartarget>FY12</Yeartarget>
   </PeriodForLcmVORow>
   <PeriodForLcmVORow>
      <Periodkey>2012-06-30</Periodkey>
      <Priorperiodkey>2012-05-31</Priorperiodkey>
      <Perioddesc>Jun-12</Perioddesc>
      <Periodtargetm>Jun</Periodtargetm>
      <Periodtargetq null="true"/>
      <Periodtargety null="true"/>
      <Periodtargetd null="true"/>
      <Yeartarget>FY12</Yeartarget>
   </PeriodForLcmVORow>
   <PeriodForLcmVORow>
      <Periodkey>2012-07-31</Periodkey>
      <Priorperiodkey>2012-06-30</Priorperiodkey>
      <Perioddesc>Jul-12</Perioddesc>
      <Periodtargetm>Jul</Periodtargetm>
      <Periodtargetq null="true"/>
      <Periodtargety null="true"/>
      <Periodtargetd null="true"/>
      <Yeartarget>FY12</Yeartarget>
   </PeriodForLcmVORow>
   <PeriodForLcmVORow>
      <Periodkey>2012-08-31</Periodkey>
      <Priorperiodkey>2012-07-31</Priorperiodkey>
      <Perioddesc>Aug-12</Perioddesc>
      <Periodtargetm>Aug</Periodtargetm>
      <Periodtargetq null="true"/>
      <Periodtargety null="true"/>
      <Periodtargetd null="true"/>
      <Yeartarget>FY12</Yeartarget>
   </PeriodForLcmVORow>
   <PeriodForLcmVORow>
      <Periodkey>2012-09-30</Periodkey>
      <Priorperiodkey>2012-08-31</Priorperiodkey>
      <Perioddesc>Sep-12</Perioddesc>
      <Periodtargetm>Sep</Periodtargetm>
      <Periodtargetq null="true"/>
      <Periodtargety null="true"/>
      <Periodtargetd null="true"/>
      <Yeartarget>FY12</Yeartarget>
   </PeriodForLcmVORow>
   <PeriodForLcmVORow>
      <Periodkey>2012-10-31</Periodkey>
      <Priorperiodkey>2012-09-30</Priorperiodkey>
      <Perioddesc>Oct-12</Perioddesc>
      <Periodtargetm>Oct</Periodtargetm>
      <Periodtargetq null="true"/>
      <Periodtargety null="true"/>
      <Periodtargetd null="true"/>
      <Yeartarget>FY12</Yeartarget>
   </PeriodForLcmVORow>
   <PeriodForLcmVORow>
      <Periodkey>2012-11-30</Periodkey>
      <Priorperiodkey>2012-10-31</Priorperiodkey>
      <Perioddesc>Nov-12</Perioddesc>
      <Periodtargetm>Nov</Periodtargetm>
      <Periodtargetq null="true"/>
      <Periodtargety null="true"/>
      <Periodtargetd null="true"/>
      <Yeartarget>FY12</Yeartarget>
   </PeriodForLcmVORow>
   <PeriodForLcmVORow>
      <Periodkey>2012-12-31</Periodkey>
      <Priorperiodkey>2012-11-30</Priorperiodkey>
      <Perioddesc>Dec-12</Perioddesc>
      <Periodtargetm>Dec</Periodtargetm>
      <Periodtargetq null="true"/>
      <Periodtargety null="true"/>
      <Periodtargetd null="true"/>
      <Yeartarget>FY12</Yeartarget>
   </PeriodForLcmVORow>
   <PeriodForLcmVORow>
      <Periodkey>2013-01-31</Periodkey>
      <Priorperiodkey>2012-12-31</Priorperiodkey>
      <Perioddesc>Jan-13</Perioddesc>
      <Periodtargetm>Jan</Periodtargetm>
      <Periodtargetq null="true"/>
      <Periodtargety null="true"/>
      <Periodtargetd null="true"/>
      <Yeartarget>FY13</Yeartarget>
   </PeriodForLcmVORow>
   <PeriodForLcmVORow>
      <Periodkey>2013-02-28</Periodkey>
      <Priorperiodkey>2013-01-31</Priorperiodkey>
      <Perioddesc>Feb-13</Perioddesc>
      <Periodtargetm>Feb</Periodtargetm>
      <Periodtargetq null="true"/>
      <Periodtargety null="true"/>
      <Periodtargetd null="true"/>
      <Yeartarget>FY13</Yeartarget>
   </PeriodForLcmVORow>
   <PeriodForLcmVORow>
      <Periodkey>2013-03-31</Periodkey>
      <Priorperiodkey>2013-02-28</Priorperiodkey>
      <Perioddesc>Mar-13</Perioddesc>
      <Periodtargetm>Mar</Periodtargetm>
      <Periodtargetq null="true"/>
      <Periodtargety null="true"/>
      <Periodtargetd null="true"/>
      <Yeartarget>FY13</Yeartarget>
   </PeriodForLcmVORow>
   <PeriodForLcmVORow>
      <Periodkey>2013-04-30</Periodkey>
      <Priorperiodkey>2013-03-31</Priorperiodkey>
      <Perioddesc>Apr-13</Perioddesc>
      <Periodtargetm>Apr</Periodtargetm>
      <Periodtargetq null="true"/>
      <Periodtargety null="true"/>
      <Periodtargetd null="true"/>
      <Yeartarget>FY13</Yeartarget>
   </PeriodForLcmVORow>
   <PeriodForLcmVORow>
      <Periodkey>2013-05-31</Periodkey>
      <Priorperiodkey>2013-04-30</Priorperiodkey>
      <Perioddesc>May-13</Perioddesc>
      <Periodtargetm>May</Periodtargetm>
      <Periodtargetq null="true"/>
      <Periodtargety null="true"/>
      <Periodtargetd null="true"/>
      <Yeartarget>FY13</Yeartarget>
   </PeriodForLcmVORow>
   <PeriodForLcmVORow>
      <Periodkey>2013-06-30</Periodkey>
      <Priorperiodkey>2013-05-31</Priorperiodkey>
      <Perioddesc>Jun-13</Perioddesc>
      <Periodtargetm>Jun</Periodtargetm>
      <Periodtargetq null="true"/>
      <Periodtargety null="true"/>
      <Periodtargetd null="true"/>
      <Yeartarget>FY13</Yeartarget>
   </PeriodForLcmVORow>
   <PeriodForLcmVORow>
      <Periodkey>2013-07-31</Periodkey>
      <Priorperiodkey>2013-06-30</Priorperiodkey>
      <Perioddesc>Jul-13</Perioddesc>
      <Periodtargetm>Jul</Periodtargetm>
      <Periodtargetq null="true"/>
      <Periodtargety null="true"/>
      <Periodtargetd null="true"/>
      <Yeartarget>FY13</Yeartarget>
   </PeriodForLcmVORow>
   <PeriodForLcmVORow>
      <Periodkey>2013-08-31</Periodkey>
      <Priorperiodkey>2013-07-31</Priorperiodkey>
      <Perioddesc>Aug-13</Perioddesc>
      <Periodtargetm>Aug</Periodtargetm>
      <Periodtargetq null="true"/>
      <Periodtargety null="true"/>
      <Periodtargetd null="true"/>
      <Yeartarget>FY13</Yeartarget>
   </PeriodForLcmVORow>
   <PeriodForLcmVORow>
      <Periodkey>2013-09-30</Periodkey>
      <Priorperiodkey>2013-08-31</Priorperiodkey>
      <Perioddesc>Sep-13</Perioddesc>
      <Periodtargetm>Sep</Periodtargetm>
      <Periodtargetq null="true"/>
      <Periodtargety null="true"/>
      <Periodtargetd null="true"/>
      <Yeartarget>FY13</Yeartarget>
   </PeriodForLcmVORow>
   <PeriodForLcmVORow>
      <Periodkey>2013-10-31</Periodkey>
      <Priorperiodkey>2013-09-30</Priorperiodkey>
      <Perioddesc>Oct-13</Perioddesc>
      <Periodtargetm>Oct</Periodtargetm>
      <Periodtargetq null="true"/>
      <Periodtargety null="true"/>
      <Periodtargetd null="true"/>
      <Yeartarget>FY13</Yeartarget>
   </PeriodForLcmVORow>
   <PeriodForLcmVORow>
      <Periodkey>2013-11-30</Periodkey>
      <Priorperiodkey>2013-10-31</Priorperiodkey>
      <Perioddesc>Nov-13</Perioddesc>
      <Periodtargetm>Nov</Periodtargetm>
      <Periodtargetq null="true"/>
      <Periodtargety null="true"/>
      <Periodtargetd null="true"/>
      <Yeartarget>FY13</Yeartarget>
   </PeriodForLcmVORow>
   <PeriodForLcmVORow>
      <Periodkey>2013-12-31</Periodkey>
      <Priorperiodkey>2013-11-30</Priorperiodkey>
      <Perioddesc>Dec-13</Perioddesc>
      <Periodtargetm>Dec</Periodtargetm>
      <Periodtargetq null="true"/>
      <Periodtargety null="true"/>
      <Periodtargetd null="true"/>
      <Yeartarget>FY13</Yeartarget>
   </PeriodForLcmVORow>
   <PeriodForLcmVORow>
      <Periodkey>2014-01-31</Periodkey>
      <Priorperiodkey>2013-12-31</Priorperiodkey>
      <Perioddesc>Jan-14</Perioddesc>
      <Periodtargetm>Jan</Periodtargetm>
      <Periodtargetq null="true"/>
      <Periodtargety null="true"/>
      <Periodtargetd null="true"/>
      <Yeartarget>FY14</Yeartarget>
   </PeriodForLcmVORow>
   <PeriodForLcmVORow>
      <Periodkey>2014-02-28</Periodkey>
      <Priorperiodkey>2014-01-31</Priorperiodkey>
      <Perioddesc>Feb-14</Perioddesc>
      <Periodtargetm>Feb</Periodtargetm>
      <Periodtargetq null="true"/>
      <Periodtargety null="true"/>
      <Periodtargetd null="true"/>
      <Yeartarget>FY14</Yeartarget>
   </PeriodForLcmVORow>
   <PeriodForLcmVORow>
      <Periodkey>2014-03-31</Periodkey>
      <Priorperiodkey>2014-02-28</Priorperiodkey>
      <Perioddesc>Mar-14</Perioddesc>
      <Periodtargetm>Mar</Periodtargetm>
      <Periodtargetq null="true"/>
      <Periodtargety null="true"/>
      <Periodtargetd null="true"/>
      <Yeartarget>FY14</Yeartarget>
   </PeriodForLcmVORow>
   <PeriodForLcmVORow>
      <Periodkey>2014-04-30</Periodkey>
      <Priorperiodkey>2014-03-31</Priorperiodkey>
      <Perioddesc>Apr-14</Perioddesc>
      <Periodtargetm>Apr</Periodtargetm>
      <Periodtargetq null="true"/>
      <Periodtargety null="true"/>
      <Periodtargetd null="true"/>
      <Yeartarget>FY14</Yeartarget>
   </PeriodForLcmVORow>
   <PeriodForLcmVORow>
      <Periodkey>2014-05-31</Periodkey>
      <Priorperiodkey>2014-04-30</Priorperiodkey>
      <Perioddesc>May-14</Perioddesc>
      <Periodtargetm>May</Periodtargetm>
      <Periodtargetq null="true"/>
      <Periodtargety null="true"/>
      <Periodtargetd null="true"/>
      <Yeartarget>FY14</Yeartarget>
   </PeriodForLcmVORow>
   <PeriodForLcmVORow>
      <Periodkey>2014-06-30</Periodkey>
      <Priorperiodkey>2014-05-31</Priorperiodkey>
      <Perioddesc>Jun-14</Perioddesc>
      <Periodtargetm>Jun</Periodtargetm>
      <Periodtargetq null="true"/>
      <Periodtargety null="true"/>
      <Periodtargetd null="true"/>
      <Yeartarget>FY14</Yeartarget>
   </PeriodForLcmVORow>
   <PeriodForLcmVORow>
      <Periodkey>2014-07-31</Periodkey>
      <Priorperiodkey>2014-06-30</Priorperiodkey>
      <Perioddesc>Jul-14</Perioddesc>
      <Periodtargetm>Jul</Periodtargetm>
      <Periodtargetq null="true"/>
      <Periodtargety null="true"/>
      <Periodtargetd null="true"/>
      <Yeartarget>FY14</Yeartarget>
   </PeriodForLcmVORow>
   <PeriodForLcmVORow>
      <Periodkey>2014-08-31</Periodkey>
      <Priorperiodkey>2014-07-31</Priorperiodkey>
      <Perioddesc>Aug-14</Perioddesc>
      <Periodtargetm>Aug</Periodtargetm>
      <Periodtargetq null="true"/>
      <Periodtargety null="true"/>
      <Periodtargetd null="true"/>
      <Yeartarget>FY14</Yeartarget>
   </PeriodForLcmVORow>
   <PeriodForLcmVORow>
      <Periodkey>2014-09-30</Periodkey>
      <Priorperiodkey>2014-08-31</Priorperiodkey>
      <Perioddesc>Sep-14</Perioddesc>
      <Periodtargetm>Sep</Periodtargetm>
      <Periodtargetq null="true"/>
      <Periodtargety null="true"/>
      <Periodtargetd null="true"/>
      <Yeartarget>FY14</Yeartarget>
   </PeriodForLcmVORow>
   <PeriodForLcmVORow>
      <Periodkey>2014-10-31</Periodkey>
      <Priorperiodkey>2014-09-30</Priorperiodkey>
      <Perioddesc>Oct-14</Perioddesc>
      <Periodtargetm>Oct</Periodtargetm>
      <Periodtargetq null="true"/>
      <Periodtargety null="true"/>
      <Periodtargetd null="true"/>
      <Yeartarget>FY14</Yeartarget>
   </PeriodForLcmVORow>
   <PeriodForLcmVORow>
      <Periodkey>2014-11-30</Periodkey>
      <Priorperiodkey>2014-10-31</Priorperiodkey>
      <Perioddesc>Nov-14</Perioddesc>
      <Periodtargetm>Nov</Periodtargetm>
      <Periodtargetq null="true"/>
      <Periodtargety null="true"/>
      <Periodtargetd null="true"/>
      <Yeartarget>FY14</Yeartarget>
   </PeriodForLcmVORow>
   <PeriodForLcmVORow>
      <Periodkey>2014-12-31</Periodkey>
      <Priorperiodkey>2014-11-30</Priorperiodkey>
      <Perioddesc>Dec-14</Perioddesc>
      <Periodtargetm>Dec</Periodtargetm>
      <Periodtargetq null="true"/>
      <Periodtargety null="true"/>
      <Periodtargetd null="true"/>
      <Yeartarget>FY14</Yeartarget>
   </PeriodForLcmVORow>
   <PeriodForLcmVORow>
      <Periodkey>2015-01-31</Periodkey>
      <Priorperiodkey>2014-12-31</Priorperiodkey>
      <Perioddesc>Jan-15</Perioddesc>
      <Periodtargetm>Jan</Periodtargetm>
      <Periodtargetq null="true"/>
      <Periodtargety null="true"/>
      <Periodtargetd null="true"/>
      <Yeartarget>FY15</Yeartarget>
   </PeriodForLcmVORow>
   <PeriodForLcmVORow>
      <Periodkey>2015-02-28</Periodkey>
      <Priorperiodkey>2015-01-31</Priorperiodkey>
      <Perioddesc>Feb-15</Perioddesc>
      <Periodtargetm>Feb</Periodtargetm>
      <Periodtargetq null="true"/>
      <Periodtargety null="true"/>
      <Periodtargetd null="true"/>
      <Yeartarget>FY15</Yeartarget>
   </PeriodForLcmVORow>
   <PeriodForLcmVORow>
      <Periodkey>2015-03-31</Periodkey>
      <Priorperiodkey>2015-02-28</Priorperiodkey>
      <Perioddesc>Mar-15</Perioddesc>
      <Periodtargetm>Mar</Periodtargetm>
      <Periodtargetq null="true"/>
      <Periodtargety null="true"/>
      <Periodtargetd null="true"/>
      <Yeartarget>FY15</Yeartarget>
   </PeriodForLcmVORow>
   <PeriodForLcmVORow>
      <Periodkey>2015-04-30</Periodkey>
      <Priorperiodkey>2015-03-31</Priorperiodkey>
      <Perioddesc>Apr-15</Perioddesc>
      <Periodtargetm>Apr</Periodtargetm>
      <Periodtargetq null="true"/>
      <Periodtargety null="true"/>
      <Periodtargetd null="true"/>
      <Yeartarget>FY15</Yeartarget>
   </PeriodForLcmVORow>
   <PeriodForLcmVORow>
      <Periodkey>2015-05-31</Periodkey>
      <Priorperiodkey>2015-04-30</Priorperiodkey>
      <Perioddesc>May-15</Perioddesc>
      <Periodtargetm>May</Periodtargetm>
      <Periodtargetq null="true"/>
      <Periodtargety null="true"/>
      <Periodtargetd null="true"/>
      <Yeartarget>FY15</Yeartarget>
   </PeriodForLcmVORow>
   <PeriodForLcmVORow>
      <Periodkey>2015-06-30</Periodkey>
      <Priorperiodkey>2015-05-31</Priorperiodkey>
      <Perioddesc>Jun-15</Perioddesc>
      <Periodtargetm>Jun</Periodtargetm>
      <Periodtargetq null="true"/>
      <Periodtargety null="true"/>
      <Periodtargetd null="true"/>
      <Yeartarget>FY15</Yeartarget>
   </PeriodForLcmVORow>
   <PeriodForLcmVORow>
      <Periodkey>2015-07-31</Periodkey>
      <Priorperiodkey>2015-06-30</Priorperiodkey>
      <Perioddesc>Jul-15</Perioddesc>
      <Periodtargetm>Jul</Periodtargetm>
      <Periodtargetq null="true"/>
      <Periodtargety null="true"/>
      <Periodtargetd null="true"/>
      <Yeartarget>FY15</Yeartarget>
   </PeriodForLcmVORow>
   <PeriodForLcmVORow>
      <Periodkey>2015-08-31</Periodkey>
      <Priorperiodkey>2015-07-31</Priorperiodkey>
      <Perioddesc>Aug-15</Perioddesc>
      <Periodtargetm>Aug</Periodtargetm>
      <Periodtargetq null="true"/>
      <Periodtargety null="true"/>
      <Periodtargetd null="true"/>
      <Yeartarget>FY15</Yeartarget>
   </PeriodForLcmVORow>
   <PeriodForLcmVORow>
      <Periodkey>2015-09-30</Periodkey>
      <Priorperiodkey>2015-08-31</Priorperiodkey>
      <Perioddesc>Sep-15</Perioddesc>
      <Periodtargetm>Sep</Periodtargetm>
      <Periodtargetq null="true"/>
      <Periodtargety null="true"/>
      <Periodtargetd null="true"/>
      <Yeartarget>FY15</Yeartarget>
   </PeriodForLcmVORow>
   <PeriodForLcmVORow>
      <Periodkey>2015-10-31</Periodkey>
      <Priorperiodkey>2015-09-30</Priorperiodkey>
      <Perioddesc>Oct-15</Perioddesc>
      <Periodtargetm>Oct</Periodtargetm>
      <Periodtargetq null="true"/>
      <Periodtargety null="true"/>
      <Periodtargetd null="true"/>
      <Yeartarget>FY15</Yeartarget>
   </PeriodForLcmVORow>
   <PeriodForLcmVORow>
      <Periodkey>2015-11-30</Periodkey>
      <Priorperiodkey>2015-10-31</Priorperiodkey>
      <Perioddesc>Nov-15</Perioddesc>
      <Periodtargetm>Nov</Periodtargetm>
      <Periodtargetq null="true"/>
      <Periodtargety null="true"/>
      <Periodtargetd null="true"/>
      <Yeartarget>FY15</Yeartarget>
   </PeriodForLcmVORow>
   <PeriodForLcmVORow>
      <Periodkey>2015-12-31</Periodkey>
      <Priorperiodkey>2015-11-30</Priorperiodkey>
      <Perioddesc>Dec-15</Perioddesc>
      <Periodtargetm>Dec</Periodtargetm>
      <Periodtargetq null="true"/>
      <Periodtargety null="true"/>
      <Periodtargetd null="true"/>
      <Yeartarget>FY15</Yeartarget>
   </PeriodForLcmVORow>
   <PeriodForLcmVORow>
      <Periodkey>2016-01-31</Periodkey>
      <Priorperiodkey>2015-12-31</Priorperiodkey>
      <Perioddesc>Jan-16</Perioddesc>
      <Periodtargetm>Jan</Periodtargetm>
      <Periodtargetq null="true"/>
      <Periodtargety null="true"/>
      <Periodtargetd null="true"/>
      <Yeartarget>FY16</Yeartarget>
   </PeriodForLcmVORow>
   <PeriodForLcmVORow>
      <Periodkey>2016-02-29</Periodkey>
      <Priorperiodkey>2016-01-31</Priorperiodkey>
      <Perioddesc>Feb-16</Perioddesc>
      <Periodtargetm>Feb</Periodtargetm>
      <Periodtargetq null="true"/>
      <Periodtargety null="true"/>
      <Periodtargetd null="true"/>
      <Yeartarget>FY16</Yeartarget>
   </PeriodForLcmVORow>
   <PeriodForLcmVORow>
      <Periodkey>2016-03-31</Periodkey>
      <Priorperiodkey>2016-02-29</Priorperiodkey>
      <Perioddesc>Mar-16</Perioddesc>
      <Periodtargetm>Mar</Periodtargetm>
      <Periodtargetq null="true"/>
      <Periodtargety null="true"/>
      <Periodtargetd null="true"/>
      <Yeartarget>FY16</Yeartarget>
   </PeriodForLcmVORow>
   <PeriodForLcmVORow>
      <Periodkey>2016-04-30</Periodkey>
      <Priorperiodkey>2016-03-31</Priorperiodkey>
      <Perioddesc>Apr-16</Perioddesc>
      <Periodtargetm>Apr</Periodtargetm>
      <Periodtargetq null="true"/>
      <Periodtargety null="true"/>
      <Periodtargetd null="true"/>
      <Yeartarget>FY16</Yeartarget>
   </PeriodForLcmVORow>
   <PeriodForLcmVORow>
      <Periodkey>2016-05-31</Periodkey>
      <Priorperiodkey>2016-04-30</Priorperiodkey>
      <Perioddesc>May-16</Perioddesc>
      <Periodtargetm>May</Periodtargetm>
      <Periodtargetq null="true"/>
      <Periodtargety null="true"/>
      <Periodtargetd null="true"/>
      <Yeartarget>FY16</Yeartarget>
   </PeriodForLcmVORow>
   <PeriodForLcmVORow>
      <Periodkey>2016-06-30</Periodkey>
      <Priorperiodkey>2016-05-31</Priorperiodkey>
      <Perioddesc>Jun-16</Perioddesc>
      <Periodtargetm>Jun</Periodtargetm>
      <Periodtargetq null="true"/>
      <Periodtargety null="true"/>
      <Periodtargetd null="true"/>
      <Yeartarget>FY16</Yeartarget>
   </PeriodForLcmVORow>
   <PeriodForLcmVORow>
      <Periodkey>2016-07-31</Periodkey>
      <Priorperiodkey>2016-06-30</Priorperiodkey>
      <Perioddesc>Jul-16</Perioddesc>
      <Periodtargetm>Jul</Periodtargetm>
      <Periodtargetq null="true"/>
      <Periodtargety null="true"/>
      <Periodtargetd null="true"/>
      <Yeartarget>FY16</Yeartarget>
   </PeriodForLcmVORow>
   <PeriodForLcmVORow>
      <Periodkey>2016-08-31</Periodkey>
      <Priorperiodkey>2016-07-31</Priorperiodkey>
      <Perioddesc>Aug-16</Perioddesc>
      <Periodtargetm>Aug</Periodtargetm>
      <Periodtargetq null="true"/>
      <Periodtargety null="true"/>
      <Periodtargetd null="true"/>
      <Yeartarget>FY16</Yeartarget>
   </PeriodForLcmVORow>
   <PeriodForLcmVORow>
      <Periodkey>2016-09-30</Periodkey>
      <Priorperiodkey>2016-08-31</Priorperiodkey>
      <Perioddesc>Sep-16</Perioddesc>
      <Periodtargetm>Sep</Periodtargetm>
      <Periodtargetq null="true"/>
      <Periodtargety null="true"/>
      <Periodtargetd null="true"/>
      <Yeartarget>FY16</Yeartarget>
   </PeriodForLcmVORow>
   <PeriodForLcmVORow>
      <Periodkey>2016-10-31</Periodkey>
      <Priorperiodkey>2016-09-30</Priorperiodkey>
      <Perioddesc>Oct-16</Perioddesc>
      <Periodtargetm>Oct</Periodtargetm>
      <Periodtargetq null="true"/>
      <Periodtargety null="true"/>
      <Periodtargetd null="true"/>
      <Yeartarget>FY16</Yeartarget>
   </PeriodForLcmVORow>
   <PeriodForLcmVORow>
      <Periodkey>2016-11-30</Periodkey>
      <Priorperiodkey>2016-10-31</Priorperiodkey>
      <Perioddesc>Nov-16</Perioddesc>
      <Periodtargetm>Nov</Periodtargetm>
      <Periodtargetq null="true"/>
      <Periodtargety null="true"/>
      <Periodtargetd null="true"/>
      <Yeartarget>FY16</Yeartarget>
   </PeriodForLcmVORow>
   <PeriodForLcmVORow>
      <Periodkey>2016-12-31</Periodkey>
      <Priorperiodkey>2016-11-30</Priorperiodkey>
      <Perioddesc>Dec-16</Perioddesc>
      <Periodtargetm>Dec</Periodtargetm>
      <Periodtargetq null="true"/>
      <Periodtargety null="true"/>
      <Periodtargetd null="true"/>
      <Yeartarget>FY16</Yeartarget>
   </PeriodForLcmVORow>
   <PeriodForLcmVORow>
      <Periodkey>2017-01-31</Periodkey>
      <Priorperiodkey>2016-12-31</Priorperiodkey>
      <Perioddesc>Jan-17</Perioddesc>
      <Periodtargetm>Jan</Periodtargetm>
      <Periodtargetq null="true"/>
      <Periodtargety null="true"/>
      <Periodtargetd null="true"/>
      <Yeartarget>FY17</Yeartarget>
   </PeriodForLcmVORow>
   <PeriodForLcmVORow>
      <Periodkey>2017-02-28</Periodkey>
      <Priorperiodkey>2017-01-31</Priorperiodkey>
      <Perioddesc>Feb-17</Perioddesc>
      <Periodtargetm>Feb</Periodtargetm>
      <Periodtargetq null="true"/>
      <Periodtargety null="true"/>
      <Periodtargetd null="true"/>
      <Yeartarget>FY17</Yeartarget>
   </PeriodForLcmVORow>
   <PeriodForLcmVORow>
      <Periodkey>2017-03-31</Periodkey>
      <Priorperiodkey>2017-02-28</Priorperiodkey>
      <Perioddesc>Mar-17</Perioddesc>
      <Periodtargetm>Mar</Periodtargetm>
      <Periodtargetq null="true"/>
      <Periodtargety null="true"/>
      <Periodtargetd null="true"/>
      <Yeartarget>FY17</Yeartarget>
   </PeriodForLcmVORow>
   <PeriodForLcmVORow>
      <Periodkey>2017-04-30</Periodkey>
      <Priorperiodkey>2017-03-31</Priorperiodkey>
      <Perioddesc>Apr-17</Perioddesc>
      <Periodtargetm>Apr</Periodtargetm>
      <Periodtargetq null="true"/>
      <Periodtargety null="true"/>
      <Periodtargetd null="true"/>
      <Yeartarget>FY17</Yeartarget>
   </PeriodForLcmVORow>
   <PeriodForLcmVORow>
      <Periodkey>2017-05-31</Periodkey>
      <Priorperiodkey>2017-04-30</Priorperiodkey>
      <Perioddesc>May-17</Perioddesc>
      <Periodtargetm>May</Periodtargetm>
      <Periodtargetq null="true"/>
      <Periodtargety null="true"/>
      <Periodtargetd null="true"/>
      <Yeartarget>FY17</Yeartarget>
   </PeriodForLcmVORow>
   <PeriodForLcmVORow>
      <Periodkey>2017-06-30</Periodkey>
      <Priorperiodkey>2017-05-31</Priorperiodkey>
      <Perioddesc>Jun-17</Perioddesc>
      <Periodtargetm>Jun</Periodtargetm>
      <Periodtargetq null="true"/>
      <Periodtargety null="true"/>
      <Periodtargetd null="true"/>
      <Yeartarget>FY17</Yeartarget>
   </PeriodForLcmVORow>
   <PeriodForLcmVORow>
      <Periodkey>2017-07-31</Periodkey>
      <Priorperiodkey>2017-06-30</Priorperiodkey>
      <Perioddesc>Jul-17</Perioddesc>
      <Periodtargetm>Jul</Periodtargetm>
      <Periodtargetq null="true"/>
      <Periodtargety null="true"/>
      <Periodtargetd null="true"/>
      <Yeartarget>FY17</Yeartarget>
   </PeriodForLcmVORow>
   <PeriodForLcmVORow>
      <Periodkey>2017-08-31</Periodkey>
      <Priorperiodkey>2017-07-31</Priorperiodkey>
      <Perioddesc>Aug-17</Perioddesc>
      <Periodtargetm>Aug</Periodtargetm>
      <Periodtargetq null="true"/>
      <Periodtargety null="true"/>
      <Periodtargetd null="true"/>
      <Yeartarget>FY17</Yeartarget>
   </PeriodForLcmVORow>
   <PeriodForLcmVORow>
      <Periodkey>2017-09-30</Periodkey>
      <Priorperiodkey>2017-08-31</Priorperiodkey>
      <Perioddesc>Sep-17</Perioddesc>
      <Periodtargetm>Sep</Periodtargetm>
      <Periodtargetq null="true"/>
      <Periodtargety null="true"/>
      <Periodtargetd null="true"/>
      <Yeartarget>FY17</Yeartarget>
   </PeriodForLcmVORow>
   <PeriodForLcmVORow>
      <Periodkey>2017-10-31</Periodkey>
      <Priorperiodkey>2017-09-30</Priorperiodkey>
      <Perioddesc>Oct-17</Perioddesc>
      <Periodtargetm>Oct</Periodtargetm>
      <Periodtargetq null="true"/>
      <Periodtargety null="true"/>
      <Periodtargetd null="true"/>
      <Yeartarget>FY17</Yeartarget>
   </PeriodForLcmVORow>
   <PeriodForLcmVORow>
      <Periodkey>2017-11-30</Periodkey>
      <Priorperiodkey>2017-10-31</Priorperiodkey>
      <Perioddesc>Nov-17</Perioddesc>
      <Periodtargetm>Nov</Periodtargetm>
      <Periodtargetq null="true"/>
      <Periodtargety null="true"/>
      <Periodtargetd null="true"/>
      <Yeartarget>FY17</Yeartarget>
   </PeriodForLcmVORow>
   <PeriodForLcmVORow>
      <Periodkey>2017-12-31</Periodkey>
      <Priorperiodkey>2017-11-30</Priorperiodkey>
      <Perioddesc>Dec-17</Perioddesc>
      <Periodtargetm>Dec</Periodtargetm>
      <Periodtargetq null="true"/>
      <Periodtargety null="true"/>
      <Periodtargetd null="true"/>
      <Yeartarget>FY17</Yeartarget>
   </PeriodForLcmVORow>
   <PeriodForLcmVORow>
      <Periodkey>2018-01-31</Periodkey>
      <Priorperiodkey>2017-12-31</Priorperiodkey>
      <Perioddesc>Jan-18</Perioddesc>
      <Periodtargetm>Jan</Periodtargetm>
      <Periodtargetq null="true"/>
      <Periodtargety null="true"/>
      <Periodtargetd null="true"/>
      <Yeartarget>FY18</Yeartarget>
   </PeriodForLcmVORow>
   <PeriodForLcmVORow>
      <Periodkey>2018-02-28</Periodkey>
      <Priorperiodkey>2018-01-31</Priorperiodkey>
      <Perioddesc>Feb-18</Perioddesc>
      <Periodtargetm>Feb</Periodtargetm>
      <Periodtargetq null="true"/>
      <Periodtargety null="true"/>
      <Periodtargetd null="true"/>
      <Yeartarget>FY18</Yeartarget>
   </PeriodForLcmVORow>
   <PeriodForLcmVORow>
      <Periodkey>2018-03-31</Periodkey>
      <Priorperiodkey>2018-02-28</Priorperiodkey>
      <Perioddesc>Mar-18</Perioddesc>
      <Periodtargetm>Mar</Periodtargetm>
      <Periodtargetq null="true"/>
      <Periodtargety null="true"/>
      <Periodtargetd null="true"/>
      <Yeartarget>FY18</Yeartarget>
   </PeriodForLcmVORow>
   <PeriodForLcmVORow>
      <Periodkey>2018-04-30</Periodkey>
      <Priorperiodkey>2018-03-31</Priorperiodkey>
      <Perioddesc>Apr-18</Perioddesc>
      <Periodtargetm>Apr</Periodtargetm>
      <Periodtargetq null="true"/>
      <Periodtargety null="true"/>
      <Periodtargetd null="true"/>
      <Yeartarget>FY18</Yeartarget>
   </PeriodForLcmVORow>
   <PeriodForLcmVORow>
      <Periodkey>2018-05-31</Periodkey>
      <Priorperiodkey>2018-04-30</Priorperiodkey>
      <Perioddesc>May-18</Perioddesc>
      <Periodtargetm>May</Periodtargetm>
      <Periodtargetq null="true"/>
      <Periodtargety null="true"/>
      <Periodtargetd null="true"/>
      <Yeartarget>FY18</Yeartarget>
   </PeriodForLcmVORow>
   <PeriodForLcmVORow>
      <Periodkey>2018-06-30</Periodkey>
      <Priorperiodkey>2018-05-31</Priorperiodkey>
      <Perioddesc>Jun-18</Perioddesc>
      <Periodtargetm>Jun</Periodtargetm>
      <Periodtargetq null="true"/>
      <Periodtargety null="true"/>
      <Periodtargetd null="true"/>
      <Yeartarget>FY18</Yeartarget>
   </PeriodForLcmVORow>
   <PeriodForLcmVORow>
      <Periodkey>2018-07-31</Periodkey>
      <Priorperiodkey>2018-06-30</Priorperiodkey>
      <Perioddesc>Jul-18</Perioddesc>
      <Periodtargetm>Jul</Periodtargetm>
      <Periodtargetq null="true"/>
      <Periodtargety null="true"/>
      <Periodtargetd null="true"/>
      <Yeartarget>FY18</Yeartarget>
   </PeriodForLcmVORow>
   <PeriodForLcmVORow>
      <Periodkey>2018-08-31</Periodkey>
      <Priorperiodkey>2018-07-31</Priorperiodkey>
      <Perioddesc>Aug-18</Perioddesc>
      <Periodtargetm>Aug</Periodtargetm>
      <Periodtargetq null="true"/>
      <Periodtargety null="true"/>
      <Periodtargetd null="true"/>
      <Yeartarget>FY18</Yeartarget>
   </PeriodForLcmVORow>
   <PeriodForLcmVORow>
      <Periodkey>2018-09-30</Periodkey>
      <Priorperiodkey>2018-08-31</Priorperiodkey>
      <Perioddesc>Sep-18</Perioddesc>
      <Periodtargetm>Sep</Periodtargetm>
      <Periodtargetq null="true"/>
      <Periodtargety null="true"/>
      <Periodtargetd null="true"/>
      <Yeartarget>FY18</Yeartarget>
   </PeriodForLcmVORow>
   <PeriodForLcmVORow>
      <Periodkey>2018-10-31</Periodkey>
      <Priorperiodkey>2018-09-30</Priorperiodkey>
      <Perioddesc>Oct-18</Perioddesc>
      <Periodtargetm>Oct</Periodtargetm>
      <Periodtargetq null="true"/>
      <Periodtargety null="true"/>
      <Periodtargetd null="true"/>
      <Yeartarget>FY18</Yeartarget>
   </PeriodForLcmVORow>
   <PeriodForLcmVORow>
      <Periodkey>2018-11-30</Periodkey>
      <Priorperiodkey>2018-10-31</Priorperiodkey>
      <Perioddesc>Nov-18</Perioddesc>
      <Periodtargetm>Nov</Periodtargetm>
      <Periodtargetq null="true"/>
      <Periodtargety null="true"/>
      <Periodtargetd null="true"/>
      <Yeartarget>FY18</Yeartarget>
   </PeriodForLcmVORow>
   <PeriodForLcmVORow>
      <Periodkey>2018-12-31</Periodkey>
      <Priorperiodkey>2018-11-30</Priorperiodkey>
      <Perioddesc>Dec-18</Perioddesc>
      <Periodtargetm>Dec</Periodtargetm>
      <Periodtargetq null="true"/>
      <Periodtargety null="true"/>
      <Periodtargetd null="true"/>
      <Yeartarget>FY18</Yeartarget>
   </PeriodForLcmVORow>
   <PeriodForLcmVORow>
      <Periodkey>2019-01-31</Periodkey>
      <Priorperiodkey>2018-12-31</Priorperiodkey>
      <Perioddesc>Jan-19</Perioddesc>
      <Periodtargetm>Jan</Periodtargetm>
      <Periodtargetq null="true"/>
      <Periodtargety null="true"/>
      <Periodtargetd null="true"/>
      <Yeartarget>FY19</Yeartarget>
   </PeriodForLcmVORow>
   <PeriodForLcmVORow>
      <Periodkey>2019-02-28</Periodkey>
      <Priorperiodkey>2019-01-31</Priorperiodkey>
      <Perioddesc>Feb-19</Perioddesc>
      <Periodtargetm>Feb</Periodtargetm>
      <Periodtargetq null="true"/>
      <Periodtargety null="true"/>
      <Periodtargetd null="true"/>
      <Yeartarget>FY19</Yeartarget>
   </PeriodForLcmVORow>
   <PeriodForLcmVORow>
      <Periodkey>2019-03-31</Periodkey>
      <Priorperiodkey>2019-02-28</Priorperiodkey>
      <Perioddesc>Mar-19</Perioddesc>
      <Periodtargetm>Mar</Periodtargetm>
      <Periodtargetq null="true"/>
      <Periodtargety null="true"/>
      <Periodtargetd null="true"/>
      <Yeartarget>FY19</Yeartarget>
   </PeriodForLcmVORow>
   <PeriodForLcmVORow>
      <Periodkey>2019-04-30</Periodkey>
      <Priorperiodkey>2019-03-31</Priorperiodkey>
      <Perioddesc>Apr-19</Perioddesc>
      <Periodtargetm>Apr</Periodtargetm>
      <Periodtargetq null="true"/>
      <Periodtargety null="true"/>
      <Periodtargetd null="true"/>
      <Yeartarget>FY19</Yeartarget>
   </PeriodForLcmVORow>
   <PeriodForLcmVORow>
      <Periodkey>2019-05-31</Periodkey>
      <Priorperiodkey>2019-04-30</Priorperiodkey>
      <Perioddesc>May-19</Perioddesc>
      <Periodtargetm>May</Periodtargetm>
      <Periodtargetq null="true"/>
      <Periodtargety null="true"/>
      <Periodtargetd null="true"/>
      <Yeartarget>FY19</Yeartarget>
   </PeriodForLcmVORow>
   <PeriodForLcmVORow>
      <Periodkey>2019-06-30</Periodkey>
      <Priorperiodkey>2019-05-31</Priorperiodkey>
      <Perioddesc>Jun-19</Perioddesc>
      <Periodtargetm>Jun</Periodtargetm>
      <Periodtargetq null="true"/>
      <Periodtargety null="true"/>
      <Periodtargetd null="true"/>
      <Yeartarget>FY19</Yeartarget>
   </PeriodForLcmVORow>
   <PeriodForLcmVORow>
      <Periodkey>2019-07-31</Periodkey>
      <Priorperiodkey>2019-06-30</Priorperiodkey>
      <Perioddesc>Jul-19</Perioddesc>
      <Periodtargetm>Jul</Periodtargetm>
      <Periodtargetq null="true"/>
      <Periodtargety null="true"/>
      <Periodtargetd null="true"/>
      <Yeartarget>FY19</Yeartarget>
   </PeriodForLcmVORow>
   <PeriodForLcmVORow>
      <Periodkey>2019-08-31</Periodkey>
      <Priorperiodkey>2019-07-31</Priorperiodkey>
      <Perioddesc>Aug-19</Perioddesc>
      <Periodtargetm>Aug</Periodtargetm>
      <Periodtargetq null="true"/>
      <Periodtargety null="true"/>
      <Periodtargetd null="true"/>
      <Yeartarget>FY19</Yeartarget>
   </PeriodForLcmVORow>
   <PeriodForLcmVORow>
      <Periodkey>2019-09-30</Periodkey>
      <Priorperiodkey>2019-08-31</Priorperiodkey>
      <Perioddesc>Sep-19</Perioddesc>
      <Periodtargetm>Sep</Periodtargetm>
      <Periodtargetq null="true"/>
      <Periodtargety null="true"/>
      <Periodtargetd null="true"/>
      <Yeartarget>FY19</Yeartarget>
   </PeriodForLcmVORow>
   <PeriodForLcmVORow>
      <Periodkey>2019-10-31</Periodkey>
      <Priorperiodkey>2019-09-30</Priorperiodkey>
      <Perioddesc>Oct-19</Perioddesc>
      <Periodtargetm>Oct</Periodtargetm>
      <Periodtargetq null="true"/>
      <Periodtargety null="true"/>
      <Periodtargetd null="true"/>
      <Yeartarget>FY19</Yeartarget>
   </PeriodForLcmVORow>
   <PeriodForLcmVORow>
      <Periodkey>2019-11-30</Periodkey>
      <Priorperiodkey>2019-10-31</Priorperiodkey>
      <Perioddesc>Nov-19</Perioddesc>
      <Periodtargetm>Nov</Periodtargetm>
      <Periodtargetq null="true"/>
      <Periodtargety null="true"/>
      <Periodtargetd null="true"/>
      <Yeartarget>FY19</Yeartarget>
   </PeriodForLcmVORow>
   <PeriodForLcmVORow>
      <Periodkey>2019-12-31</Periodkey>
      <Priorperiodkey>2019-11-30</Priorperiodkey>
      <Perioddesc>Dec-19</Perioddesc>
      <Periodtargetm>Dec</Periodtargetm>
      <Periodtargetq null="true"/>
      <Periodtargety null="true"/>
      <Periodtargetd null="true"/>
      <Yeartarget>FY19</Yeartarget>
   </PeriodForLcmVORow>
   <PeriodForLcmVORow>
      <Periodkey>2020-01-31</Periodkey>
      <Priorperiodkey>2019-12-31</Priorperiodkey>
      <Perioddesc>Jan-20</Perioddesc>
      <Periodtargetm>Jan</Periodtargetm>
      <Periodtargetq null="true"/>
      <Periodtargety null="true"/>
      <Periodtargetd null="true"/>
      <Yeartarget>FY20</Yeartarget>
   </PeriodForLcmVORow>
   <PeriodForLcmVORow>
      <Periodkey>2020-02-29</Periodkey>
      <Priorperiodkey>2020-01-31</Priorperiodkey>
      <Perioddesc>Feb-20</Perioddesc>
      <Periodtargetm>Feb</Periodtargetm>
      <Periodtargetq null="true"/>
      <Periodtargety null="true"/>
      <Periodtargetd null="true"/>
      <Yeartarget>FY20</Yeartarget>
   </PeriodForLcmVORow>
   <PeriodForLcmVORow>
      <Periodkey>2020-03-31</Periodkey>
      <Priorperiodkey>2020-02-29</Priorperiodkey>
      <Perioddesc>Mar-20</Perioddesc>
      <Periodtargetm>Mar</Periodtargetm>
      <Periodtargetq null="true"/>
      <Periodtargety null="true"/>
      <Periodtargetd null="true"/>
      <Yeartarget>FY20</Yeartarget>
   </PeriodForLcmVORow>
   <PeriodForLcmVORow>
      <Periodkey>2020-04-30</Periodkey>
      <Priorperiodkey>2020-03-31</Priorperiodkey>
      <Perioddesc>Apr-20</Perioddesc>
      <Periodtargetm>Apr</Periodtargetm>
      <Periodtargetq null="true"/>
      <Periodtargety null="true"/>
      <Periodtargetd null="true"/>
      <Yeartarget>FY20</Yeartarget>
   </PeriodForLcmVORow>
   <PeriodForLcmVORow>
      <Periodkey>2020-05-31</Periodkey>
      <Priorperiodkey>2020-04-30</Priorperiodkey>
      <Perioddesc>May-20</Perioddesc>
      <Periodtargetm>May</Periodtargetm>
      <Periodtargetq null="true"/>
      <Periodtargety null="true"/>
      <Periodtargetd null="true"/>
      <Yeartarget>FY20</Yeartarget>
   </PeriodForLcmVORow>
   <PeriodForLcmVORow>
      <Periodkey>2020-06-30</Periodkey>
      <Priorperiodkey>2020-05-31</Priorperiodkey>
      <Perioddesc>Jun-20</Perioddesc>
      <Periodtargetm>Jun</Periodtargetm>
      <Periodtargetq null="true"/>
      <Periodtargety null="true"/>
      <Periodtargetd null="true"/>
      <Yeartarget>FY20</Yeartarget>
   </PeriodForLcmVORow>
   <PeriodForLcmVORow>
      <Periodkey>2020-07-31</Periodkey>
      <Priorperiodkey>2020-06-30</Priorperiodkey>
      <Perioddesc>Jul-20</Perioddesc>
      <Periodtargetm>Jul</Periodtargetm>
      <Periodtargetq null="true"/>
      <Periodtargety null="true"/>
      <Periodtargetd null="true"/>
      <Yeartarget>FY20</Yeartarget>
   </PeriodForLcmVORow>
   <PeriodForLcmVORow>
      <Periodkey>2020-08-31</Periodkey>
      <Priorperiodkey>2020-07-31</Priorperiodkey>
      <Perioddesc>Aug-20</Perioddesc>
      <Periodtargetm>Aug</Periodtargetm>
      <Periodtargetq null="true"/>
      <Periodtargety null="true"/>
      <Periodtargetd null="true"/>
      <Yeartarget>FY20</Yeartarget>
   </PeriodForLcmVORow>
   <PeriodForLcmVORow>
      <Periodkey>2020-09-30</Periodkey>
      <Priorperiodkey>2020-08-31</Priorperiodkey>
      <Perioddesc>Sep-20</Perioddesc>
      <Periodtargetm>Sep</Periodtargetm>
      <Periodtargetq null="true"/>
      <Periodtargety null="true"/>
      <Periodtargetd null="true"/>
      <Yeartarget>FY20</Yeartarget>
   </PeriodForLcmVORow>
   <PeriodForLcmVORow>
      <Periodkey>2020-10-31</Periodkey>
      <Priorperiodkey>2020-09-30</Priorperiodkey>
      <Perioddesc>Oct-20</Perioddesc>
      <Periodtargetm>Oct</Periodtargetm>
      <Periodtargetq null="true"/>
      <Periodtargety null="true"/>
      <Periodtargetd null="true"/>
      <Yeartarget>FY20</Yeartarget>
   </PeriodForLcmVORow>
   <PeriodForLcmVORow>
      <Periodkey>2020-11-30</Periodkey>
      <Priorperiodkey>2020-10-31</Priorperiodkey>
      <Perioddesc>Nov-20</Perioddesc>
      <Periodtargetm>Nov</Periodtargetm>
      <Periodtargetq null="true"/>
      <Periodtargety null="true"/>
      <Periodtargetd null="true"/>
      <Yeartarget>FY20</Yeartarget>
   </PeriodForLcmVORow>
   <PeriodForLcmVORow>
      <Periodkey>2020-12-31</Periodkey>
      <Priorperiodkey>2020-11-30</Priorperiodkey>
      <Perioddesc>Dec-20</Perioddesc>
      <Periodtargetm>Dec</Periodtargetm>
      <Periodtargetq null="true"/>
      <Periodtargety null="true"/>
      <Periodtargetd null="true"/>
      <Yeartarget>FY20</Yeartarget>
   </PeriodForLcmVORow>
</PeriodForLcmVO>