<?xml version="1.0" encoding="UTF-8" ?>
 <form xmlns:xsi="http://www.w3.org/2001/XMLSchema-instance" name="Plan Targets" dir="Forms/Plan" globalScope="1" hide="false" runSmartPushAsynchronously="false" dashboard="false" runCalcOnSaveOnDirtyFormsOnly="false" composite="true" >
 <pane formsPerRow="0" style="0" name="" width="0" formsPerCol="0" columns="0" splitOrientation="H" layout="0" heightUnits="0" widthUnits="0" paneID="0" parentID="-1" height="0" colorCode="" />
 <pane formsPerRow="0" style="2" name="Targets to be Allocated" width="0" formsPerCol="1" columns="0" splitOrientation="" layout="0" heightUnits="0" widthUnits="0" paneID="1" parentID="0" height="0" colorCode="000000" >
 <blocks>
 <block name="Plan Targets to be Allocated" resourceType="2" displayType="1" position="0" formType="0" legendLocation="0" chartType="0" resourceLabel="" smartPushOpts="0" paneID="1" labelLocation="0" />
</blocks>
 <sharedDimensions>
 <sharedDimension position="1" dimensionLabel="" paneID="1" shareLevel="2" dimension="Scenario" />
 <sharedDimension position="1" dimensionLabel="" paneID="1" shareLevel="0" dimension="Entity" />
 <sharedDimension position="2" dimensionLabel="" paneID="1" shareLevel="0" dimension="Version" />
 <sharedDimension position="1" dimensionLabel="" paneID="1" shareLevel="2" dimension="Year" />
 <sharedDimension position="1" dimensionLabel="" paneID="1" shareLevel="2" dimension="HSP_View" />
 <sharedDimension position="1" dimensionLabel="" paneID="1" shareLevel="2" dimension="Product" />
</sharedDimensions>
</pane>
 <pane formsPerRow="0" style="2" name="Allocated Targets" width="0" formsPerCol="1" columns="0" splitOrientation="" layout="0" heightUnits="0" widthUnits="0" paneID="2" parentID="0" height="0" colorCode="000000" >
 <blocks>
 <block name="Allocated Plan Targets" resourceType="2" displayType="1" position="0" formType="0" legendLocation="0" chartType="0" resourceLabel="" smartPushOpts="0" paneID="2" labelLocation="0" />
</blocks>
 <sharedDimensions>
 <sharedDimension position="1" dimensionLabel="" paneID="2" shareLevel="2" dimension="Scenario" />
 <sharedDimension position="1" dimensionLabel="" paneID="2" shareLevel="0" dimension="Version" />
 <sharedDimension position="1" dimensionLabel="" paneID="2" shareLevel="2" dimension="Year" />
 <sharedDimension position="1" dimensionLabel="" paneID="2" shareLevel="2" dimension="HSP_View" />
 <sharedDimension position="1" dimensionLabel="" paneID="2" shareLevel="2" dimension="Product" />
</sharedDimensions>
</pane>
 <businessRules>
 <businessRule calcType="3" name="COMPONENT_0" planType="1" />
</businessRules>
</form>
